"call_number","unit_id","incident_number","call_type","call_date","watch_date","received_dttm","entry_dttm","dispatch_dttm","response_dttm","on_scene_dttm","transport_dttm","hospital_dttm","call_final_disposition","available_dttm","address","city","zipcode_of_incident","battalion","station_area","box","original_priority","priority","final_priority","als_unit","call_type_group","number_of_alarms","unit_type","unit_sequence_in_call_dispatch","fire_prevention_district","supervisor_district","neighborhoods_analysis_boundaries","rowid","case_location","data_as_of","data_loaded_at",":@computed_region_ajp5_b2md"
"160943727","53","16037460","Medical Incident","2016-04-03T00:00:00.000","2016-04-03T00:00:00.000","2016-04-03T23:15:12.000","2016-04-03T23:18:05.000","2016-04-03T23:18:33.000","2016-04-03T23:18:45.000","2016-04-03T23:35:10.000","2016-04-03T23:46:08.000","2016-04-04T00:11:46.000","Code 2 Transport","2016-04-04T00:47:29.000","POLK ST/CEDAR ST","San Francisco","94109","B04","03","3121","2","2","2","true","Non Life-threatening","1","MEDIC","2","4","6","Tenderloin","160943727-53","POINT (-122.41983 37.786358)","2024-02-05T03:27:52.000","2024-02-05T10:56:25.000","36"
"161021964","AM14","16040565","Medical Incident","2016-04-11T00:00:00.000","2016-04-11T00:00:00.000","2016-04-11T13:14:47.000","2016-04-11T13:19:53.000","2016-04-11T13:20:42.000","2016-04-11T13:21:06.000","2016-04-11T13:27:48.000","2016-04-11T14:14:47.000","2016-04-11T14:33:36.000","Code 2 Transport","2016-04-11T15:06:20.000","VALENCIA ST/15TH ST","San Francisco","94103","B02","06","5226","2","2","2","false","Potentially Life-Threatening","1","PRIVATE","1","2","9","Mission","161021964-AM14","POINT (-122.42204 37.76654)","2024-02-05T03:27:52.000","2024-02-05T10:56:25.000","20"
"160930738","85","16036742","Structure Fire / Smoke in Building","2016-04-02T00:00:00.000","2016-04-01T00:00:00.000","2016-04-02T07:48:03.000","2016-04-02T07:49:50.000","2016-04-02T07:50:12.000","2016-04-02T07:50:48.000",,,,"Fire","2016-04-02T07:55:35.000","TURK ST/DODGE ST","San Francisco","94102","B02","03","1554","3","3","3","true","Alarm","1","MEDIC","10","2","6","Tenderloin","160930738-85","POINT (-122.416985 37.78242)","2024-02-05T03:27:52.000","2024-02-05T10:56:25.000","36"
"160931745","E03","16036856","Medical Incident","2016-04-02T00:00:00.000","2016-04-02T00:00:00.000","2016-04-02T13:08:02.000","2016-04-02T13:09:44.000","2016-04-02T13:10:16.000","2016-04-02T13:13:09.000","2016-04-02T13:15:07.000",,,"Against Medical Advice","2016-04-02T13:16:51.000","WILLOW ST/LARKIN ST","San Francisco","94109","B02","03","1643","3","3","3","true","Potentially Life-Threatening","1","ENGINE","2","2","6","Tenderloin","160931745-E03","POINT (-122.41762 37.78378)","2024-02-05T03:27:52.000","2024-02-05T10:56:25.000","36"
"160921757","E09","16036446","Medical Incident","2016-04-01T00:00:00.000","2016-04-01T00:00:00.000","2016-04-01T13:20:24.000","2016-04-01T13:21:15.000","2016-04-01T13:21:31.000","2016-04-01T13:23:44.000","2016-04-01T13:26:00.000",,,"Code 2 Transport","2016-04-01T13:47:39.000","LA SALLE AVE/NEWHALL ST","San Francisco","94124","B10","25","6467","3","3","3","true","Potentially Life-Threatening","1","ENGINE","1","10","10","Bayview Hunters Point","160921757-E09","POINT (-122.39052 37.73754)","2024-02-05T03:27:52.000","2024-02-05T10:56:25.000","1"
"160982960","E01","16039038","Traffic Collision","2016-04-07T00:00:00.000","2016-04-07T00:00:00.000","2016-04-07T17:35:19.000","2016-04-07T17:35:19.000","2016-04-07T17:36:19.000","2016-04-07T17:38:10.000",,,,"Code 2 Transport","2016-04-07T17:44:50.000","TAYLOR ST/OPAL PL","San Francisco","94102","B03","01","1454","3","3","3","true","Potentially Life-Threatening","1","ENGINE","3","3","6","Tenderloin","160982960-E01","POINT (-122.4107 37.782894)","2024-02-05T03:27:52.000","2024-02-05T10:56:25.000","36"
"160991136","T14","16039249","Outside Fire","2016-04-08T00:00:00.000","2016-04-08T00:00:00.000","2016-04-08T10:28:58.000","2016-04-08T10:29:28.000","2016-04-08T10:38:28.000","2016-04-08T10:38:28.000","2016-04-08T10:38:28.000",,,"Fire","2016-04-08T10:38:49.000","CALL BOX: ACADEMY OF SCIENCES","San Francisco","94118","B07","22","7744","3","3","3","false","Fire","1","TRUCK","2","7","7","Golden Gate Park","160991136-T14","POINT (-122.464357976 37.769734903)","2024-02-05T03:27:52.000","2024-02-05T10:56:25.000","12"
"161003584","70","16039985","Medical Incident","2016-04-09T00:00:00.000","2016-04-09T00:00:00.000","2016-04-09T23:07:48.000","2016-04-09T23:07:48.000","2016-04-09T23:08:49.000","2016-04-09T23:08:59.000","2016-04-09T23:20:30.000","2016-04-09T23:32:15.000","2016-04-10T00:27:05.000","Code 2 Transport","2016-04-10T00:48:56.000","REUEL CT/HUDSON AVE","San Francisco","94124","B10","25","6565","2","2","2","true","Non Life-threatening","1","MEDIC","1","10","10","Bayview Hunters Point","161003584-70","POINT (-122.38364 37.736603)","2024-02-05T03:27:52.000","2024-02-05T10:56:25.000","1"
"160990236","65","16039173","Medical Incident","2016-04-08T00:00:00.000","2016-04-07T00:00:00.000","2016-04-08T02:13:27.000","2016-04-08T02:21:26.000","2016-04-08T02:24:49.000","2016-04-08T02:24:54.000","2016-04-08T02:30:33.000","2016-04-08T02:36:18.000","2016-04-08T02:43:35.000","Code 2 Transport","2016-04-08T03:53:40.000","EDDY ST/MASON ST","San Francisco","94102","B03","01","1365","2","2","2","true","Potentially Life-Threatening","1","MEDIC","1","3","6","Tenderloin","160990236-65","POINT (-122.40931 37.784348)","2024-02-05T03:27:52.000","2024-02-05T10:56:25.000","36"
"161040898","RC2","16041202","Medical Incident","2016-04-13T00:00:00.000","2016-04-13T00:00:00.000","2016-04-13T08:52:01.000","2016-04-13T08:52:28.000","2016-04-13T08:53:03.000","2016-04-13T08:54:04.000","2016-04-13T09:09:02.000",,,"Code 2 Transport","2016-04-13T09:18:31.000","04TH ST/WELSH ST","San Francisco","94107","B03","08","2242","E","E","3","true","Potentially Life-Threatening","1","RESCUE CAPTAIN","2","3","6","South of Market","161040898-RC2","POINT (-122.39754 37.779133)","2024-02-05T03:27:52.000","2024-02-05T10:56:25.000","34"
"160950115","64","16037480","Medical Incident","2016-04-04T00:00:00.000","2016-04-03T00:00:00.000","2016-04-04T01:12:39.000","2016-04-04T01:13:11.000","2016-04-04T01:13:24.000","2016-04-04T01:13:39.000","2016-04-04T01:18:58.000","2016-04-04T01:48:27.000","2016-04-04T02:01:42.000","Code 2 Transport","2016-04-04T02:48:16.000","PLYMOUTH AVE/BROAD ST","San Francisco","94112","B09","33","8374","3","3","3","true","Potentially Life-Threatening","1","MEDIC","2","9","11","Oceanview/Merced/Ingleside","160950115-64","POINT (-122.456055 37.713192)","2024-02-05T03:27:52.000","2024-02-05T10:56:25.000","24"
"161013005","RS2","16040304","Structure Fire / Smoke in Building","2016-04-10T00:00:00.000","2016-04-10T00:00:00.000","2016-04-10T19:29:22.000","2016-04-10T19:30:15.000","2016-04-10T19:30:27.000","2016-04-10T19:31:16.000",,,,"Code 2 Transport","2016-04-10T19:36:18.000","45TH AVE/LINCOLN WAY","San Francisco","94122","B08","23","7654","3","3","3","false","Alarm","1","RESCUE SQUAD","10","8","1","Golden Gate Park","161013005-RS2","POINT (-122.50512 37.764214)","2024-02-05T03:27:52.000","2024-02-05T10:56:25.000","12"
"160960310","RC2","16037872","Medical Incident","2016-04-05T00:00:00.000","2016-04-04T00:00:00.000","2016-04-05T04:03:12.000","2016-04-05T04:04:35.000","2016-04-05T04:08:06.000","2016-04-05T04:09:57.000",,,,"Code 2 Transport","2016-04-05T04:12:29.000","TARAVAL ST/18TH AVE","San Francisco","94116","B08","40","7416","3","E","3","true","Potentially Life-Threatening","1","RESCUE CAPTAIN","4","8","7","West of Twin Peaks","160960310-RC2","POINT (-122.474625 37.743095)","2024-02-05T03:27:52.000","2024-02-05T10:56:25.000","41"
"161021580","E09","16040530","Other","2016-04-11T00:00:00.000","2016-04-11T00:00:00.000","2016-04-11T11:43:13.000","2016-04-11T11:43:13.000","2016-04-11T11:43:29.000","2016-04-11T11:43:29.000",,,,"Fire","2016-04-11T11:57:31.000","HOLLADAY AVE/PERALTA AVE","San Francisco","94110","B10","09","6375","3","3","3","true","Alarm","1","ENGINE","2","10","9","Bernal Heights","161021580-E09","POINT (-122.40494 37.748222)","2024-02-05T03:27:52.000","2024-02-05T10:56:25.000","2"
"160983171","83","16039061","Medical Incident","2016-04-07T00:00:00.000","2016-04-07T00:00:00.000","2016-04-07T18:29:45.000","2016-04-07T18:31:02.000","2016-04-07T18:31:22.000","2016-04-07T18:31:29.000","2016-04-07T18:37:29.000",,,"Patient Declined Transport","2016-04-07T19:24:27.000","ENTERPRISE ST/FOLSOM ST","San Francisco","94110","B02","07","5237","2","2","2","true","Non Life-threatening","1","MEDIC","1","2","9","Mission","160983171-83","POINT (-122.41525 37.764706)","2024-02-05T03:27:52.000","2024-02-05T10:56:25.000","20"
"160933464","T19","16037049","Structure Fire / Smoke in Building","2016-04-02T00:00:00.000","2016-04-02T00:00:00.000","2016-04-02T21:17:48.000","2016-04-02T21:18:25.000","2016-04-02T21:18:58.000","2016-04-02T21:19:58.000","2016-04-02T21:24:04.000",,,"Fire","2016-04-02T21:26:39.000","18TH AVE/VICENTE ST","San Francisco","94116","B08","40","7415","3","3","3","false","Alarm","1","TRUCK","2","8","7","West of Twin Peaks","160933464-T19","POINT (-122.474365 37.739372)","2024-02-05T03:27:52.000","2024-02-05T10:56:25.000","41"
"160941221","RS2","16037212","Medical Incident","2016-04-03T00:00:00.000","2016-04-03T00:00:00.000","2016-04-03T10:11:15.000","2016-04-03T10:11:15.000","2016-04-03T10:13:33.000","2016-04-03T10:13:33.000",,,,"No Merit","2016-04-03T10:18:14.000","VICENTE ST/GREAT HWY","San Francisco","94116","B08","23","7732","3","3","3","false","Non Life-threatening","1","RESCUE SQUAD","8","8","4","Sunset/Parkside","160941221-RS2","POINT (-122.50644 37.73796)","2024-02-05T03:27:52.000","2024-02-05T10:56:25.000","35"
"160983520","65","16039094","Medical Incident","2016-04-07T00:00:00.000","2016-04-07T00:00:00.000","2016-04-07T20:07:15.000","2016-04-07T20:09:30.000","2016-04-07T20:09:48.000","2016-04-07T20:10:00.000","2016-04-07T20:28:37.000","2016-04-07T20:35:17.000","2016-04-07T20:50:09.000","Code 2 Transport","2016-04-07T21:33:33.000","FOLSOM ST/20TH ST","San Francisco","94110","B06","07","5447","2","2","2","true","Non Life-threatening","1","MEDIC","1","6","9","Mission","160983520-65","POINT (-122.41469 37.758896)","2024-02-05T03:27:52.000","2024-02-05T10:56:25.000","20"
"160990395","E09","16039188","Medical Incident","2016-04-08T00:00:00.000","2016-04-07T00:00:00.000","2016-04-08T04:57:57.000","2016-04-08T04:57:57.000","2016-04-08T04:59:42.000","2016-04-08T05:02:02.000","2016-04-08T05:03:56.000",,,"Code 2 Transport","2016-04-08T05:13:17.000","HOLLADAY AVE/PERALTA AVE","San Francisco","94110","B10","09","6375","2","2","2","true","Non Life-threatening","1","ENGINE","1","10","9","Bernal Heights","160990395-E09","POINT (-122.40494 37.748222)","2024-02-05T03:27:52.000","2024-02-05T10:56:25.000","2"
"160932291","77","16036923","Medical Incident","2016-04-02T00:00:00.000","2016-04-02T00:00:00.000","2016-04-02T15:43:42.000","2016-04-02T15:45:58.000","2016-04-02T15:46:11.000","2016-04-02T15:47:05.000","2016-04-02T15:56:51.000","2016-04-02T16:12:45.000","2016-04-02T16:41:31.000","Code 2 Transport","2016-04-02T17:34:28.000","GEARY BLVD/33RD AVE","San Francisco","94121","B07","14","7245","2","3","3","true","Potentially Life-Threatening","1","MEDIC","3","7","1","Outer Richmond","160932291-77","POINT (-122.49329 37.77969)","2024-02-05T03:27:52.000","2024-02-05T10:56:25.000","29"
"161041270","KM09","16041228","Medical Incident","2016-04-13T00:00:00.000","2016-04-13T00:00:00.000","2016-04-13T10:24:45.000","2016-04-13T10:26:39.000","2016-04-13T10:26:57.000","2016-04-13T10:27:43.000",,,,"Fire","2016-04-13T10:35:47.000","ELLIS ST/LEAVENWORTH ST","San Francisco","94109","B03","03","1461","2","2","2","false","Non Life-threatening","1","PRIVATE","2","2","6","Tenderloin","161041270-KM09","POINT (-122.41443 37.784657)","2024-02-05T03:27:52.000","2024-02-05T10:56:25.000","36"
"160953483","E05","16037776","Traffic Collision","2016-04-04T00:00:00.000","2016-04-04T00:00:00.000","2016-04-04T19:50:08.000","2016-04-04T19:51:48.000","2016-04-04T19:54:40.000","2016-04-04T19:54:40.000","2016-04-04T19:55:16.000",,,"Code 2 Transport","2016-04-04T20:05:21.000","PINE ST/FILLMORE ST","San Francisco","94115","B04","38","3543","3","3","3","true","Potentially Life-Threatening","1","ENGINE","2","4","2","Pacific Heights","160953483-E05","POINT (-122.43365 37.78795)","2024-02-05T03:27:52.000","2024-02-05T10:56:25.000","30"
"161003248","E38","16039949","Medical Incident","2016-04-09T00:00:00.000","2016-04-09T00:00:00.000","2016-04-09T21:40:08.000","2016-04-09T21:43:05.000","2016-04-09T21:43:41.000","2016-04-09T21:44:56.000","2016-04-09T21:46:10.000",,,"Code 2 Transport","2016-04-09T22:00:21.000","SUTTER ST/OCTAVIA ST","San Francisco","94109","B04","38","3324","3","3","3","false","Potentially Life-Threatening","1","ENGINE","1","4","5","Japantown","161003248-E38","POINT (-122.42667 37.786926)","2024-02-05T03:27:52.000","2024-02-05T10:56:25.000","30"
"161041409","E36","16041241","Other","2016-04-13T00:00:00.000","2016-04-13T00:00:00.000","2016-04-13T11:02:14.000","2016-04-13T11:02:14.000","2016-04-13T11:03:31.000","2016-04-13T11:03:41.000","2016-04-13T11:06:33.000",,,"Fire","2016-04-13T11:20:04.000","ANGELOS ALY/JULIA ST/MISSION ST","San Francisco","94103","B02","01","2315","3","3","3","true","Alarm","1","ENGINE","1","2","6","South of Market","161041409-E36","POINT (-122.412415 37.778046)","2024-02-05T03:27:52.000","2024-02-05T10:56:25.000","34"
"161030644","T18","16040814","Other","2016-04-12T00:00:00.000","2016-04-11T00:00:00.000","2016-04-12T07:44:33.000","2016-04-12T07:45:23.000","2016-04-12T07:45:57.000","2016-04-12T07:48:30.000","2016-04-12T07:51:35.000",,,"Fire","2016-04-12T08:00:54.000","KIRKHAM ST/40TH AVE","San Francisco","94122","B08","23","7625","3","3","3","false","Alarm","1","TRUCK","1","8","4","Sunset/Parkside","161030644-T18","POINT (-122.49937 37.758842)","2024-02-05T03:27:52.000","2024-02-05T10:56:25.000","35"
"160952484","66","16037683","Medical Incident","2016-04-04T00:00:00.000","2016-04-04T00:00:00.000","2016-04-04T15:32:37.000","2016-04-04T15:33:35.000","2016-04-04T15:35:11.000","2016-04-04T15:35:43.000","2016-04-04T15:40:19.000","2016-04-04T15:57:38.000","2016-04-04T16:14:35.000","Code 2 Transport","2016-04-04T16:59:37.000","MARIPOSA ST/BRYANT ST","San Francisco","94110","B02","07","5426","3","3","3","true","Potentially Life-Threatening","1","MEDIC","1","2","9","Mission","160952484-66","POINT (-122.41025 37.76303)","2024-02-05T03:27:52.000","2024-02-05T10:56:25.000","20"
"160992550","T13","16039387","Structure Fire / Smoke in Building","2016-04-08T00:00:00.000","2016-04-08T00:00:00.000","2016-04-08T16:31:50.000","2016-04-08T16:31:50.000","2016-04-08T16:32:25.000","2016-04-08T16:33:26.000","2016-04-08T16:36:48.000",,,"Fire","2016-04-08T16:37:29.000","STEUART ST/MISSION ST","San Francisco","94105","B03","35","2131","3","3","3","false","Alarm","1","TRUCK","1","3","3","Financial District/South Beach","160992550-T13","POINT (-122.39318 37.793232)","2024-02-05T03:27:52.000","2024-02-05T10:56:25.000","8"
"160970630","62","16038296","Medical Incident","2016-04-06T00:00:00.000","2016-04-05T00:00:00.000","2016-04-06T07:24:52.000","2016-04-06T07:27:01.000","2016-04-06T07:29:02.000","2016-04-06T07:32:29.000","2016-04-06T07:39:02.000",,,"No Merit","2016-04-06T07:42:18.000","YORK ST/HOLLADAY AVE","San Francisco","94110","B06","09","5671","2","2","2","true","Potentially Life-Threatening","1","MEDIC","1","10","9","Bernal Heights","160970630-62","POINT (-122.40521 37.746475)","2024-02-05T03:27:52.000","2024-02-05T10:56:25.000","2"
"160972154","E18","16038439","Traffic Collision","2016-04-06T00:00:00.000","2016-04-06T00:00:00.000","2016-04-06T13:35:25.000","2016-04-06T13:35:25.000","2016-04-06T13:35:49.000","2016-04-06T13:37:09.000","2016-04-06T13:41:17.000",,,"Code 2 Transport","2016-04-06T14:11:22.000","46TH AVE/TARAVAL ST","San Francisco","94116","B08","23","7713","3","3","3","true","Potentially Life-Threatening","1","ENGINE","2","8","4","Sunset/Parkside","160972154-E18","POINT (-122.50462 37.741764)","2024-02-05T03:27:52.000","2024-02-05T10:56:25.000","35"
"160940764","E23","16037181","Citizen Assist / Service Call","2016-04-03T00:00:00.000","2016-04-02T00:00:00.000","2016-04-03T06:52:20.000","2016-04-03T06:53:47.000","2016-04-03T06:54:02.000","2016-04-03T06:57:33.000","2016-04-03T07:00:08.000",,,"Fire","2016-04-03T07:36:40.000","48TH AVE/NORIEGA ST","San Francisco","94122","B08","23","7725","3","3","3","true","Alarm","1","ENGINE","1","8","4","Sunset/Parkside","160940764-E23","POINT (-122.507545 37.75287)","2024-02-05T03:27:52.000","2024-02-05T10:56:25.000","35"
"161022019","T08","16040571","Medical Incident","2016-04-11T00:00:00.000","2016-04-11T00:00:00.000","2016-04-11T13:29:42.000","2016-04-11T13:31:48.000","2016-04-11T13:32:28.000","2016-04-11T13:34:11.000","2016-04-11T13:38:06.000",,,"Code 2 Transport","2016-04-11T13:41:45.000","GILBERT ST/BRYANT ST","San Francisco","94103","B03","08","0231","3","3","3","false","Potentially Life-Threatening","1","TRUCK","1","3","6","South of Market","161022019-T08","POINT (-122.40421 37.774704)","2024-02-05T03:27:52.000","2024-02-05T10:56:25.000","34"
"160940444","KM07","16037140","Medical Incident","2016-04-03T00:00:00.000","2016-04-02T00:00:00.000","2016-04-03T02:42:00.000","2016-04-03T02:42:29.000","2016-04-03T02:42:40.000","2016-04-03T02:43:08.000","2016-04-03T02:51:29.000",,,"Patient Declined Transport","2016-04-03T03:26:10.000","MCALLISTER ST/LEAVENWORTH ST","San Francisco","94102","B02","03","1553","2","2","2","false","Non Life-threatening","1","PRIVATE","1","2","6","Tenderloin","160940444-KM07","POINT (-122.41367 37.780926)","2024-02-05T03:27:52.000","2024-02-05T10:56:25.000","36"
"160972214","E04","16038447","Electrical Hazard","2016-04-06T00:00:00.000","2016-04-06T00:00:00.000","2016-04-06T13:47:37.000","2016-04-06T13:48:48.000","2016-04-06T13:49:30.000","2016-04-06T13:50:36.000","2016-04-06T13:52:21.000",,,"Fire","2016-04-06T13:55:05.000","03RD ST/WARRIORS WAY","San Francisco","94158","B03","04","2364","3","3","3","false","Alarm","1","ENGINE","1","3","6","Mission Bay","160972214-E04","POINT (-122.389305 37.76882)","2024-02-05T03:27:52.000","2024-02-05T10:56:25.000","4"
"160951577","50","16037608","Structure Fire / Smoke in Building","2016-04-04T00:00:00.000","2016-04-04T00:00:00.000","2016-04-04T11:54:28.000","2016-04-04T12:02:17.000","2016-04-04T12:03:07.000","2016-04-04T12:03:27.000",,,,"Fire","2016-04-04T12:08:01.000","OAK ST/DIVISADERO ST","San Francisco","94117","B05","21","4145","3","3","3","true","Alarm","1","MEDIC","7","5","5","Hayes Valley","160951577-50","POINT (-122.43742 37.773132)","2024-02-05T03:27:52.000","2024-02-05T10:56:25.000","3"
"161024079","62","16040736","Medical Incident","2016-04-11T00:00:00.000","2016-04-11T00:00:00.000","2016-04-11T22:56:37.000","2016-04-11T23:00:28.000","2016-04-11T23:02:30.000","2016-04-11T23:02:30.000",,,,"Unable to Locate","2016-04-11T23:06:21.000","MASON ST/DERBY ST","San Francisco","94102","B01","03","1411","E","E","3","true","Potentially Life-Threatening","1","MEDIC","6","1","3","Tenderloin","161024079-62","POINT (-122.40993 37.78743)","2024-02-05T03:27:52.000","2024-02-05T10:56:25.000","36"
"161032244","71","16040947","Traffic Collision","2016-04-12T00:00:00.000","2016-04-12T00:00:00.000","2016-04-12T14:34:43.000","2016-04-12T14:34:43.000","2016-04-12T14:35:16.000","2016-04-12T14:37:19.000","2016-04-12T14:41:05.000","2016-04-12T14:54:49.000","2016-04-12T15:43:48.000","Code 2 Transport","2016-04-12T16:09:26.000","PLYMOUTH AVE/MANGELS AVE","San Francisco","94127","B09","15","8522","3","3","3","true","Potentially Life-Threatening","1","MEDIC","3","9","7","West of Twin Peaks","161032244-71","POINT (-122.45769 37.732178)","2024-02-05T03:27:52.000","2024-02-05T10:56:25.000","41"
"160931324","88","16036816","Traffic Collision","2016-04-02T00:00:00.000","2016-04-02T00:00:00.000","2016-04-02T11:04:48.000","2016-04-02T11:07:42.000","2016-04-02T11:25:24.000","2016-04-02T11:25:38.000",,,,"Code 2 Transport","2016-04-02T11:26:47.000","FULTON ST/08TH AVE","San Francisco","94122","B07","31","7133","2","2","2","true","Non Life-threatening","1","MEDIC","5","7","1","Inner Richmond","160931324-88","POINT (-122.46588 37.7734)","2024-02-05T03:27:52.000","2024-02-05T10:56:25.000","11"
"161003579","89","16039984","Medical Incident","2016-04-09T00:00:00.000","2016-04-09T00:00:00.000","2016-04-09T23:00:32.000","2016-04-09T23:05:17.000","2016-04-09T23:07:09.000","2016-04-09T23:07:32.000","2016-04-09T23:19:38.000","2016-04-10T00:02:34.000","2016-04-10T00:01:38.000","Code 2 Transport","2016-04-10T00:47:55.000","MCKINNON AVE/LANE ST","San Francisco","94124","B10","17","6518","2","2","2","true","Non Life-threatening","1","MEDIC","2","10","10","Bayview Hunters Point","161003579-89","POINT (-122.38738 37.734825)","2024-02-05T03:27:52.000","2024-02-05T10:56:25.000","1"
"161023883","B08","16040719","Alarms","2016-04-11T00:00:00.000","2016-04-11T00:00:00.000","2016-04-11T21:56:15.000","2016-04-11T21:57:21.000","2016-04-11T21:57:27.000","2016-04-11T21:58:15.000","2016-04-11T22:03:40.000",,,"Fire","2016-04-11T22:18:02.000","OMAR WAY/MYRA WAY","San Francisco","94127","B09","39","8663","3","3","3","false","Alarm","1","CHIEF","2","9","7","West of Twin Peaks","161023883-B08","POINT (-122.450424 37.739338)","2024-02-05T03:27:52.000","2024-02-05T10:56:25.000","41"
"160973587","AM20","16038607","Medical Incident","2016-04-06T00:00:00.000","2016-04-06T00:00:00.000","2016-04-06T18:32:47.000","2016-04-06T18:34:26.000","2016-04-06T19:05:33.000","2016-04-06T19:07:05.000","2016-04-06T19:12:12.000","2016-04-06T19:22:50.000","2016-04-06T19:37:46.000","Code 2 Transport","2016-04-06T20:12:52.000","WEBSTER ST/GOLDEN GATE AVE","San Francisco","94115","B05","05","3516","2","3","3","false","Non Life-threatening","1","PRIVATE","2","5","5","Western Addition","160973587-AM20","POINT (-122.43024 37.77978)","2024-02-05T03:27:52.000","2024-02-05T10:56:25.000","39"
"161011405","AM08","16040170","Medical Incident","2016-04-10T00:00:00.000","2016-04-10T00:00:00.000","2016-04-10T11:35:31.000","2016-04-10T11:37:06.000","2016-04-10T11:38:22.000","2016-04-10T11:40:38.000","2016-04-10T11:55:23.000","2016-04-10T12:14:04.000","2016-04-10T12:23:26.000","Code 2 Transport","2016-04-10T12:53:19.000","ELLIS ST/TAYLOR ST","San Francisco","94102","B03","03","1461","2","2","2","false","Non Life-threatening","1","PRIVATE","1","3","6","Tenderloin","161011405-AM08","POINT (-122.41114 37.785076)","2024-02-05T03:27:52.000","2024-02-05T10:56:25.000","36"
"160973260","E43","16038559","Medical Incident","2016-04-06T00:00:00.000","2016-04-06T00:00:00.000","2016-04-06T17:23:50.000","2016-04-06T17:24:09.000","2016-04-06T17:24:22.000","2016-04-06T17:25:52.000","2016-04-06T17:30:27.000",,,"Code 2 Transport","2016-04-06T17:33:43.000","MADISON ST/PIOCHE ST","San Francisco","94112","B09","43","6146","3","3","3","true","Potentially Life-Threatening","1","ENGINE","1","9","9","Excelsior","160973260-E43","POINT (-122.423355 37.727833)","2024-02-05T03:27:52.000","2024-02-05T10:56:25.000","7"
"160970954","AM08","16038335","Medical Incident","2016-04-06T00:00:00.000","2016-04-06T00:00:00.000","2016-04-06T09:07:54.000","2016-04-06T09:09:41.000","2016-04-06T09:12:05.000","2016-04-06T09:15:57.000","2016-04-06T09:22:27.000","2016-04-06T09:55:15.000","2016-04-06T10:13:41.000","Code 3 Transport","2016-04-06T11:06:52.000","15TH ST/PARK HILL AVE/ROOSEVELT WAY","San Francisco","94117","B05","21","5136","2","2","2","false","Potentially Life-Threatening","1","PRIVATE","3","5","8","Castro/Upper Market","160970954-AM08","POINT (-122.4395 37.766575)","2024-02-05T03:27:52.000","2024-02-05T10:56:25.000","5"
"160942435","KM05","16037324","Medical Incident","2016-04-03T00:00:00.000","2016-04-03T00:00:00.000","2016-04-03T16:03:53.000","2016-04-03T16:05:00.000","2016-04-03T16:05:48.000","2016-04-03T16:06:31.000","2016-04-03T16:10:36.000","2016-04-03T16:28:35.000","2016-04-03T16:43:05.000","Code 2 Transport","2016-04-03T17:12:03.000","HILL ST/CHURCH ST","San Francisco","94114","B06","11","5467","3","3","3","false","Potentially Life-Threatening","1","PRIVATE","2","6","8","Noe Valley","160942435-KM05","POINT (-122.42781 37.75569)","2024-02-05T03:27:52.000","2024-02-05T10:56:25.000","22"
"160933627","72","16037059","Medical Incident","2016-04-02T00:00:00.000","2016-04-02T00:00:00.000","2016-04-02T22:02:35.000","2016-04-02T22:03:49.000","2016-04-02T22:03:58.000","2016-04-02T22:04:06.000","2016-04-02T22:11:53.000","2016-04-02T22:51:21.000","2016-04-02T23:10:00.000","Code 2 Transport","2016-04-02T23:58:56.000","TAPIA DR/SERRANO DR","San Francisco","94132","B08","19","8581","3","3","3","true","Potentially Life-Threatening","1","MEDIC","2","8","7","Lakeshore","160933627-72","POINT (-122.48142 37.719055)","2024-02-05T03:27:52.000","2024-02-05T10:56:25.000","16"
"160941480","E31","16037239","Medical Incident","2016-04-03T00:00:00.000","2016-04-03T00:00:00.000","2016-04-03T11:18:46.000","2016-04-03T11:18:46.000","2016-04-03T11:19:52.000","2016-04-03T11:21:04.000","2016-04-03T11:22:41.000",,,"Code 2 Transport","2016-04-03T11:38:57.000","FULTON ST/06TH AVE","San Francisco","94122","B07","31","7122","3","3","3","false","Potentially Life-Threatening","1","ENGINE","1","7","1","Inner Richmond","160941480-E31","POINT (-122.46375 37.773624)","2024-02-05T03:27:52.000","2024-02-05T10:56:25.000","11"
"160943390","T03","16037426","Medical Incident","2016-04-03T00:00:00.000","2016-04-03T00:00:00.000","2016-04-03T21:14:11.000","2016-04-03T21:16:26.000","2016-04-03T21:16:46.000",,,,,"Code 2 Transport","2016-04-03T21:17:43.000","POLK ST/CEDAR ST","San Francisco","94109","B04","03","1641","3","3","3","false","Potentially Life-Threatening","1","TRUCK","4","4","6","Tenderloin","160943390-T03","POINT (-122.41983 37.786358)","2024-02-05T03:27:52.000","2024-02-05T10:56:25.000","36"
"161001472","E12","16039743","Alarms","2016-04-09T00:00:00.000","2016-04-09T00:00:00.000","2016-04-09T12:12:11.000","2016-04-09T12:13:05.000","2016-04-09T12:13:31.000","2016-04-09T12:14:24.000","2016-04-09T12:15:42.000",,,"Fire","2016-04-09T12:36:44.000","STANYAN ST/FREDERICK ST","San Francisco","94117","B05","12","4551","3","3","3","true","Alarm","1","ENGINE","1","5","5","Haight Ashbury","161001472-E12","POINT (-122.45295 37.766373)","2024-02-05T03:27:52.000","2024-02-05T10:56:25.000","14"
"160983285","T10","16039075","Medical Incident","2016-04-07T00:00:00.000","2016-04-07T00:00:00.000","2016-04-07T18:57:06.000","2016-04-07T18:58:17.000","2016-04-07T18:58:40.000",,,,,"Code 2 Transport","2016-04-07T19:00:30.000","GEARY BLVD/DIVISADERO ST","San Francisco","94115","B05","10","4154","3","3","3","false","Potentially Life-Threatening","1","TRUCK","3","5","5","Japantown","160983285-T10","POINT (-122.43948 37.78331)","2024-02-05T03:27:52.000","2024-02-05T10:56:25.000","15"
"161031132","87","16040853","Medical Incident","2016-04-12T00:00:00.000","2016-04-12T00:00:00.000","2016-04-12T09:59:11.000","2016-04-12T10:00:35.000","2016-04-12T10:01:01.000","2016-04-12T10:01:10.000","2016-04-12T10:08:03.000","2016-04-12T10:14:14.000","2016-04-12T10:36:04.000","Code 2 Transport","2016-04-12T11:02:13.000","TURK ST/PIERCE ST","San Francisco","94115","B05","05","3643","3","3","3","true","Potentially Life-Threatening","1","MEDIC","2","5","5","Western Addition","161031132-87","POINT (-122.435425 37.78008)","2024-02-05T03:27:52.000","2024-02-05T10:56:25.000","39"
"160970934","E10","16038330","Alarms","2016-04-06T00:00:00.000","2016-04-06T00:00:00.000","2016-04-06T09:03:40.000","2016-04-06T09:04:53.000","2016-04-06T09:05:04.000","2016-04-06T09:05:44.000",,,,"Cancelled","2016-04-06T09:16:58.000","EDDY ST/SCOTT ST","San Francisco","94115","B05","05","4133","3","3","3","true","Alarm","1","ENGINE","3","5","5","Western Addition","160970934-E10","POINT (-122.43726 37.7808)","2024-02-05T03:27:52.000","2024-02-05T10:56:25.000","39"
"160940004","E06","16037091","Medical Incident","2016-04-02T00:00:00.000","2016-04-02T00:00:00.000","2016-04-02T23:59:32.000","2016-04-03T00:01:29.000","2016-04-03T00:02:22.000","2016-04-03T00:03:36.000",,,,"Code 2 Transport","2016-04-03T00:04:45.000","STATES ST/CASTRO ST","San Francisco","94114","B05","06","5253","3","3","3","true","Potentially Life-Threatening","1","ENGINE","2","5","8","Castro/Upper Market","160940004-E06","POINT (-122.43526 37.763462)","2024-02-05T03:27:52.000","2024-02-05T10:56:25.000","5"
"161010064","AM24","16040004","Medical Incident","2016-04-10T00:00:00.000","2016-04-09T00:00:00.000","2016-04-10T00:18:37.000","2016-04-10T00:20:05.000","2016-04-10T00:20:21.000","2016-04-10T00:20:53.000",,,,"Code 2 Transport","2016-04-10T00:21:44.000","EDDY ST/GOUGH ST","San Francisco","94109","B02","05","3262","E","E","3","false","Potentially Life-Threatening","1","PRIVATE","4","2","5","Western Addition","161010064-AM24","POINT (-122.42411 37.78248)","2024-02-05T03:27:52.000","2024-02-05T10:56:25.000","39"
"160982843","T03","16039028","Medical Incident","2016-04-07T00:00:00.000","2016-04-07T00:00:00.000","2016-04-07T16:59:23.000","2016-04-07T16:59:23.000","2016-04-07T17:00:01.000","2016-04-07T17:01:37.000","2016-04-07T17:03:25.000",,,"Code 2 Transport","2016-04-07T17:14:56.000","ELLIS ST/LEAVENWORTH ST","San Francisco","94109","B03","03","1461","3","3","3","false","Potentially Life-Threatening","1","TRUCK","1","2","6","Tenderloin","160982843-T03","POINT (-122.41443 37.784657)","2024-02-05T03:27:52.000","2024-02-05T10:56:25.000","36"
"160993987","E01","16039524","Medical Incident","2016-04-08T00:00:00.000","2016-04-08T00:00:00.000","2016-04-08T23:11:03.000","2016-04-08T23:13:09.000","2016-04-08T23:14:09.000","2016-04-08T23:15:15.000",,,,"Code 2 Transport","2016-04-08T23:16:13.000","KING ST/BERRY ST","San Francisco","94107","B03","08","2262","3","3","3","true","Potentially Life-Threatening","1","ENGINE","4","3","6","Mission Bay","160993987-E01","POINT (-122.398506 37.771717)","2024-02-05T03:27:52.000","2024-02-05T10:56:25.000","4"
"160930648","82","16036735","Medical Incident","2016-04-02T00:00:00.000","2016-04-01T00:00:00.000","2016-04-02T06:57:07.000","2016-04-02T06:58:43.000","2016-04-02T06:59:39.000","2016-04-02T06:59:56.000","2016-04-02T07:06:16.000",,,"Cancelled","2016-04-02T07:07:22.000","03RD ST/MISSION BAY BLVD","San Francisco","94158","B03","04","2231","2","2","2","true","Non Life-threatening","1","MEDIC","2","3","6","Mission Bay","160930648-82","POINT (-122.38953 37.77111)","2024-02-05T03:27:52.000","2024-02-05T10:56:25.000","4"
"161013628","AM14","16040366","Medical Incident","2016-04-10T00:00:00.000","2016-04-10T00:00:00.000","2016-04-10T23:41:44.000","2016-04-10T23:42:37.000","2016-04-10T23:43:43.000",,,,,"Code 2 Transport","2016-04-10T23:44:22.000","24TH ST/POTRERO AVE","San Francisco","94110","B10","37","2552","3","3","3","false","Potentially Life-Threatening","1","PRIVATE","3","10","9","Mission","161013628-AM14","POINT (-122.406334 37.753002)","2024-02-05T03:27:52.000","2024-02-05T10:56:25.000","20"
"160970682","E07","16038301","Medical Incident","2016-04-06T00:00:00.000","2016-04-05T00:00:00.000","2016-04-06T07:43:32.000","2016-04-06T07:44:10.000","2016-04-06T07:45:05.000","2016-04-06T07:46:51.000","2016-04-06T07:57:02.000",,,"Code 2 Transport","2016-04-06T08:16:41.000","23RD ST/ALABAMA ST","San Francisco","94110","B06","07","5476","2","2","2","true","Potentially Life-Threatening","1","ENGINE","1","6","9","Mission","160970682-E07","POINT (-122.41112 37.754288)","2024-02-05T03:27:52.000","2024-02-05T10:56:25.000","20"
"160981613","E33","16038891","Medical Incident","2016-04-07T00:00:00.000","2016-04-07T00:00:00.000","2016-04-07T11:40:18.000","2016-04-07T11:42:48.000","2016-04-07T11:43:11.000","2016-04-07T11:44:30.000","2016-04-07T11:47:27.000",,,"Patient Declined Transport","2016-04-07T12:08:47.000","FONT BLVD/CHUMASERO DR","San Francisco","94132","B08","33","8422","2","2","2","false","Non Life-threatening","1","ENGINE","1","8","7","Lakeshore","160981613-E33","POINT (-122.47299 37.71501)","2024-02-05T03:27:52.000","2024-02-05T10:56:25.000","16"
"160994058","E44","16039536","Medical Incident","2016-04-08T00:00:00.000","2016-04-08T00:00:00.000","2016-04-08T23:33:07.000","2016-04-08T23:33:34.000","2016-04-08T23:33:51.000","2016-04-08T23:34:51.000","2016-04-08T23:40:44.000",,,"Code 2 Transport","2016-04-08T23:46:50.000","SUNRISE WAY/SAWYER ST","San Francisco","94134","B09","44","6251","3","3","3","false","Potentially Life-Threatening","1","ENGINE","1","9","10","Visitacion Valley","160994058-E44","POINT (-122.415955 37.709694)","2024-02-05T03:27:52.000","2024-02-05T10:56:25.000","40"
"161032584","AR1","16040970","Structure Fire / Smoke in Building","2016-04-12T00:00:00.000","2016-04-12T00:00:00.000","2016-04-12T15:54:57.000","2016-04-12T15:55:23.000","2016-04-12T16:30:18.000","2016-04-12T16:32:46.000","2016-04-12T16:39:07.000",,,"Fire","2016-04-12T18:42:50.000","06TH ST/TEHAMA ST","San Francisco","94103","B03","01","2252","3","3","3","false","Fire","1","INVESTIGATION","13","3","6","South of Market","161032584-AR1","POINT (-122.40663 37.779316)","2024-02-05T03:27:52.000","2024-02-05T10:56:25.000","34"
"160983824","53","16039122","Medical Incident","2016-04-07T00:00:00.000","2016-04-07T00:00:00.000","2016-04-07T21:55:08.000","2016-04-07T21:55:08.000","2016-04-07T21:55:25.000","2016-04-07T21:56:42.000","2016-04-07T22:06:10.000",,,"Medical Examiner","2016-04-07T22:12:54.000","BLANKEN AVE/EXECUTIVE PARK BLVD","San Francisco","94134","B10","44","6275","A","E","3","true","Potentially Life-Threatening","1","MEDIC","4","10","10","Bayview Hunters Point","160983824-53","POINT (-122.39482 37.711025)","2024-02-05T03:27:52.000","2024-02-05T10:56:25.000","1"
"161002070","54","16039812","Medical Incident","2016-04-09T00:00:00.000","2016-04-09T00:00:00.000","2016-04-09T15:35:09.000","2016-04-09T15:35:35.000","2016-04-09T15:35:59.000","2016-04-09T15:36:09.000","2016-04-09T15:42:05.000","2016-04-09T15:55:52.000","2016-04-09T16:08:34.000","Code 2 Transport","2016-04-09T16:46:49.000","MARKET ST/14TH ST","San Francisco","94114","B02","06","5127","3","3","3","true","Potentially Life-Threatening","1","MEDIC","2","2","8","Castro/Upper Market","161002070-54","POINT (-122.42866 37.767735)","2024-02-05T03:27:52.000","2024-02-05T10:56:25.000","5"
"160952437","E33","16037679","Medical Incident","2016-04-04T00:00:00.000","2016-04-04T00:00:00.000","2016-04-04T15:24:33.000","2016-04-04T15:25:31.000","2016-04-04T15:25:47.000","2016-04-04T15:27:02.000",,,,"Cancelled","2016-04-04T15:27:48.000","LOWELL ST/MISSION ST","San Francisco","94112","B09","33","6211","3","3","3","true","Potentially Life-Threatening","1","ENGINE","2","9","11","Outer Mission","160952437-E33","POINT (-122.44638 37.711437)","2024-02-05T03:27:52.000","2024-02-05T10:56:25.000","7"
"160971653","E36","16038390","Medical Incident","2016-04-06T00:00:00.000","2016-04-06T00:00:00.000","2016-04-06T11:42:36.000","2016-04-06T11:44:04.000","2016-04-06T11:44:13.000","2016-04-06T11:44:52.000","2016-04-06T11:49:19.000",,,"Code 2 Transport","2016-04-06T11:58:48.000","TAYLOR ST/06TH ST/GOLDEN GATE AVE/MARKET ST","San Francisco","94103","B03","01","1454","3","3","3","true","Potentially Life-Threatening","1","ENGINE","1","3","6","South of Market","160971653-E36","POINT (-122.41029 37.78223)","2024-02-05T03:27:52.000","2024-02-05T10:56:25.000","34"
"160992975","E07","16039418","Medical Incident","2016-04-08T00:00:00.000","2016-04-08T00:00:00.000","2016-04-08T18:15:55.000","2016-04-08T18:18:56.000","2016-04-08T18:19:24.000","2016-04-08T18:20:36.000","2016-04-08T18:27:15.000",,,"Code 2 Transport","2016-04-08T18:43:17.000","19TH ST/GUERRERO ST","San Francisco","94110","B06","07","5434","2","2","2","true","Non Life-threatening","1","ENGINE","1","6","8","Mission","160992975-E07","POINT (-122.423645 37.759968)","2024-02-05T03:27:52.000","2024-02-05T10:56:25.000","20"
"160932211","E08","16036916","Medical Incident","2016-04-02T00:00:00.000","2016-04-02T00:00:00.000","2016-04-02T15:22:14.000","2016-04-02T15:22:39.000","2016-04-02T15:24:38.000","2016-04-02T15:25:46.000","2016-04-02T15:29:00.000",,,"Code 3 Transport","2016-04-02T15:42:25.000","BONIFACIO ST/LAPU-LAPU ST","San Francisco","94107","B03","01","2176","3","3","3","true","Potentially Life-Threatening","1","ENGINE","1","3","6","South of Market","160932211-E08","POINT (-122.39935 37.782597)","2024-02-05T03:27:52.000","2024-02-05T10:56:25.000","34"
"160991789","RS1","16039309","Medical Incident","2016-04-08T00:00:00.000","2016-04-08T00:00:00.000","2016-04-08T13:32:54.000","2016-04-08T13:32:54.000","2016-04-08T13:33:03.000","2016-04-08T13:34:29.000","2016-04-08T13:41:52.000",,,"Code 2 Transport","2016-04-08T13:42:18.000","MISSION ST/LASKIE ST","San Francisco","94103","B02","36","2318","3","3","3","false","Potentially Life-Threatening","1","RESCUE SQUAD","2","2","6","South of Market","160991789-RS1","POINT (-122.41411 37.776707)","2024-02-05T03:27:52.000","2024-02-05T10:56:25.000","34"
"160940223","KM07","16037118","Medical Incident","2016-04-03T00:00:00.000","2016-04-02T00:00:00.000","2016-04-03T01:18:32.000","2016-04-03T01:18:32.000","2016-04-03T01:27:35.000","2016-04-03T01:28:03.000","2016-04-03T01:38:48.000",,,"Patient Declined Transport","2016-04-03T02:02:28.000","SYCAMORE ST/VALENCIA ST","San Francisco","94110","B02","07","5247","2","2","2","false","Non Life-threatening","1","PRIVATE","1","2","8","Mission","160940223-KM07","POINT (-122.42166 37.762577)","2024-02-05T03:27:52.000","2024-02-05T10:56:25.000","20"
"161003075","E16","16039931","Medical Incident","2016-04-09T00:00:00.000","2016-04-09T00:00:00.000","2016-04-09T20:44:27.000","2016-04-09T20:47:15.000","2016-04-09T20:50:35.000","2016-04-09T20:51:52.000","2016-04-09T20:56:24.000",,,"Code 2 Transport","2016-04-09T21:15:21.000","VALLEJO ST/PIERCE ST","San Francisco","94123","B04","16","3654","2","2","2","true","Non Life-threatening","1","ENGINE","1","4","2","Pacific Heights","161003075-E16","POINT (-122.4384 37.794807)","2024-02-05T03:27:52.000","2024-02-05T10:56:25.000","30"
"161020996","E35","16040473","Traffic Collision","2016-04-11T00:00:00.000","2016-04-11T00:00:00.000","2016-04-11T09:19:40.000","2016-04-11T09:20:53.000","2016-04-11T09:25:25.000","2016-04-11T09:27:03.000","2016-04-11T09:34:00.000",,,"Code 2 Transport","2016-04-11T09:39:09.000","GILBERT ST/BRYANT ST","San Francisco","94103","B03","08","2311","2","2","2","true","Non Life-threatening","1","ENGINE","1","3","6","South of Market","161020996-E35","POINT (-122.40421 37.774704)","2024-02-05T03:27:52.000","2024-02-05T10:56:25.000","34"
"160923362","79","16036595","Medical Incident","2016-04-01T00:00:00.000","2016-04-01T00:00:00.000","2016-04-01T20:18:24.000","2016-04-01T20:19:08.000","2016-04-01T20:19:29.000","2016-04-01T20:19:47.000","2016-04-01T20:23:37.000","2016-04-01T20:39:16.000","2016-04-01T20:48:34.000","Code 2 Transport","2016-04-01T21:19:53.000","MCALLISTER ST/CHARLES J BRENHAM PL","San Francisco","94102","B02","01","1551","3","3","3","true","Potentially Life-Threatening","1","MEDIC","1","2","6","Tenderloin","160923362-79","POINT (-122.41315 37.780994)","2024-02-05T03:27:52.000","2024-02-05T10:56:25.000","36"
"160981477","T14","16038878","Medical Incident","2016-04-07T00:00:00.000","2016-04-07T00:00:00.000","2016-04-07T11:08:21.000","2016-04-07T11:08:21.000","2016-04-07T11:10:35.000","2016-04-07T11:10:35.000","2016-04-07T11:11:45.000",,,"Other","2016-04-07T11:25:12.000","GEARY BLVD/19TH AVE","San Francisco","94121","B07","31","7164","3","3","3","false","Potentially Life-Threatening","1","TRUCK","1","7","1","Outer Richmond","160981477-T14","POINT (-122.4783 37.78038)","2024-02-05T03:27:52.000","2024-02-05T10:56:25.000","29"
"161031470","KM11","16040885","Medical Incident","2016-04-12T00:00:00.000","2016-04-12T00:00:00.000","2016-04-12T11:22:26.000","2016-04-12T11:23:57.000","2016-04-12T11:24:17.000","2016-04-12T11:25:13.000","2016-04-12T11:35:12.000","2016-04-12T11:53:14.000","2016-04-12T12:15:50.000","Code 2 Transport","2016-04-12T12:36:31.000","ESSEX ST/FOLSOM ST","San Francisco","94105","B03","35","2136","3","3","3","false","Potentially Life-Threatening","1","PRIVATE","3","3","6","Financial District/South Beach","161031470-KM11","POINT (-122.395645 37.78638)","2024-02-05T03:27:52.000","2024-02-05T10:56:25.000","8"
"161042277","E13","16041319","Structure Fire / Smoke in Building","2016-04-13T00:00:00.000","2016-04-13T00:00:00.000","2016-04-13T14:40:19.000","2016-04-13T14:40:19.000","2016-04-13T14:40:32.000","2016-04-13T14:41:29.000","2016-04-13T14:44:29.000",,,"Fire","2016-04-13T14:44:51.000","GRANT AVE/POST ST","San Francisco","94108","B01","01","1316","3","3","3","true","Alarm","1","ENGINE","1","1","3","Financial District/South Beach","161042277-E13","POINT (-122.40522 37.788692)","2024-02-05T03:27:52.000","2024-02-05T10:56:25.000","8"
"160953103","E38","16037741","Traffic Collision","2016-04-04T00:00:00.000","2016-04-04T00:00:00.000","2016-04-04T18:08:22.000","2016-04-04T18:08:22.000","2016-04-04T18:11:50.000","2016-04-04T18:12:42.000","2016-04-04T18:15:02.000",,,"No Merit","2016-04-04T18:17:43.000","GOUGH ST/JACKSON ST","San Francisco","94109","B04","38","3252","2","2","2","false","Non Life-threatening","1","ENGINE","2","4","2","Pacific Heights","160953103-E38","POINT (-122.42634 37.793518)","2024-02-05T03:27:52.000","2024-02-05T10:56:25.000","30"
"160933835","T02","16037073","Medical Incident","2016-04-02T00:00:00.000","2016-04-02T00:00:00.000","2016-04-02T22:59:54.000","2016-04-02T23:00:55.000","2016-04-02T23:01:08.000","2016-04-02T23:02:34.000",,,,"Code 2 Transport","2016-04-02T23:02:52.000","GREEN ST/EATON PL","San Francisco","94133","B01","02","1352","2","2","2","false","Potentially Life-Threatening","1","TRUCK","3","1","3","Chinatown","160933835-T02","POINT (-122.41194 37.799137)","2024-02-05T03:27:52.000","2024-02-05T10:56:25.000","6"
"160980266","AM20","16038750","Medical Incident","2016-04-07T00:00:00.000","2016-04-06T00:00:00.000","2016-04-07T02:18:27.000","2016-04-07T02:20:28.000","2016-04-07T02:20:57.000","2016-04-07T02:21:49.000","2016-04-07T02:25:17.000","2016-04-07T02:35:07.000","2016-04-07T02:51:50.000","Code 2 Transport","2016-04-07T03:29:12.000","GOLDEN GATE AVE/LEAVENWORTH ST","San Francisco","94102","B02","01","1546","2","2","2","false","Potentially Life-Threatening","1","PRIVATE","1","2","6","Tenderloin","160980266-AM20","POINT (-122.413864 37.781864)","2024-02-05T03:27:52.000","2024-02-05T10:56:25.000","36"
"160922143","57","16036479","Medical Incident","2016-04-01T00:00:00.000","2016-04-01T00:00:00.000","2016-04-01T15:03:45.000","2016-04-01T15:03:45.000","2016-04-01T15:05:51.000","2016-04-01T15:06:12.000","2016-04-01T15:11:18.000","2016-04-01T15:22:30.000","2016-04-01T15:54:28.000","Code 2 Transport","2016-04-01T16:42:18.000","ALAMEDA ST/BRYANT ST","San Francisco","94103","B02","29","2346","2","2","2","true","Non Life-threatening","1","MEDIC","1","2","10","Mission","160922143-57","POINT (-122.41073 37.768177)","2024-02-05T03:27:52.000","2024-02-05T10:56:25.000","20"
"161000817","E01","16039665","Structure Fire / Smoke in Building","2016-04-09T00:00:00.000","2016-04-09T00:00:00.000","2016-04-09T08:22:07.000","2016-04-09T08:22:34.000","2016-04-09T08:24:47.000","2016-04-09T08:24:47.000","2016-04-09T08:27:49.000",,,"Fire","2016-04-09T08:34:57.000","TAYLOR ST/EDDY ST","San Francisco","94102","B03","01","1453","3","3","3","true","Alarm","1","ENGINE","7","3","6","Tenderloin","161000817-E01","POINT (-122.41095 37.78414)","2024-02-05T03:27:52.000","2024-02-05T10:56:25.000","36"
"160993873","E02","16039511","Medical Incident","2016-04-08T00:00:00.000","2016-04-08T00:00:00.000","2016-04-08T22:37:21.000","2016-04-08T22:38:09.000","2016-04-08T22:39:45.000",,,,,"Code 2 Transport","2016-04-08T22:43:10.000","POST ST/LEAVENWORTH ST","San Francisco","94109","B04","03","1543","2","3","3","true","Potentially Life-Threatening","1","ENGINE","3","4","6","Tenderloin","160993873-E02","POINT (-122.41499 37.787453)","2024-02-05T03:27:52.000","2024-02-05T10:56:25.000","36"
"160953864","E04","16037805","Outside Fire","2016-04-04T00:00:00.000","2016-04-04T00:00:00.000","2016-04-04T21:55:10.000","2016-04-04T21:57:06.000","2016-04-04T21:57:18.000","2016-04-04T21:58:18.000","2016-04-04T22:01:16.000",,,"Fire","2016-04-04T22:17:34.000","MARIPOSA ST/PENNSYLVANIA AVE","San Francisco","94107","B03","04","2436","3","3","3","false","Fire","1","ENGINE","2","3","10","Potrero Hill","160953864-E04","POINT (-122.39373 37.764023)","2024-02-05T03:27:52.000","2024-02-05T10:56:25.000","26"
"160942150","T02","16037295","Citizen Assist / Service Call","2016-04-03T00:00:00.000","2016-04-03T00:00:00.000","2016-04-03T14:38:24.000","2016-04-03T14:38:24.000","2016-04-03T14:39:09.000","2016-04-03T14:40:57.000","2016-04-03T14:43:42.000",,,"Fire","2016-04-03T14:55:55.000","BAY ST/COLUMBUS AVE","San Francisco","94133","B01","28","1525","3","3","3","false","Alarm","1","TRUCK","1","1","2","Russian Hill","160942150-T02","POINT (-122.41723 37.80517)","2024-02-05T03:27:52.000","2024-02-05T10:56:25.000","32"
"160933033","E14","16036995","Medical Incident","2016-04-02T00:00:00.000","2016-04-02T00:00:00.000","2016-04-02T19:05:53.000","2016-04-02T19:07:06.000","2016-04-02T19:07:24.000","2016-04-02T19:08:46.000","2016-04-02T19:11:09.000",,,"Code 2 Transport","2016-04-02T19:24:04.000","FULTON ST/33RD AVE","San Francisco","94121","B07","14","7243","3","3","3","true","Potentially Life-Threatening","1","ENGINE","1","7","1","Golden Gate Park","160933033-E14","POINT (-122.49276 37.77218)","2024-02-05T03:27:52.000","2024-02-05T10:56:25.000","29"
"161042690","AM08","16041361","Medical Incident","2016-04-13T00:00:00.000","2016-04-13T00:00:00.000","2016-04-13T16:26:15.000","2016-04-13T16:27:51.000","2016-04-13T16:28:46.000","2016-04-13T16:29:48.000","2016-04-13T16:37:36.000","2016-04-13T16:56:00.000","2016-04-13T17:28:03.000","Code 2 Transport","2016-04-13T17:58:13.000","19TH AVE/PACHECO ST","San Francisco","94116","B08","40","7417","3","3","3","false","Potentially Life-Threatening","1","PRIVATE","2","8","4","Sunset/Parkside","161042690-AM08","POINT (-122.476166 37.75051)","2024-02-05T03:27:52.000","2024-02-05T10:56:25.000","35"
"161043241","52","16041410","Medical Incident","2016-04-13T00:00:00.000","2016-04-13T00:00:00.000","2016-04-13T18:32:20.000","2016-04-13T18:32:41.000","2016-04-13T18:33:13.000","2016-04-13T18:33:20.000","2016-04-13T18:37:39.000",,,"Medical Examiner","2016-04-13T20:06:51.000","23RD ST/EUREKA ST","San Francisco","94114","B06","24","5516","3","E","3","true","Potentially Life-Threatening","1","MEDIC","1","6","8","Noe Valley","161043241-52","POINT (-122.43749 37.752697)","2024-02-05T03:27:52.000","2024-02-05T10:56:25.000","22"
"160932895","AM10","16036984","Medical Incident","2016-04-02T00:00:00.000","2016-04-02T00:00:00.000","2016-04-02T18:24:22.000","2016-04-02T18:25:17.000","2016-04-02T18:32:08.000","2016-04-02T18:32:36.000","2016-04-02T18:57:04.000","2016-04-02T19:41:04.000",,"Code 2 Transport","2016-04-02T20:21:56.000","04TH ST/MINNA ST","San Francisco","94103","B03","01","2178","2","2","2","false","Non Life-threatening","1","PRIVATE","1","3","6","Financial District/South Beach","160932895-AM10","POINT (-122.40371 37.784046)","2024-02-05T03:27:52.000","2024-02-05T10:56:25.000","8"
"160950579","B01","16037530","Alarms","2016-04-04T00:00:00.000","2016-04-03T00:00:00.000","2016-04-04T07:25:25.000","2016-04-04T07:26:44.000","2016-04-04T07:26:53.000","2016-04-04T07:27:48.000",,,,"Fire","2016-04-04T07:40:33.000","FRONT ST/PINE ST","San Francisco","94111","B01","13","1136","3","3","3","false","Alarm","1","CHIEF","3","1","3","Financial District/South Beach","160950579-B01","POINT (-122.39859 37.792408)","2024-02-05T03:27:52.000","2024-02-05T10:56:25.000","8"
"160950613","E16","16037534","Medical Incident","2016-04-04T00:00:00.000","2016-04-03T00:00:00.000","2016-04-04T07:36:20.000","2016-04-04T07:42:37.000","2016-04-04T07:44:06.000","2016-04-04T07:45:06.000",,,,"Patient Declined Transport","2016-04-04T07:50:24.000","LAGUNA ST/WASHINGTON ST","San Francisco","94109","B04","38","3331","3","3","3","true","Non Life-threatening","1","ENGINE","3","4","2","Pacific Heights","160950613-E16","POINT (-122.42945 37.792217)","2024-02-05T03:27:52.000","2024-02-05T10:56:25.000","30"
"161012176","RC3","16040228","Medical Incident","2016-04-10T00:00:00.000","2016-04-10T00:00:00.000","2016-04-10T15:21:53.000","2016-04-10T15:23:37.000","2016-04-10T15:25:21.000","2016-04-10T15:25:21.000","2016-04-10T15:29:18.000",,,"Code 2 Transport","2016-04-10T15:37:08.000","30TH ST/CHURCH ST","San Francisco","94131","B06","11","5574","2","2","2","true","Non Life-threatening","1","RESCUE CAPTAIN","2","6","8","Glen Park","161012176-RC3","POINT (-122.42652 37.7421)","2024-02-05T03:27:52.000","2024-02-05T10:56:25.000","22"
"160973619","KM05","16038613","Medical Incident","2016-04-06T00:00:00.000","2016-04-06T00:00:00.000","2016-04-06T18:39:37.000","2016-04-06T18:40:10.000","2016-04-06T18:44:40.000","2016-04-06T18:44:40.000","2016-04-06T18:49:12.000","2016-04-06T18:55:49.000","2016-04-06T19:23:57.000","Code 2 Transport","2016-04-06T19:50:27.000","TAYLOR ST/EDDY ST","San Francisco","94102","B03","01","1453","3","3","3","false","Potentially Life-Threatening","1","PRIVATE","2","3","6","Tenderloin","160973619-KM05","POINT (-122.41095 37.78414)","2024-02-05T03:27:52.000","2024-02-05T10:56:25.000","36"
"160960405","B01","16037889","Alarms","2016-04-05T00:00:00.000","2016-04-04T00:00:00.000","2016-04-05T05:58:35.000","2016-04-05T05:59:59.000","2016-04-05T06:00:43.000","2016-04-05T06:02:13.000","2016-04-05T06:02:13.000",,,"Fire","2016-04-05T06:08:19.000","VER MEHR PL/KEARNY ST","San Francisco","94104","B01","13","1242","3","3","3","false","Alarm","1","CHIEF","1","1","3","Financial District/South Beach","160960405-B01","POINT (-122.40375 37.789364)","2024-02-05T03:27:52.000","2024-02-05T10:56:25.000","8"
"160971675","E13","16038393","Medical Incident","2016-04-06T00:00:00.000","2016-04-06T00:00:00.000","2016-04-06T11:46:11.000","2016-04-06T11:49:44.000","2016-04-06T11:49:56.000","2016-04-06T11:50:50.000","2016-04-06T11:53:49.000",,,"Code 2 Transport","2016-04-06T12:00:26.000","MARKET ST/POWELL ST","San Francisco","94103","B03","01","1364","3","3","3","true","Potentially Life-Threatening","1","ENGINE","1","3","3","Financial District/South Beach","160971675-E13","POINT (-122.40733 37.78456)","2024-02-05T03:27:52.000","2024-02-05T10:56:25.000","34"
"160973270","E08","16038561","Traffic Collision","2016-04-06T00:00:00.000","2016-04-06T00:00:00.000","2016-04-06T17:25:06.000","2016-04-06T17:26:11.000","2016-04-06T17:26:58.000","2016-04-06T17:27:28.000","2016-04-06T17:28:23.000",,,"Code 2 Transport","2016-04-06T17:40:18.000","02ND ST/BRANNAN ST","San Francisco","94107","B03","08","2153","3","3","3","true","Potentially Life-Threatening","1","ENGINE","1","3","6","Financial District/South Beach","160973270-E08","POINT (-122.392075 37.781845)","2024-02-05T03:27:52.000","2024-02-05T10:56:25.000","8"
"161040014","E08","16041117","Alarms","2016-04-13T00:00:00.000","2016-04-12T00:00:00.000","2016-04-13T00:06:41.000","2016-04-13T00:08:19.000","2016-04-13T00:08:33.000","2016-04-13T00:10:19.000","2016-04-13T00:12:11.000",,,"Fire","2016-04-13T00:34:04.000","THE EMBARCADERO/KING ST/TOWNSEND ST","San Francisco","94107","B03","08","2154","3","3","3","true","Alarm","1","ENGINE","1","3","6","Financial District/South Beach","161040014-E08","POINT (-122.388306 37.7818)","2024-02-05T03:27:52.000","2024-02-05T10:56:25.000","8"
"160962050","E38","16038037","Medical Incident","2016-04-05T00:00:00.000","2016-04-05T00:00:00.000","2016-04-05T13:49:53.000","2016-04-05T13:50:43.000","2016-04-05T13:51:49.000","2016-04-05T13:51:58.000","2016-04-05T13:54:43.000",,,"Code 2 Transport","2016-04-05T14:13:07.000","PINE ST/OCTAVIA ST","San Francisco","94109","B04","38","3325","3","3","3","false","Potentially Life-Threatening","1","ENGINE","1","4","5","Pacific Heights","160962050-E38","POINT (-122.42706 37.788788)","2024-02-05T03:27:52.000","2024-02-05T10:56:25.000","30"
"161033605","79","16041052","Traffic Collision","2016-04-12T00:00:00.000","2016-04-12T00:00:00.000","2016-04-12T19:38:56.000","2016-04-12T19:40:54.000","2016-04-12T19:41:38.000","2016-04-12T19:45:06.000","2016-04-12T20:07:17.000",,,"Patient Declined Transport","2016-04-12T20:41:56.000","HILL POINT AVE/PARNASSUS AVE","San Francisco","94131","B05","12","5156","3","3","3","true","Potentially Life-Threatening","1","MEDIC","2","5","5","Inner Sunset","161033605-79","POINT (-122.45578 37.76407)","2024-02-05T03:27:52.000","2024-02-05T10:56:25.000","14"
"160931176","T04","16036791","Alarms","2016-04-02T00:00:00.000","2016-04-02T00:00:00.000","2016-04-02T10:19:08.000","2016-04-02T10:20:38.000","2016-04-02T10:20:47.000","2016-04-02T10:21:31.000","2016-04-02T10:31:54.000",,,"Fire","2016-04-02T10:31:57.000","DAGGETT ST/07TH ST","San Francisco","94158","B03","04","2265","3","3","3","false","Alarm","1","TRUCK","3","3","10","Mission Bay","160931176-T04","POINT (-122.39583 37.767166)","2024-02-05T03:27:52.000","2024-02-05T10:56:25.000","4"
"160971110","85","16038351","Citizen Assist / Service Call","2016-04-06T00:00:00.000","2016-04-06T00:00:00.000","2016-04-06T09:38:38.000","2016-04-06T09:39:53.000","2016-04-06T10:02:00.000","2016-04-06T10:02:31.000","2016-04-06T10:16:35.000",,,"Against Medical Advice","2016-04-06T10:17:55.000","SUTTER ST/HYDE ST","San Francisco","94109","B04","03","1557","3","3","3","true","Alarm","1","MEDIC","2","4","3","Nob Hill","160971110-85","POINT (-122.416824 37.788177)","2024-02-05T03:27:52.000","2024-02-05T10:56:25.000","21"
"160991564","85","16039280","Medical Incident","2016-04-08T00:00:00.000","2016-04-08T00:00:00.000","2016-04-08T12:31:10.000","2016-04-08T12:31:10.000","2016-04-08T12:31:14.000","2016-04-08T12:31:19.000","2016-04-08T12:51:31.000","2016-04-08T13:09:57.000","2016-04-08T13:29:10.000","Code 2 Transport","2016-04-08T13:59:43.000","HAIGHT ST/MASONIC AVE","San Francisco","94117","B05","21","4466","2","2","2","true","Non Life-threatening","1","MEDIC","1","5","5","Haight Ashbury","160991564-85","POINT (-122.44534 37.77021)","2024-02-05T03:27:52.000","2024-02-05T10:56:25.000","3"
"160973303","T15","16038566","Medical Incident","2016-04-06T00:00:00.000","2016-04-06T00:00:00.000","2016-04-06T17:32:36.000","2016-04-06T17:33:30.000","2016-04-06T17:34:31.000",,,,,"No Merit","2016-04-06T17:35:37.000","SEARS ST/LAWRENCE AVE","San Francisco","94112","B09","33","8354","3","3","3","false","Potentially Life-Threatening","1","TRUCK","3","9","11","Outer Mission","160973303-T15","POINT (-122.45253 37.71073)","2024-02-05T03:27:52.000","2024-02-05T10:56:25.000","28"
"161040578","E33","16041175","Medical Incident","2016-04-13T00:00:00.000","2016-04-12T00:00:00.000","2016-04-13T07:08:33.000","2016-04-13T07:09:49.000","2016-04-13T07:10:03.000","2016-04-13T07:11:39.000","2016-04-13T07:19:03.000",,,"Code 2 Transport","2016-04-13T07:29:08.000","ARBALLO DR/VIDAL DR","San Francisco","94132","B08","19","8582","2","2","2","false","Potentially Life-Threatening","1","ENGINE","1","8","7","Lakeshore","161040578-E33","POINT (-122.483025 37.721207)","2024-02-05T03:27:52.000","2024-02-05T10:56:25.000","16"
"160950875","E02","16037554","Other","2016-04-04T00:00:00.000","2016-04-04T00:00:00.000","2016-04-04T09:07:40.000","2016-04-04T09:07:40.000","2016-04-04T09:07:40.000","2016-04-04T09:07:40.000","2016-04-04T09:07:40.000",,,"Fire","2016-04-04T09:07:40.000","TURK MURPHY LN/FISHER ALY","San Francisco","94133","B01","02","1353","3","3","3","true","Alarm","1","ENGINE","1","1","3","Chinatown","160950875-E02","POINT (-122.40968 37.79698)","2024-02-05T03:27:52.000","2024-02-05T10:56:25.000","6"
"160921973","65","16036463","Medical Incident","2016-04-01T00:00:00.000","2016-04-01T00:00:00.000","2016-04-01T14:12:55.000","2016-04-01T14:14:42.000","2016-04-01T14:16:11.000","2016-04-01T14:16:19.000","2016-04-01T14:25:50.000","2016-04-01T14:36:59.000","2016-04-01T14:56:19.000","Code 2 Transport","2016-04-01T15:26:51.000","BUCHANAN ST/CHESTNUT ST","San Francisco","94123","B04","16","3445","2","2","2","true","Non Life-threatening","1","MEDIC","2","4","2","Marina","160921973-65","POINT (-122.43296 37.801235)","2024-02-05T03:27:52.000","2024-02-05T10:56:25.000","13"
"160950843","E02","16037551","Other","2016-04-04T00:00:00.000","2016-04-04T00:00:00.000","2016-04-04T09:00:31.000","2016-04-04T09:00:31.000","2016-04-04T09:00:31.000","2016-04-04T09:00:31.000","2016-04-04T09:00:31.000",,,"Fire","2016-04-04T09:00:31.000","TURK MURPHY LN/FISHER ALY","San Francisco","94133","B01","02","1353","3","3","3","true","Alarm","1","ENGINE","1","1","3","Chinatown","160950843-E02","POINT (-122.40968 37.79698)","2024-02-05T03:27:52.000","2024-02-05T10:56:25.000","6"
"161030370","E06","16040788","Alarms","2016-04-12T00:00:00.000","2016-04-11T00:00:00.000","2016-04-12T04:48:29.000","2016-04-12T04:50:17.000","2016-04-12T04:50:28.000","2016-04-12T04:52:45.000","2016-04-12T04:55:25.000",,,"No Merit","2016-04-12T04:58:43.000","JULIAN AVE/16TH ST","San Francisco","94103","B02","06","5226","3","3","3","true","Alarm","1","ENGINE","1","2","9","Mission","161030370-E06","POINT (-122.4209 37.764977)","2024-02-05T03:27:52.000","2024-02-05T10:56:25.000","20"
"160960278","79","16037867","Medical Incident","2016-04-05T00:00:00.000","2016-04-04T00:00:00.000","2016-04-05T03:33:46.000","2016-04-05T03:33:46.000","2016-04-05T03:33:55.000","2016-04-05T03:34:07.000","2016-04-05T03:40:47.000","2016-04-05T03:56:48.000","2016-04-05T04:13:31.000","Code 2 Transport","2016-04-05T04:34:46.000","ULLOA ST/WEST PORTAL AVE","San Francisco","94127","B08","39","8611","2","3","3","true","Potentially Life-Threatening","1","MEDIC","1","8","7","West of Twin Peaks","160960278-79","POINT (-122.46583 37.74089)","2024-02-05T03:27:52.000","2024-02-05T10:56:25.000","41"
"160943464","E08","16037434","Medical Incident","2016-04-03T00:00:00.000","2016-04-03T00:00:00.000","2016-04-03T21:41:50.000","2016-04-03T21:41:50.000","2016-04-03T21:42:40.000","2016-04-03T21:43:34.000","2016-04-03T21:46:26.000",,,"Code 2 Transport","2016-04-03T21:57:07.000","04TH ST/MISSION BAY BLVD","San Francisco","94158","B03","04","2265","3","3","3","true","Potentially Life-Threatening","1","ENGINE","2","3","6","Mission Bay","160943464-E08","POINT (-122.39116 37.770557)","2024-02-05T03:27:52.000","2024-02-05T10:56:25.000","4"
"160980243","B02","16038748","Structure Fire / Smoke in Building","2016-04-07T00:00:00.000","2016-04-06T00:00:00.000","2016-04-07T01:56:04.000","2016-04-07T01:57:04.000","2016-04-07T01:57:37.000","2016-04-07T01:59:03.000","2016-04-07T02:01:01.000",,,"Fire","2016-04-07T02:07:22.000","DUBOCE AVE/WOODWARD ST","San Francisco","94103","B02","36","5215","3","3","3","false","Alarm","1","CHIEF","3","2","9","Mission","160980243-B02","POINT (-122.42094 37.769917)","2024-02-05T03:27:52.000","2024-02-05T10:56:25.000","20"
"160983974","65","16039136","Medical Incident","2016-04-07T00:00:00.000","2016-04-07T00:00:00.000","2016-04-07T22:46:58.000","2016-04-07T22:46:58.000","2016-04-07T22:47:09.000","2016-04-07T22:47:36.000",,,,"Cancelled","2016-04-07T22:50:18.000","02ND ST/NATOMA ST","San Francisco","94105","B03","01","2146","2","2","2","true","Non Life-threatening","1","MEDIC","1","3","6","Financial District/South Beach","160983974-65","POINT (-122.39879 37.787205)","2024-02-05T03:27:52.000","2024-02-05T10:56:25.000","8"
"160943526","RC2","16037443","Medical Incident","2016-04-03T00:00:00.000","2016-04-03T00:00:00.000","2016-04-03T22:04:25.000","2016-04-03T22:05:05.000","2016-04-03T22:05:37.000","2016-04-03T22:07:16.000","2016-04-03T22:12:44.000",,,"Patient Declined Transport","2016-04-03T22:15:38.000","34TH AVE/JUDAH ST","San Francisco","94122","B08","23","7541","E","E","3","true","Potentially Life-Threatening","1","RESCUE CAPTAIN","3","8","4","Sunset/Parkside","160943526-RC2","POINT (-122.493065 37.760994)","2024-02-05T03:27:52.000","2024-02-05T10:56:25.000","35"
"160940169","64","16037111","Medical Incident","2016-04-03T00:00:00.000","2016-04-02T00:00:00.000","2016-04-03T00:57:43.000","2016-04-03T00:58:21.000","2016-04-03T01:00:05.000","2016-04-03T01:00:05.000","2016-04-03T01:07:08.000","2016-04-03T01:21:33.000","2016-04-03T01:42:09.000","Code 2 Transport","2016-04-03T02:13:28.000","TOWNSEND ST/LUSK ST","San Francisco","94107","B03","08","2171","3","3","3","true","Potentially Life-Threatening","1","MEDIC","2","3","6","South of Market","160940169-64","POINT (-122.39386 37.777977)","2024-02-05T03:27:52.000","2024-02-05T10:56:25.000","34"
"161012004","55","16040211","Medical Incident","2016-04-10T00:00:00.000","2016-04-10T00:00:00.000","2016-04-10T14:29:02.000","2016-04-10T14:29:45.000","2016-04-10T14:32:07.000","2016-04-10T14:32:16.000","2016-04-10T14:42:22.000","2016-04-10T15:03:51.000","2016-04-10T15:33:13.000","Code 2 Transport","2016-04-10T16:22:58.000","NORIEGA ST/11TH AVE","San Francisco","94122","B08","22","7342","2","2","2","true","Non Life-threatening","1","MEDIC","1","8","7","Inner Sunset","161012004-55","POINT (-122.467804 37.754627)","2024-02-05T03:27:52.000","2024-02-05T10:56:25.000","14"
"160980519","70","16038786","Medical Incident","2016-04-07T00:00:00.000","2016-04-06T00:00:00.000","2016-04-07T05:26:49.000","2016-04-07T05:27:29.000","2016-04-07T05:27:45.000","2016-04-07T05:27:54.000","2016-04-07T05:33:41.000","2016-04-07T05:43:07.000","2016-04-07T05:52:20.000","Code 3 Transport","2016-04-07T06:30:39.000","AVALON AVE/NAPLES ST","San Francisco","94112","B09","43","6142","3","3","3","true","Potentially Life-Threatening","1","MEDIC","2","9","11","Excelsior","160980519-70","POINT (-122.42768 37.72552)","2024-02-05T03:27:52.000","2024-02-05T10:56:25.000","7"
"160943118","T08","16037391","Structure Fire / Smoke in Building","2016-04-03T00:00:00.000","2016-04-03T00:00:00.000","2016-04-03T19:32:13.000","2016-04-03T19:34:46.000","2016-04-03T19:35:32.000","2016-04-03T19:36:24.000","2016-04-03T19:39:00.000",,,"Fire","2016-04-03T19:42:48.000","GALLAGHER LN/CLEMENTINA ST","San Francisco","94103","B03","01","2215","3","3","3","false","Alarm","1","TRUCK","6","3","6","South of Market","160943118-T08","POINT (-122.40285 37.781548)","2024-02-05T03:27:52.000","2024-02-05T10:56:25.000","34"
"160981770","83","16038905","Medical Incident","2016-04-07T00:00:00.000","2016-04-07T00:00:00.000","2016-04-07T12:19:33.000","2016-04-07T12:20:35.000","2016-04-07T12:20:58.000","2016-04-07T12:21:59.000","2016-04-07T12:36:10.000","2016-04-07T12:47:53.000","2016-04-07T13:19:13.000","Code 2 Transport","2016-04-07T14:00:53.000","ONEIDA AVE/DELANO AVE","San Francisco","94112","B09","15","8311","2","2","2","true","Non Life-threatening","1","MEDIC","1","9","11","Outer Mission","160981770-83","POINT (-122.443794 37.72224)","2024-02-05T03:27:52.000","2024-02-05T10:56:25.000","28"
"161013446","E14","16040353","Medical Incident","2016-04-10T00:00:00.000","2016-04-10T00:00:00.000","2016-04-10T22:20:04.000","2016-04-10T22:21:54.000","2016-04-10T22:22:27.000","2016-04-10T22:24:30.000","2016-04-10T22:27:35.000",,,"Code 2 Transport","2016-04-10T22:38:32.000","FULTON ST/18TH AVE","San Francisco","94121","B07","31","7166","3","3","3","true","Potentially Life-Threatening","1","ENGINE","1","7","1","Golden Gate Park","161013446-E14","POINT (-122.47669 37.77291)","2024-02-05T03:27:52.000","2024-02-05T10:56:25.000","12"
"161042353","E05","16041324","Medical Incident","2016-04-13T00:00:00.000","2016-04-13T00:00:00.000","2016-04-13T15:00:33.000","2016-04-13T15:01:59.000","2016-04-13T15:02:09.000","2016-04-13T15:03:54.000","2016-04-13T15:05:38.000",,,"Code 2 Transport","2016-04-13T15:11:38.000","EDDY ST/SCOTT ST","San Francisco","94115","B05","05","4133","3","3","3","true","Potentially Life-Threatening","1","ENGINE","1","5","5","Western Addition","161042353-E05","POINT (-122.43726 37.7808)","2024-02-05T03:27:52.000","2024-02-05T10:56:25.000","39"
"161012542","54","16040264","Medical Incident","2016-04-10T00:00:00.000","2016-04-10T00:00:00.000","2016-04-10T17:21:14.000","2016-04-10T17:22:13.000","2016-04-10T17:22:49.000","2016-04-10T17:24:10.000",,,,"Medical Examiner","2016-04-10T17:25:18.000","LAWTON ST/16TH AVE","San Francisco","94122","B08","22","7372","E","E","3","true","Potentially Life-Threatening","1","MEDIC","7","8","7","Inner Sunset","161012542-54","POINT (-122.473495 37.75933)","2024-02-05T03:27:52.000","2024-02-05T10:56:25.000","14"
"161000350","52","16039599","Medical Incident","2016-04-09T00:00:00.000","2016-04-08T00:00:00.000","2016-04-09T02:31:03.000","2016-04-09T02:32:42.000","2016-04-09T02:33:19.000","2016-04-09T02:33:34.000","2016-04-09T02:42:24.000","2016-04-09T03:05:35.000","2016-04-09T03:29:05.000","Code 2 Transport","2016-04-09T04:12:08.000","KEITH ST/PALOU AVE","San Francisco","94124","B10","17","6551","2","2","2","true","Potentially Life-Threatening","1","MEDIC","3","10","10","Bayview Hunters Point","161000350-52","POINT (-122.38717 37.731857)","2024-02-05T03:27:52.000","2024-02-05T10:56:25.000","1"
"161010622","E06","16040078","Medical Incident","2016-04-10T00:00:00.000","2016-04-09T00:00:00.000","2016-04-10T04:39:02.000","2016-04-10T04:39:53.000","2016-04-10T04:41:01.000","2016-04-10T04:43:27.000",,,,"Code 2 Transport","2016-04-10T04:44:39.000","17TH ST/CASTRO ST/MARKET ST","San Francisco","94114","B05","06","5253","3","3","3","true","Potentially Life-Threatening","1","ENGINE","2","5","8","Castro/Upper Market","161010622-E06","POINT (-122.43519 37.762672)","2024-02-05T03:27:52.000","2024-02-05T10:56:25.000","5"
"160991760","76","16039303","Medical Incident","2016-04-08T00:00:00.000","2016-04-08T00:00:00.000","2016-04-08T13:24:08.000","2016-04-08T13:24:08.000","2016-04-08T13:26:20.000","2016-04-08T13:26:20.000","2016-04-08T13:34:59.000","2016-04-08T13:46:39.000","2016-04-08T13:59:46.000","Code 2 Transport","2016-04-08T14:17:06.000","BEACH ST/BAKER ST","San Francisco","94123","B04","16","4323","3","3","3","true","Potentially Life-Threatening","1","MEDIC","2","4","2","Marina","160991760-76","POINT (-122.44691 37.803284)","2024-02-05T03:27:52.000","2024-02-05T10:56:25.000","13"
"160940977","T09","16037199","Assist Police","2016-04-03T00:00:00.000","2016-04-03T00:00:00.000","2016-04-03T08:42:47.000","2016-04-03T08:42:47.000","2016-04-03T08:46:28.000","2016-04-03T08:48:36.000","2016-04-03T08:53:56.000",,,"SFPD","2016-04-03T09:02:23.000","SILVER AVE/SAN BRUNO AVE","San Francisco","94134","B10","42","6362","2","2","2","false","Alarm","1","TRUCK","1","10","9","Portola","160940977-T09","POINT (-122.40561 37.732437)","2024-02-05T03:27:52.000","2024-02-05T10:56:25.000","25"
"160993372","B01","16039450","Alarms","2016-04-08T00:00:00.000","2016-04-08T00:00:00.000","2016-04-08T19:56:17.000","2016-04-08T19:58:04.000","2016-04-08T19:58:24.000","2016-04-08T20:00:10.000","2016-04-08T20:03:55.000",,,"Fire","2016-04-08T20:09:19.000","BAY ST/POLK ST","San Francisco","94109","B01","28","3134","3","3","3","false","Alarm","1","CHIEF","2","1","2","Russian Hill","160993372-B01","POINT (-122.42347 37.804356)","2024-02-05T03:27:52.000","2024-02-05T10:56:25.000","32"
"160953281","85","16037757","Medical Incident","2016-04-04T00:00:00.000","2016-04-04T00:00:00.000","2016-04-04T18:48:59.000","2016-04-04T18:51:27.000","2016-04-04T18:54:36.000","2016-04-04T18:54:50.000","2016-04-04T18:58:46.000",,,"No Merit","2016-04-04T19:14:48.000","POLK ST/CEDAR ST","San Francisco","94109","B04","03","3121","2","2","2","true","Potentially Life-Threatening","1","MEDIC","1","4","6","Tenderloin","160953281-85","POINT (-122.41983 37.786358)","2024-02-05T03:27:52.000","2024-02-05T10:56:25.000","36"
"161020458","RA48","16040420","Medical Incident","2016-04-11T00:00:00.000","2016-04-10T00:00:00.000","2016-04-11T06:22:51.000","2016-04-11T06:23:54.000","2016-04-11T06:24:35.000","2016-04-11T06:27:42.000","2016-04-11T06:31:29.000",,,"Code 2 Transport","2016-04-11T06:52:26.000","STURGEON ST/AVENUE B","Treasure Isla","94130","B03","48","2931","3","3","3","false","Potentially Life-Threatening","1","MEDIC","2","None","6","Treasure Island","161020458-RA48","POINT (-122.376915 37.826572)","2024-02-05T03:27:52.000","2024-02-05T10:56:25.000","37"
"161011113","71","16040137","Medical Incident","2016-04-10T00:00:00.000","2016-04-10T00:00:00.000","2016-04-10T09:54:19.000","2016-04-10T09:57:05.000","2016-04-10T09:57:36.000","2016-04-10T09:57:43.000","2016-04-10T10:00:01.000","2016-04-10T10:20:00.000","2016-04-10T10:39:56.000","Code 2 Transport","2016-04-10T11:28:39.000","23RD ST/ALABAMA ST","San Francisco","94110","B06","07","5476","2","2","2","true","Potentially Life-Threatening","1","MEDIC","1","6","9","Mission","161011113-71","POINT (-122.41112 37.754288)","2024-02-05T03:27:52.000","2024-02-05T10:56:25.000","20"
"160943266","E03","16037415","Medical Incident","2016-04-03T00:00:00.000","2016-04-03T00:00:00.000","2016-04-03T20:30:59.000","2016-04-03T20:31:25.000","2016-04-03T20:31:48.000","2016-04-03T20:33:19.000","2016-04-03T20:34:51.000",,,"Code 2 Transport","2016-04-03T20:38:22.000","VAN NESS AVE/ALICE B TOKLAS PL","San Francisco","94109","B04","03","3162","3","3","3","true","Potentially Life-Threatening","1","ENGINE","1","4","5","Tenderloin","160943266-E03","POINT (-122.42122 37.785233)","2024-02-05T03:27:52.000","2024-02-05T10:56:25.000","36"
"160982332","E36","16038970","Medical Incident","2016-04-07T00:00:00.000","2016-04-07T00:00:00.000","2016-04-07T14:45:46.000","2016-04-07T14:45:46.000","2016-04-07T14:47:29.000","2016-04-07T14:48:06.000","2016-04-07T14:48:06.000",,,"SFPD","2016-04-07T14:51:48.000","VAN NESS AVE/OAK ST","San Francisco","94102","B02","36","3211","3","3","3","true","Potentially Life-Threatening","1","ENGINE","1","2","6","Tenderloin","160982332-E36","POINT (-122.419395 37.77542)","2024-02-05T03:27:52.000","2024-02-05T10:56:25.000","36"
"160972573","E43","16038482","Structure Fire / Smoke in Building","2016-04-06T00:00:00.000","2016-04-06T00:00:00.000","2016-04-06T15:04:51.000","2016-04-06T15:04:51.000","2016-04-06T15:05:11.000","2016-04-06T15:06:26.000",,,,"Fire","2016-04-06T15:08:18.000","ATHENS ST/PERSIA AVE","San Francisco","94112","B09","43","6156","3","3","3","true","Alarm","1","ENGINE","1","9","11","Excelsior","160972573-E43","POINT (-122.429596 37.72009)","2024-02-05T03:27:52.000","2024-02-05T10:56:25.000","7"
"160982664","E24","16039006","Alarms","2016-04-07T00:00:00.000","2016-04-07T00:00:00.000","2016-04-07T16:10:20.000","2016-04-07T16:11:38.000","2016-04-07T16:11:54.000","2016-04-07T16:13:11.000","2016-04-07T16:16:53.000",,,"Fire","2016-04-07T16:27:55.000","GOLD MINE DR/DIAMOND HEIGHTS BLVD","San Francisco","94131","B06","26","8162","3","3","3","false","Alarm","1","ENGINE","2","6","8","Glen Park","160982664-E24","POINT (-122.43768 37.74361)","2024-02-05T03:27:52.000","2024-02-05T10:56:25.000","22"
"161022203","E02","16040589","Structure Fire / Smoke in Building","2016-04-11T00:00:00.000","2016-04-11T00:00:00.000","2016-04-11T14:24:16.000","2016-04-11T14:25:27.000","2016-04-11T14:25:51.000","2016-04-11T14:26:47.000","2016-04-11T14:33:55.000",,,"Fire","2016-04-11T14:36:21.000","FRANCISCO ST/BRET HARTE TER","San Francisco","94133","B01","28","1526","3","3","3","true","Alarm","1","ENGINE","6","1","2","Russian Hill","161022203-E02","POINT (-122.41748 37.804176)","2024-02-05T03:27:52.000","2024-02-05T10:56:25.000","32"
"161013136","AM20","16040320","Medical Incident","2016-04-10T00:00:00.000","2016-04-10T00:00:00.000","2016-04-10T20:18:32.000","2016-04-10T20:20:18.000","2016-04-10T20:20:59.000","2016-04-10T20:24:27.000","2016-04-10T20:26:13.000","2016-04-10T20:39:10.000","2016-04-10T21:17:24.000","Code 3 Transport","2016-04-10T21:40:01.000","PERINE PL/PIERCE ST","San Francisco","94115","B04","38","3652","2","2","2","false","Non Life-threatening","1","PRIVATE","2","4","2","Pacific Heights","161013136-AM20","POINT (-122.437225 37.788963)","2024-02-05T03:27:52.000","2024-02-05T10:56:25.000","30"
"161033547","T08","16041048","Elevator / Escalator Rescue","2016-04-12T00:00:00.000","2016-04-12T00:00:00.000","2016-04-12T19:24:42.000","2016-04-12T19:25:57.000","2016-04-12T19:26:13.000","2016-04-12T19:27:41.000","2016-04-12T19:32:55.000",,,"Fire","2016-04-12T19:54:08.000","BEALE ST/BRYANT ST/DELANCEY ST","San Francisco","94105","B03","08","2134","3","3","3","false","Alarm","1","TRUCK","1","3","6","Financial District/South Beach","161033547-T08","POINT (-122.38963 37.786224)","2024-02-05T03:27:52.000","2024-02-05T10:56:25.000","8"
"161002058","E03","16039810","Medical Incident","2016-04-09T00:00:00.000","2016-04-09T00:00:00.000","2016-04-09T15:31:27.000","2016-04-09T15:32:45.000","2016-04-09T15:33:07.000","2016-04-09T15:34:30.000","2016-04-09T15:36:17.000",,,"Code 2 Transport","2016-04-09T15:36:55.000","HYDE ST/BUSH ST","San Francisco","94109","B04","03","1557","3","3","3","true","Potentially Life-Threatening","1","ENGINE","2","4","3","Nob Hill","161002058-E03","POINT (-122.417015 37.78911)","2024-02-05T03:27:52.000","2024-02-05T10:56:25.000","21"
"160963926","85","16038196","Medical Incident","2016-04-05T00:00:00.000","2016-04-05T00:00:00.000","2016-04-05T21:56:20.000","2016-04-05T21:59:42.000","2016-04-05T21:59:52.000","2016-04-05T22:00:00.000","2016-04-05T22:09:25.000","2016-04-05T22:31:00.000","2016-04-05T22:36:20.000","Code 2 Transport","2016-04-05T23:18:03.000","FILLMORE ST/EDDY ST","San Francisco","94115","B05","05","3536","2","2","2","true","Non Life-threatening","1","MEDIC","1","5","5","Western Addition","160963926-85","POINT (-122.43233 37.78143)","2024-02-05T03:27:52.000","2024-02-05T10:56:25.000","39"
"161010140","T13","16040013","Alarms","2016-04-10T00:00:00.000","2016-04-09T00:00:00.000","2016-04-10T00:41:52.000","2016-04-10T00:43:25.000","2016-04-10T00:43:31.000","2016-04-10T00:45:34.000","2016-04-10T00:48:42.000",,,"Fire","2016-04-10T00:59:20.000","BEALE ST/HOWARD ST","San Francisco","94105","B03","35","2124","3","3","3","false","Alarm","1","TRUCK","2","3","6","Financial District/South Beach","161010140-T13","POINT (-122.39428 37.789925)","2024-02-05T03:27:52.000","2024-02-05T10:56:25.000","8"
"160971478","KM04","16038374","Medical Incident","2016-04-06T00:00:00.000","2016-04-06T00:00:00.000","2016-04-06T11:00:41.000","2016-04-06T11:02:13.000","2016-04-06T11:03:58.000","2016-04-06T11:04:32.000","2016-04-06T11:25:17.000","2016-04-06T11:39:06.000","2016-04-06T12:11:40.000","Code 2 Transport","2016-04-06T12:46:01.000","ESSEX ST/FOLSOM ST","San Francisco","94105","B03","35","2136","2","2","2","false","Non Life-threatening","1","PRIVATE","1","3","6","Financial District/South Beach","160971478-KM04","POINT (-122.395645 37.78638)","2024-02-05T03:27:52.000","2024-02-05T10:56:25.000","8"
"160941833","T02","16037262","Vehicle Fire","2016-04-03T00:00:00.000","2016-04-03T00:00:00.000","2016-04-03T13:05:39.000","2016-04-03T13:08:27.000","2016-04-03T13:09:40.000","2016-04-03T13:12:34.000","2016-04-03T13:19:04.000",,,"Fire","2016-04-03T13:25:32.000","BEACH ST/JONES ST","San Francisco","94133","B01","28","1521","3","3","3","false","Fire","1","TRUCK","6","1","3","North Beach","160941833-T02","POINT (-122.41726 37.80707)","2024-02-05T03:27:52.000","2024-02-05T10:56:25.000","23"
"160962478","82","16038067","Medical Incident","2016-04-05T00:00:00.000","2016-04-05T00:00:00.000","2016-04-05T15:34:54.000","2016-04-05T15:36:34.000","2016-04-05T15:36:44.000","2016-04-05T15:37:07.000","2016-04-05T15:40:10.000",,,"No Merit","2016-04-05T15:41:52.000","FRANKLIN ST/OLIVE ST","San Francisco","94109","B02","03","3221","3","3","3","true","Non Life-threatening","1","MEDIC","2","2","5","Western Addition","160962478-82","POINT (-122.422745 37.784084)","2024-02-05T03:27:52.000","2024-02-05T10:56:25.000","39"
"160943000","E41","16037378","Medical Incident","2016-04-03T00:00:00.000","2016-04-03T00:00:00.000","2016-04-03T18:53:12.000","2016-04-03T18:53:12.000","2016-04-03T18:53:34.000","2016-04-03T18:54:00.000","2016-04-03T18:55:47.000",,,"Code 2 Transport","2016-04-03T18:56:28.000","POLK ST/PINE ST","San Francisco","94109","B04","03","3122","3","3","3","false","Potentially Life-Threatening","1","ENGINE","1","4","3","Nob Hill","160943000-E41","POINT (-122.420494 37.78962)","2024-02-05T03:27:52.000","2024-02-05T10:56:25.000","21"
"160950381","E36","16037513","Medical Incident","2016-04-04T00:00:00.000","2016-04-03T00:00:00.000","2016-04-04T05:20:00.000","2016-04-04T05:22:34.000","2016-04-04T05:22:45.000","2016-04-04T05:24:39.000","2016-04-04T05:30:21.000",,,"Fire","2016-04-04T05:42:57.000","OAK ST/BUCHANAN ST","San Francisco","94102","B02","36","3414","2","2","2","true","Non Life-threatening","1","ENGINE","1","2","5","Hayes Valley","160950381-E36","POINT (-122.42754 37.774387)","2024-02-05T03:27:52.000","2024-02-05T10:56:25.000","9"
"161000385","78","16039606","Medical Incident","2016-04-09T00:00:00.000","2016-04-08T00:00:00.000","2016-04-09T02:49:16.000","2016-04-09T02:51:25.000","2016-04-09T02:53:59.000","2016-04-09T02:54:11.000","2016-04-09T03:07:30.000","2016-04-09T03:38:05.000","2016-04-09T03:55:04.000","Code 2 Transport","2016-04-09T04:21:59.000","GENEVA AVE/SANTOS ST","San Francisco","94134","B09","43","6246","2","2","2","true","Non Life-threatening","1","MEDIC","2","None","10","Visitacion Valley","161000385-78","POINT (-122.42008 37.708313)","2024-02-05T03:27:52.000","2024-02-05T10:56:25.000",
"160970900","E25","16038326","Other","2016-04-06T00:00:00.000","2016-04-06T00:00:00.000","2016-04-06T08:53:59.000","2016-04-06T08:53:59.000","2016-04-06T08:53:59.000","2016-04-06T08:53:59.000","2016-04-06T08:53:59.000",,,"Other","2016-04-06T08:55:12.000","SUSSEX ST/UNNAMED 011","San Francisco","94131","B06","26","8147","3","3","3","true","Alarm","1","ENGINE","2","6","8","Glen Park","160970900-E25","POINT (-122.43287 37.73584)","2024-02-05T03:27:52.000","2024-02-05T10:56:25.000","10"
"160972065","E01","16038428","Medical Incident","2016-04-06T00:00:00.000","2016-04-06T00:00:00.000","2016-04-06T13:12:26.000","2016-04-06T13:13:40.000","2016-04-06T13:15:01.000","2016-04-06T13:16:53.000","2016-04-06T13:24:07.000",,,"Code 2 Transport","2016-04-06T13:33:08.000","GEARY ST/KEARNY ST","San Francisco","94108","B01","01","1241","2","2","2","true","Non Life-threatening","1","ENGINE","1","1","3","Financial District/South Beach","160972065-E01","POINT (-122.40349 37.787964)","2024-02-05T03:27:52.000","2024-02-05T10:56:25.000","8"
"160924055","E08","16036660","Medical Incident","2016-04-01T00:00:00.000","2016-04-01T00:00:00.000","2016-04-01T23:53:25.000","2016-04-01T23:55:05.000","2016-04-01T23:55:24.000","2016-04-01T23:58:00.000","2016-04-01T23:59:46.000",,,"Code 2 Transport","2016-04-02T00:03:58.000","EL DORADO ST NORTH/EL DORADO ST/LONG BRIDGE ST","San Francisco","94158","B03","04","2264","3","3","3","true","Potentially Life-Threatening","1","ENGINE","2","3","6","Mission Bay","160924055-E08","POINT (-122.39301 37.77222)","2024-02-05T03:27:52.000","2024-02-05T10:56:25.000","4"
"160980486","85","16038781","Medical Incident","2016-04-07T00:00:00.000","2016-04-06T00:00:00.000","2016-04-07T04:56:03.000","2016-04-07T04:57:01.000","2016-04-07T04:57:11.000","2016-04-07T04:57:18.000","2016-04-07T05:00:56.000","2016-04-07T05:20:31.000","2016-04-07T05:34:02.000","Code 2 Transport","2016-04-07T05:41:46.000","HEARST AVE/CONGO ST","San Francisco","94131","B09","26","8214","3","3","3","true","Potentially Life-Threatening","1","MEDIC","1","9","7","West of Twin Peaks","160980486-85","POINT (-122.44202 37.73072)","2024-02-05T03:27:52.000","2024-02-05T10:56:25.000","41"
"160970225","78","16038261","Medical Incident","2016-04-06T00:00:00.000","2016-04-05T00:00:00.000","2016-04-06T02:24:58.000","2016-04-06T02:24:58.000","2016-04-06T02:26:06.000","2016-04-06T02:26:14.000","2016-04-06T02:30:33.000","2016-04-06T02:37:04.000","2016-04-06T02:54:29.000","Code 2 Transport","2016-04-06T03:22:54.000","FRANKLIN ST/CHESTNUT ST","San Francisco","94123","B04","16","3235","3","3","3","true","Potentially Life-Threatening","1","MEDIC","1","4","2","Marina","160970225-78","POINT (-122.42638 37.80207)","2024-02-05T03:27:52.000","2024-02-05T10:56:25.000","13"
"160940690","52","16037168","Medical Incident","2016-04-03T00:00:00.000","2016-04-02T00:00:00.000","2016-04-03T05:53:59.000","2016-04-03T05:54:34.000","2016-04-03T05:56:21.000","2016-04-03T05:56:28.000","2016-04-03T06:12:44.000","2016-04-03T06:24:23.000","2016-04-03T06:34:39.000","Code 2 Transport","2016-04-03T06:58:43.000","CARNELIAN WAY/DIAMOND HEIGHTS BLVD","San Francisco","94131","B06","26","8171","2","2","2","true","Potentially Life-Threatening","1","MEDIC","1","6","8","Noe Valley","160940690-52","POINT (-122.442245 37.746883)","2024-02-05T03:27:52.000","2024-02-05T10:56:25.000","22"
"161001006","E13","16039682","Alarms","2016-04-09T00:00:00.000","2016-04-09T00:00:00.000","2016-04-09T09:35:42.000","2016-04-09T09:36:29.000","2016-04-09T09:36:47.000","2016-04-09T09:37:38.000","2016-04-09T09:40:28.000",,,"Fire","2016-04-09T09:52:56.000","CLAY ST/GRANT AVE","San Francisco","94108","B01","13","1313","3","3","3","true","Alarm","1","ENGINE","1","1","3","Chinatown","161001006-E13","POINT (-122.4063 37.794262)","2024-02-05T03:27:52.000","2024-02-05T10:56:25.000","6"
"160932578","RC3","16036955","Medical Incident","2016-04-02T00:00:00.000","2016-04-02T00:00:00.000","2016-04-02T17:03:23.000","2016-04-02T17:04:49.000","2016-04-02T17:16:00.000","2016-04-02T17:17:45.000",,,,"Code 2 Transport","2016-04-02T17:19:45.000","22ND ST/BRYANT ST","San Francisco","94110","B06","07","5474","3","3","3","true","Potentially Life-Threatening","1","RESCUE CAPTAIN","5","6","9","Mission","160932578-RC3","POINT (-122.40943 37.755997)","2024-02-05T03:27:52.000","2024-02-05T10:56:25.000","20"
"161042719","T01","16041364","Alarms","2016-04-13T00:00:00.000","2016-04-13T00:00:00.000","2016-04-13T16:31:27.000","2016-04-13T16:32:28.000","2016-04-13T16:32:52.000","2016-04-13T16:34:39.000","2016-04-13T16:36:01.000",,,"Fire","2016-04-13T16:37:37.000","06TH ST/MISSION ST","San Francisco","94103","B03","01","2251","3","3","3","false","Alarm","1","TRUCK","2","3","6","South of Market","161042719-T01","POINT (-122.40871 37.78097)","2024-02-05T03:27:52.000","2024-02-05T10:56:25.000","34"
"160923276","E32","16036585","Medical Incident","2016-04-01T00:00:00.000","2016-04-01T00:00:00.000","2016-04-01T19:50:15.000","2016-04-01T19:51:29.000","2016-04-01T19:51:45.000","2016-04-01T19:52:59.000","2016-04-01T19:56:51.000",,,"Code 3 Transport","2016-04-01T20:05:45.000","GLADSTONE DR/STONEYFORD AVE","San Francisco","94134","B09","32","5684","3","3","3","false","Non Life-threatening","1","ENGINE","1","9","11","Excelsior","160923276-E32","POINT (-122.42144 37.72931)","2024-02-05T03:27:52.000","2024-02-05T10:56:25.000","7"
"160963979","70","16038200","Medical Incident","2016-04-05T00:00:00.000","2016-04-05T00:00:00.000","2016-04-05T22:10:43.000","2016-04-05T22:14:07.000","2016-04-05T22:15:13.000","2016-04-05T22:15:48.000","2016-04-05T22:19:18.000","2016-04-05T22:40:26.000","2016-04-05T23:17:18.000","Code 2 Transport","2016-04-05T23:34:49.000","JESSIE ST/06TH ST","San Francisco","94103","B02","01","2248","3","3","3","true","Potentially Life-Threatening","1","MEDIC","2","3","6","South of Market","160963979-70","POINT (-122.40925 37.7814)","2024-02-05T03:27:52.000","2024-02-05T10:56:25.000","34"
"032370025","T03","03067833","Alarms","2003-08-25T00:00:00.000","2003-08-24T00:00:00.000","2003-08-25T01:53:43.000","2003-08-25T01:55:24.000","2003-08-25T01:55:53.000","2003-08-25T01:58:26.000","2003-08-25T01:59:52.000",,,"Other","2003-08-25T02:17:41.000","VAN NESS AVE/POST ST","SF","94109","B04","03","3161","3","3","3","false",,"1","TRUCK","2","4","5","Western Addition","032370025-T03","POINT (-122.42157 37.786617)","2024-02-05T03:27:52.000","2024-02-05T10:56:25.000","39"
"160974428","E36","16038695","Medical Incident","2016-04-06T00:00:00.000","2016-04-06T00:00:00.000","2016-04-06T22:21:51.000","2016-04-06T22:22:19.000","2016-04-06T22:22:31.000","2016-04-06T22:22:53.000",,,,"Code 2 Transport","2016-04-06T22:28:15.000","MCALLISTER ST/CHARLES J BRENHAM PL","San Francisco","94102","B02","01","1551","3","3","3","true","Potentially Life-Threatening","1","ENGINE","2","2","6","Tenderloin","160974428-E36","POINT (-122.41315 37.780994)","2024-02-05T03:27:52.000","2024-02-05T10:56:25.000","36"
"160971216","E29","16038356","Medical Incident","2016-04-06T00:00:00.000","2016-04-06T00:00:00.000","2016-04-06T10:02:14.000","2016-04-06T10:03:49.000","2016-04-06T10:05:06.000","2016-04-06T10:05:26.000","2016-04-06T10:07:18.000",,,"Code 2 Transport","2016-04-06T10:24:22.000","UTAH ST/MARIPOSA ST","San Francisco","94110","B02","29","2451","3","3","3","true","Potentially Life-Threatening","1","ENGINE","1","2","10","Mission","160971216-E29","POINT (-122.4063 37.763252)","2024-02-05T03:27:52.000","2024-02-05T10:56:25.000","20"
"161032895","E13","16040985","Medical Incident","2016-04-12T00:00:00.000","2016-04-12T00:00:00.000","2016-04-12T16:54:59.000","2016-04-12T16:55:35.000","2016-04-12T16:56:02.000","2016-04-12T16:57:17.000","2016-04-12T17:01:51.000",,,"Code 2 Transport","2016-04-12T17:03:51.000","TANDANG SORA/RIZAL ST","San Francisco","94107","B03","08","2216","3","3","3","true","Potentially Life-Threatening","1","ENGINE","2","3","6","South of Market","161032895-E13","POINT (-122.3998 37.781498)","2024-02-05T03:27:52.000","2024-02-05T10:56:25.000","34"
"161030958","E36","16040840","Traffic Collision","2016-04-12T00:00:00.000","2016-04-12T00:00:00.000","2016-04-12T09:15:33.000","2016-04-12T09:15:33.000","2016-04-12T09:20:01.000","2016-04-12T09:20:16.000","2016-04-12T09:25:30.000",,,"Code 2 Transport","2016-04-12T09:37:19.000","HAIGHT ST/OCTAVIA ST","San Francisco","94102","B02","36","3311","2","2","2","true","Non Life-threatening","1","ENGINE","1","2","5","Hayes Valley","161030958-E36","POINT (-122.42376 37.772957)","2024-02-05T03:27:52.000","2024-02-05T10:56:25.000","9"
"161043385","E13","16041422","Medical Incident","2016-04-13T00:00:00.000","2016-04-13T00:00:00.000","2016-04-13T19:04:56.000","2016-04-13T19:08:33.000","2016-04-13T19:08:54.000","2016-04-13T19:10:02.000","2016-04-13T19:12:14.000",,,"Code 2 Transport","2016-04-13T19:22:41.000","NOTTINGHAM PL/KEARNY ST","San Francisco","94133","B01","13","1246","2","2","2","true","Potentially Life-Threatening","1","ENGINE","1","1","3","North Beach","161043385-E13","POINT (-122.40541 37.797546)","2024-02-05T03:27:52.000","2024-02-05T10:56:25.000","23"
"160941607","RS1","16037245","Medical Incident","2016-04-03T00:00:00.000","2016-04-03T00:00:00.000","2016-04-03T11:51:44.000","2016-04-03T11:51:44.000","2016-04-03T11:52:11.000","2016-04-03T11:53:31.000","2016-04-03T11:56:14.000",,,"Code 2 Transport","2016-04-03T11:56:48.000","TAYLOR ST/06TH ST/GOLDEN GATE AVE/MARKET ST","San Francisco","94103","B03","01","1454","3","3","3","false","Potentially Life-Threatening","1","RESCUE SQUAD","1","3","6","South of Market","160941607-RS1","POINT (-122.41029 37.78223)","2024-02-05T03:27:52.000","2024-02-05T10:56:25.000","34"
"160991865","E23","16039316","Structure Fire / Smoke in Building","2016-04-08T00:00:00.000","2016-04-08T00:00:00.000","2016-04-08T13:48:06.000","2016-04-08T13:49:06.000","2016-04-08T13:49:26.000","2016-04-08T13:50:36.000","2016-04-08T13:52:57.000",,,"Fire","2016-04-08T16:09:23.000","48TH AVE/CABRILLO ST","San Francisco","94121","B07","34","7311","3","3","3","false","Fire","1","ENGINE","1","7","1","Outer Richmond","160991865-E23","POINT (-122.50896 37.773308)","2024-02-05T03:27:52.000","2024-02-05T10:56:25.000","29"
"161000775","E01","16039658","Medical Incident","2016-04-09T00:00:00.000","2016-04-09T00:00:00.000","2016-04-09T08:06:20.000","2016-04-09T08:07:14.000","2016-04-09T08:08:28.000","2016-04-09T08:09:55.000","2016-04-09T08:15:07.000",,,"Code 2 Transport","2016-04-09T08:16:46.000","MISSION ST/07TH ST","San Francisco","94103","B03","01","2251","3","3","3","true","Potentially Life-Threatening","1","ENGINE","2","2","6","South of Market","161000775-E01","POINT (-122.410934 37.779213)","2024-02-05T03:27:52.000","2024-02-05T10:56:25.000","34"
"160962675","E28","16038084","Medical Incident","2016-04-05T00:00:00.000","2016-04-05T00:00:00.000","2016-04-05T16:19:21.000","2016-04-05T16:20:12.000","2016-04-05T16:20:42.000","2016-04-05T16:21:27.000","2016-04-05T16:23:18.000",,,"Code 2 Transport","2016-04-05T16:32:41.000","THE EMBARCADERO/BEACH ST/GRANT AVE","San Francisco","94133","B01","28","0939","3","3","3","false","Non Life-threatening","1","ENGINE","1","1","3","North Beach","160962675-E28","POINT (-122.40905 37.80811)","2024-02-05T03:27:52.000","2024-02-05T10:56:25.000","23"
"160961096","RS1","16037944","Medical Incident","2016-04-05T00:00:00.000","2016-04-05T00:00:00.000","2016-04-05T10:01:52.000","2016-04-05T10:03:13.000","2016-04-05T10:03:55.000","2016-04-05T10:04:08.000",,,,"No Merit","2016-04-05T10:04:41.000","06TH ST/MINNA ST","San Francisco","94103","B03","01","2251","3","3","3","false","Potentially Life-Threatening","1","RESCUE SQUAD","3","3","6","South of Market","160961096-RS1","POINT (-122.40816 37.780537)","2024-02-05T03:27:52.000","2024-02-05T10:56:25.000","34"
"161012367","AM10","16040240","Medical Incident","2016-04-10T00:00:00.000","2016-04-10T00:00:00.000","2016-04-10T16:27:21.000","2016-04-10T16:28:23.000","2016-04-10T16:28:48.000",,,,,"Code 2 Transport","2016-04-10T16:29:44.000","16TH ST/WIESE ST","San Francisco","94103","B02","07","5236","3","3","3","false","Potentially Life-Threatening","1","PRIVATE","3","2","9","Mission","161012367-AM10","POINT (-122.42048 37.765003)","2024-02-05T03:27:52.000","2024-02-05T10:56:25.000","20"
"161042520","67","16041341","Medical Incident","2016-04-13T00:00:00.000","2016-04-13T00:00:00.000","2016-04-13T15:46:09.000","2016-04-13T15:46:54.000","2016-04-13T15:47:00.000","2016-04-13T15:47:09.000","2016-04-13T15:49:16.000",,,"Against Medical Advice","2016-04-13T16:34:20.000","TIMOTHY PFLUEGER PL/BUSH ST","San Francisco","94108","B01","02","1361","3","3","3","true","Potentially Life-Threatening","1","MEDIC","1","1","3","Financial District/South Beach","161042520-67","POINT (-122.40797 37.790264)","2024-02-05T03:27:52.000","2024-02-05T10:56:25.000","21"
"161013233","72","16040330","Medical Incident","2016-04-10T00:00:00.000","2016-04-10T00:00:00.000","2016-04-10T21:02:02.000","2016-04-10T21:02:02.000","2016-04-10T21:06:29.000","2016-04-10T21:06:52.000","2016-04-10T21:15:22.000","2016-04-10T21:31:54.000","2016-04-10T21:15:22.000","Code 2 Transport","2016-04-10T22:24:20.000","CAMPBELL AVE/BRUSSELS ST","San Francisco","94134","B10","44","6266","2","2","2","true","Non Life-threatening","1","MEDIC","1","10","10","Visitacion Valley","161013233-72","POINT (-122.400604 37.715115)","2024-02-05T03:27:52.000","2024-02-05T10:56:25.000","40"
"161021520","54","16040522","Medical Incident","2016-04-11T00:00:00.000","2016-04-11T00:00:00.000","2016-04-11T11:25:40.000","2016-04-11T11:26:59.000","2016-04-11T11:39:34.000","2016-04-11T11:39:34.000","2016-04-11T11:46:17.000","2016-04-11T12:01:39.000","2016-04-11T12:12:48.000","Code 2 Transport","2016-04-11T12:45:21.000","17TH ST/CAPP ST","San Francisco","94110","B02","07","5236","2","2","2","true","Potentially Life-Threatening","1","MEDIC","2","2","9","Mission","161021520-54","POINT (-122.41849 37.763496)","2024-02-05T03:27:52.000","2024-02-05T10:56:25.000","20"
"161034161","E29","16041101","Alarms","2016-04-12T00:00:00.000","2016-04-12T00:00:00.000","2016-04-12T22:51:20.000","2016-04-12T22:52:38.000","2016-04-12T22:52:46.000","2016-04-12T22:54:12.000","2016-04-12T22:55:37.000",,,"No Merit","2016-04-12T23:15:41.000","VERMONT ST/15TH ST","San Francisco","94103","B02","29","2353","3","3","3","true","Alarm","1","ENGINE","1","2","10","Mission","161034161-E29","POINT (-122.40475 37.767258)","2024-02-05T03:27:52.000","2024-02-05T10:56:25.000","4"
"160951347","E21","16037589","Medical Incident","2016-04-04T00:00:00.000","2016-04-04T00:00:00.000","2016-04-04T11:06:10.000","2016-04-04T11:06:10.000","2016-04-04T11:06:30.000","2016-04-04T11:07:57.000","2016-04-04T11:09:03.000",,,"Patient Declined Transport","2016-04-04T11:30:18.000","GROVE ST/CENTRAL AVE","San Francisco","94117","B05","21","4361","3","3","3","false","Non Life-threatening","1","ENGINE","1","5","5","Lone Mountain/USF","160951347-E21","POINT (-122.444595 37.775085)","2024-02-05T03:27:52.000","2024-02-05T10:56:25.000","18"
"161024128","E01","16040740","Medical Incident","2016-04-11T00:00:00.000","2016-04-11T00:00:00.000","2016-04-11T23:15:26.000","2016-04-11T23:16:07.000","2016-04-11T23:16:33.000","2016-04-11T23:18:48.000","2016-04-11T23:21:13.000",,,"Code 2 Transport","2016-04-11T23:34:46.000","TURK ST/TAYLOR ST","San Francisco","94102","B03","01","1365","3","3","3","true","Potentially Life-Threatening","1","ENGINE","2","3","6","Tenderloin","161024128-E01","POINT (-122.41077 37.783215)","2024-02-05T03:27:52.000","2024-02-05T10:56:25.000","36"
"160953776","B03","16037800","Alarms","2016-04-04T00:00:00.000","2016-04-04T00:00:00.000","2016-04-04T21:25:18.000","2016-04-04T21:28:05.000","2016-04-04T21:28:30.000","2016-04-04T21:29:53.000",,,,"Fire","2016-04-04T21:45:00.000","MISSISSIPPI ST/22ND ST","San Francisco","94107","B10","37","2541","3","3","3","false","Alarm","1","CHIEF","2","10","10","Potrero Hill","160953776-B03","POINT (-122.394104 37.75759)","2024-02-05T03:27:52.000","2024-02-05T10:56:25.000","26"
"160933222","55","16037018","Structure Fire / Smoke in Building","2016-04-02T00:00:00.000","2016-04-02T00:00:00.000","2016-04-02T19:55:45.000","2016-04-02T19:56:48.000","2016-04-02T19:57:01.000","2016-04-02T19:57:22.000","2016-04-02T20:06:27.000",,,"Fire","2016-04-02T20:08:55.000","JONES ST/BROADWAY","San Francisco","94133","B01","41","1512","3","3","3","true","Alarm","1","MEDIC","8","1","3","Nob Hill","160933222-55","POINT (-122.41519 37.796806)","2024-02-05T03:27:52.000","2024-02-05T10:56:25.000","21"
"161011029","T05","16040129","Structure Fire / Smoke in Building","2016-04-10T00:00:00.000","2016-04-10T00:00:00.000","2016-04-10T09:28:51.000","2016-04-10T09:28:51.000","2016-04-10T09:28:57.000","2016-04-10T09:29:53.000",,,,"Fire","2016-04-10T09:34:04.000","BUCHANAN ST/WILLOW ST","San Francisco","94115","B04","05","0351","3","3","3","false","Alarm","1","TRUCK","3","2","5","Western Addition","161011029-T05","POINT (-122.429115 37.782295)","2024-02-05T03:27:52.000","2024-02-05T10:56:25.000","39"
"160931564","E26","16036837","Medical Incident","2016-04-02T00:00:00.000","2016-04-02T00:00:00.000","2016-04-02T12:15:10.000","2016-04-02T12:16:02.000","2016-04-02T12:16:28.000","2016-04-02T12:18:15.000","2016-04-02T12:21:36.000",,,"Code 3 Transport","2016-04-02T13:40:54.000","GENEBERN WAY/MURRAY ST","San Francisco","94112","B06","32","5641","3","E","3","true","Potentially Life-Threatening","1","ENGINE","2","6","9","Bernal Heights","160931564-E26","POINT (-122.42503 37.733547)","2024-02-05T03:27:52.000","2024-02-05T10:56:25.000","2"
"161040286","64","16041144","Medical Incident","2016-04-13T00:00:00.000","2016-04-12T00:00:00.000","2016-04-13T02:57:50.000","2016-04-13T02:58:47.000","2016-04-13T02:59:04.000","2016-04-13T02:59:49.000","2016-04-13T03:04:45.000","2016-04-13T03:39:13.000","2016-04-13T03:56:25.000","Code 2 Transport","2016-04-13T04:47:18.000","STOCKTON ST/BAY ST","San Francisco","94133","B01","28","1341","3","3","3","true","Potentially Life-Threatening","1","MEDIC","1","1","3","North Beach","161040286-64","POINT (-122.41031 37.806026)","2024-02-05T03:27:52.000","2024-02-05T10:56:25.000","23"
"160982599","T05","16039001","Medical Incident","2016-04-07T00:00:00.000","2016-04-07T00:00:00.000","2016-04-07T15:52:15.000","2016-04-07T15:52:15.000","2016-04-07T15:52:53.000","2016-04-07T15:53:26.000","2016-04-07T15:54:53.000",,,"Code 3 Transport","2016-04-07T16:04:56.000","LAGUNA ST/MCALLISTER ST","San Francisco","94102","B02","05","3425","A","E","3","false","Potentially Life-Threatening","1","TRUCK","2","2","5","Western Addition","160982599-T05","POINT (-122.42683 37.77926)","2024-02-05T03:27:52.000","2024-02-05T10:56:25.000","39"
"160993653","52","16039480","Medical Incident","2016-04-08T00:00:00.000","2016-04-08T00:00:00.000","2016-04-08T21:26:58.000","2016-04-08T21:29:33.000","2016-04-08T21:31:31.000","2016-04-08T21:31:38.000","2016-04-08T21:45:15.000",,,"Gone on Arrival","2016-04-08T21:49:06.000","STEVENSON ST/05TH ST","San Francisco","94103","B01","01","2247","3","3","3","true","Potentially Life-Threatening","1","MEDIC","2","3","6","South of Market","160993653-52","POINT (-122.407486 37.783527)","2024-02-05T03:27:52.000","2024-02-05T10:56:25.000","34"
"160972128","T09","16038436","Structure Fire / Smoke in Building","2016-04-06T00:00:00.000","2016-04-06T00:00:00.000","2016-04-06T13:28:03.000","2016-04-06T13:28:03.000","2016-04-06T13:28:20.000","2016-04-06T13:32:15.000",,,,"Fire","2016-04-06T13:32:21.000","MINNESOTA ST/23RD ST","San Francisco","94107","B10","25","2573","3","3","3","false","Alarm","1","TRUCK","2","10","10","Potrero Hill","160972128-T09","POINT (-122.38999 37.755272)","2024-02-05T03:27:52.000","2024-02-05T10:56:25.000","26"
"160931791","B03","16036864","Alarms","2016-04-02T00:00:00.000","2016-04-02T00:00:00.000","2016-04-02T13:19:32.000","2016-04-02T13:20:53.000","2016-04-02T13:21:01.000","2016-04-02T13:22:10.000","2016-04-02T13:26:36.000",,,"Fire","2016-04-02T13:30:20.000","TENNESSEE ST/22ND ST","San Francisco","94107","B10","25","2533","3","3","3","false","Alarm","1","CHIEF","3","10","10","Potrero Hill","160931791-B03","POINT (-122.38925 37.757885)","2024-02-05T03:27:52.000","2024-02-05T10:56:25.000","26"
"160954013","E03","16037819","Medical Incident","2016-04-04T00:00:00.000","2016-04-04T00:00:00.000","2016-04-04T22:39:15.000","2016-04-04T22:40:07.000","2016-04-04T22:40:26.000","2016-04-04T22:42:14.000","2016-04-04T22:42:57.000",,,"Patient Declined Transport","2016-04-04T22:46:18.000","POLK ST/CEDAR ST","San Francisco","94109","B04","03","3121","3","3","3","true","Potentially Life-Threatening","1","ENGINE","1","4","6","Tenderloin","160954013-E03","POINT (-122.41983 37.786358)","2024-02-05T03:27:52.000","2024-02-05T10:56:25.000","36"
"161032712","B07","16040976","Water Rescue","2016-04-12T00:00:00.000","2016-04-12T00:00:00.000","2016-04-12T16:18:56.000","2016-04-12T16:18:56.000","2016-04-12T16:19:44.000","2016-04-12T16:22:03.000",,,,"Fire","2016-04-12T16:53:33.000","MARINE DR/END","San Francisco","94129","B99","51","4632","3","3","3","false","Fire","1","CHIEF","10","7","2","Presidio","161032712-B07","POINT (-122.4766 37.81068)","2024-02-05T03:27:52.000","2024-02-05T10:56:25.000","27"
"160972711","T05","16038494","Structure Fire / Smoke in Building","2016-04-06T00:00:00.000","2016-04-06T00:00:00.000","2016-04-06T15:31:34.000","2016-04-06T15:31:34.000","2016-04-06T15:31:44.000","2016-04-06T15:33:46.000","2016-04-06T15:33:46.000",,,"Fire","2016-04-06T15:34:00.000","EDDY ST/LAGUNA ST","San Francisco","94115","B02","05","3366","3","3","3","false","Alarm","1","TRUCK","1","2","5","Western Addition","160972711-T05","POINT (-122.4274 37.78206)","2024-02-05T03:27:52.000","2024-02-05T10:56:25.000","39"
"161020651","50","16040444","Medical Incident","2016-04-11T00:00:00.000","2016-04-10T00:00:00.000","2016-04-11T07:42:44.000","2016-04-11T07:45:01.000","2016-04-11T07:45:33.000","2016-04-11T07:45:43.000",,,,"No Merit","2016-04-11T07:54:27.000","MISSION ST/ACTON ST/SICKLES AVE","San Francisco","94112","B09","33","6213","3","3","3","true","Potentially Life-Threatening","1","MEDIC","2","9","11","Outer Mission","161020651-50","POINT (-122.45267 37.708805)","2024-02-05T03:27:52.000","2024-02-05T10:56:25.000","28"
"160962858","E02","16038102","Medical Incident","2016-04-05T00:00:00.000","2016-04-05T00:00:00.000","2016-04-05T17:01:36.000","2016-04-05T17:02:48.000","2016-04-05T17:02:59.000","2016-04-05T17:04:35.000",,,,"Code 2 Transport","2016-04-05T17:08:28.000","FRANKLIN ST/CALIFORNIA ST","San Francisco","94109","B04","38","3155","3","3","3","true","Potentially Life-Threatening","1","ENGINE","3","4","2","Pacific Heights","160962858-E02","POINT (-122.42397 37.79016)","2024-02-05T03:27:52.000","2024-02-05T10:56:25.000","39"
"160964082","B01","16038213","Alarms","2016-04-05T00:00:00.000","2016-04-05T00:00:00.000","2016-04-05T22:45:36.000","2016-04-05T22:47:20.000","2016-04-05T22:47:31.000","2016-04-05T22:48:49.000","2016-04-05T22:50:59.000",,,"Fire","2016-04-05T23:02:16.000","BATTERY ST/CALIFORNIA ST","San Francisco","94111","B01","13","1162","3","3","3","false","Alarm","1","CHIEF","3","1","3","Financial District/South Beach","160964082-B01","POINT (-122.399956 37.79321)","2024-02-05T03:27:52.000","2024-02-05T10:56:25.000","8"
"160923193","E03","16036576","Medical Incident","2016-04-01T00:00:00.000","2016-04-01T00:00:00.000","2016-04-01T19:24:13.000","2016-04-01T19:25:14.000","2016-04-01T19:25:49.000","2016-04-01T19:26:50.000","2016-04-01T19:29:48.000",,,"Patient Declined Transport","2016-04-01T19:32:45.000","SUTTER ST/JONES ST","San Francisco","94109","B01","03","1463","3","3","3","true","Potentially Life-Threatening","1","ENGINE","2","1","3","Nob Hill","160923193-E03","POINT (-122.41354 37.788597)","2024-02-05T03:27:52.000","2024-02-05T10:56:25.000","21"
"160930646","E43","16036734","Medical Incident","2016-04-02T00:00:00.000","2016-04-01T00:00:00.000","2016-04-02T06:54:11.000","2016-04-02T06:55:39.000","2016-04-02T06:56:32.000","2016-04-02T06:59:15.000","2016-04-02T07:01:30.000",,,"Code 2 Transport","2016-04-02T07:19:35.000","ELLINGTON AVE/OTTAWA AVE","San Francisco","94112","B09","43","8334","3","3","3","true","Non Life-threatening","1","ENGINE","1","9","11","Outer Mission","160930646-E43","POINT (-122.44433 37.71409)","2024-02-05T03:27:52.000","2024-02-05T10:56:25.000","28"
"160970967","RS2","16038338","Structure Fire / Smoke in Building","2016-04-06T00:00:00.000","2016-04-06T00:00:00.000","2016-04-06T09:12:27.000","2016-04-06T09:12:48.000","2016-04-06T09:13:30.000",,,,,"Other","2016-04-06T09:15:01.000","VAN DYKE AVE/JENNINGS ST","San Francisco","94124","B10","17","6651","3","3","3","false","Alarm","1","RESCUE SQUAD","10","10","10","Bayview Hunters Point","160970967-RS2","POINT (-122.38867 37.727043)","2024-02-05T03:27:52.000","2024-02-05T10:56:25.000","1"
"160932268","E41","16036919","Medical Incident","2016-04-02T00:00:00.000","2016-04-02T00:00:00.000","2016-04-02T15:39:18.000","2016-04-02T15:41:09.000","2016-04-02T15:42:13.000","2016-04-02T15:43:35.000","2016-04-02T15:46:03.000",,,"Code 2 Transport","2016-04-02T15:52:19.000","HYDE ST/CALIFORNIA ST","San Francisco","94109","B01","41","1541","2","2","2","false","Non Life-threatening","1","ENGINE","1","4","3","Nob Hill","160932268-E41","POINT (-122.41739 37.790974)","2024-02-05T03:27:52.000","2024-02-05T10:56:25.000","21"
"160922666","E03","16036536","Medical Incident","2016-04-01T00:00:00.000","2016-04-01T00:00:00.000","2016-04-01T17:13:29.000","2016-04-01T17:13:52.000","2016-04-01T17:16:36.000","2016-04-01T17:16:46.000","2016-04-01T17:18:27.000",,,"Code 2 Transport","2016-04-01T17:23:56.000","EDDY ST/LARKIN ST","San Francisco","94109","B02","03","1643","3","3","3","true","Potentially Life-Threatening","1","ENGINE","1","2","6","Tenderloin","160922666-E03","POINT (-122.41753 37.78331)","2024-02-05T03:27:52.000","2024-02-05T10:56:25.000","36"
"161011010","E16","16040122","Medical Incident","2016-04-10T00:00:00.000","2016-04-10T00:00:00.000","2016-04-10T09:22:00.000","2016-04-10T09:22:33.000","2016-04-10T09:22:43.000","2016-04-10T09:23:02.000","2016-04-10T09:27:05.000",,,"Code 2 Transport","2016-04-10T09:36:30.000","VAN NESS AVE/CHESTNUT ST","San Francisco","94109","B04","16","3235","3","3","3","true","Potentially Life-Threatening","1","ENGINE","1","1","2","Marina","161011010-E16","POINT (-122.42473 37.80228)","2024-02-05T03:27:52.000","2024-02-05T10:56:25.000","32"
"161002411","66","16039854","Medical Incident","2016-04-09T00:00:00.000","2016-04-09T00:00:00.000","2016-04-09T17:16:21.000","2016-04-09T17:18:14.000","2016-04-09T17:18:44.000","2016-04-09T17:18:50.000","2016-04-09T17:28:50.000","2016-04-09T17:43:07.000","2016-04-09T17:58:11.000","Code 2 Transport","2016-04-09T18:38:49.000","20TH ST/ILLINOIS ST","San Francisco","94107","B10","37","2665","3","3","3","true","Non Life-threatening","1","MEDIC","2","3","10","Potrero Hill","161002411-66","POINT (-122.387566 37.76055)","2024-02-05T03:27:52.000","2024-02-05T10:56:25.000","26"
"160983025","76","16039040","Medical Incident","2016-04-07T00:00:00.000","2016-04-07T00:00:00.000","2016-04-07T17:53:24.000","2016-04-07T17:56:09.000","2016-04-07T18:17:31.000","2016-04-07T18:17:38.000","2016-04-07T18:28:58.000","2016-04-07T18:35:54.000","2016-04-07T18:46:58.000","Code 2 Transport","2016-04-07T19:08:06.000","STEUART ST/MARKET ST","San Francisco","94105","B03","35","0902","2","2","2","true","Potentially Life-Threatening","1","MEDIC","1","1","3","Financial District/South Beach","160983025-76","POINT (-122.394745 37.79448)","2024-02-05T03:27:52.000","2024-02-05T10:56:25.000","8"
"160993653","EMS6","16039480","Medical Incident","2016-04-08T00:00:00.000","2016-04-08T00:00:00.000","2016-04-08T21:26:58.000","2016-04-08T21:29:33.000","2016-04-08T21:33:10.000","2016-04-08T21:33:10.000","2016-04-08T21:39:57.000",,,"Gone on Arrival","2016-04-08T21:49:06.000","STEVENSON ST/05TH ST","San Francisco","94103","B01","01","2247","3","3","3","false","Potentially Life-Threatening","1","CHIEF","1","3","6","South of Market","160993653-EMS6","POINT (-122.407486 37.783527)","2024-02-05T03:27:52.000","2024-02-05T10:56:25.000","34"
"161020437","AM02","16040418","Medical Incident","2016-04-11T00:00:00.000","2016-04-10T00:00:00.000","2016-04-11T05:53:09.000","2016-04-11T05:56:13.000","2016-04-11T05:56:41.000","2016-04-11T05:57:08.000","2016-04-11T06:21:20.000","2016-04-11T06:37:27.000","2016-04-11T07:02:00.000","Code 2 Transport","2016-04-11T07:27:31.000","KIRKWOOD AVE/DORMITORY RD/KISKA RD","San Francisco","94124","B10","17","6713","2","2","2","false","Potentially Life-Threatening","1","PRIVATE","1","10","10","Bayview Hunters Point","161020437-AM02","POINT (-122.37493 37.72966)","2024-02-05T03:27:52.000","2024-02-05T10:56:25.000","1"
"160951584","61","16037609","Medical Incident","2016-04-04T00:00:00.000","2016-04-04T00:00:00.000","2016-04-04T12:01:46.000","2016-04-04T12:03:27.000","2016-04-04T12:06:05.000","2016-04-04T12:06:12.000",,,,"Gone on Arrival","2016-04-04T12:12:29.000","VAN NESS AVE/POST ST","San Francisco","94109","B04","03","3161","2","2","2","true","Potentially Life-Threatening","1","MEDIC","2","4","5","Western Addition","160951584-61","POINT (-122.42157 37.786617)","2024-02-05T03:27:52.000","2024-02-05T10:56:25.000","39"
"161011615","E33","16040186","Medical Incident","2016-04-10T00:00:00.000","2016-04-10T00:00:00.000","2016-04-10T12:34:06.000","2016-04-10T12:35:22.000","2016-04-10T12:35:34.000","2016-04-10T12:36:47.000","2016-04-10T12:41:52.000",,,"Code 2 Transport","2016-04-10T12:54:57.000","MORSE ST/FLORENTINE AVE","San Francisco","94112","B09","33","6177","3","3","3","true","Potentially Life-Threatening","1","ENGINE","2","9","11","Excelsior","161011615-E33","POINT (-122.44332 37.71191)","2024-02-05T03:27:52.000","2024-02-05T10:56:25.000","7"
"160962447","81","16038066","Medical Incident","2016-04-05T00:00:00.000","2016-04-05T00:00:00.000","2016-04-05T15:27:02.000","2016-04-05T15:28:11.000","2016-04-05T15:28:21.000","2016-04-05T15:28:31.000","2016-04-05T15:33:24.000","2016-04-05T15:47:51.000","2016-04-05T16:12:49.000","Code 2 Transport","2016-04-05T16:58:30.000","HOWARD ST/HARRIET ST","San Francisco","94103","B03","01","2252","3","3","3","true","Potentially Life-Threatening","1","MEDIC","2","3","6","South of Market","160962447-81","POINT (-122.40769 37.77932)","2024-02-05T03:27:52.000","2024-02-05T10:56:25.000","34"
"161021508","E36","16040519","Medical Incident","2016-04-11T00:00:00.000","2016-04-11T00:00:00.000","2016-04-11T11:22:18.000","2016-04-11T11:24:35.000","2016-04-11T11:26:33.000","2016-04-11T11:26:33.000","2016-04-11T11:29:03.000",,,"Patient Declined Transport","2016-04-11T11:41:26.000","HAYES ST/POLK ST","San Francisco","94102","B02","36","3165","3","3","3","true","Potentially Life-Threatening","1","ENGINE","1","2","6","Tenderloin","161021508-E36","POINT (-122.418045 37.77751)","2024-02-05T03:27:52.000","2024-02-05T10:56:25.000","36"
"161042111","65","16041303","Medical Incident","2016-04-13T00:00:00.000","2016-04-13T00:00:00.000","2016-04-13T13:56:09.000","2016-04-13T13:57:06.000","2016-04-13T13:58:06.000","2016-04-13T13:59:31.000","2016-04-13T14:08:14.000","2016-04-13T14:23:51.000","2016-04-13T14:49:57.000","Code 2 Transport","2016-04-13T15:29:02.000","EUREKA ST/17TH ST","San Francisco","94114","B05","06","5254","3","3","3","true","Potentially Life-Threatening","1","MEDIC","2","5","8","Castro/Upper Market","161042111-65","POINT (-122.438416 37.76229)","2024-02-05T03:27:52.000","2024-02-05T10:56:25.000","5"
"160942525","E15","16037334","Medical Incident","2016-04-03T00:00:00.000","2016-04-03T00:00:00.000","2016-04-03T16:33:12.000","2016-04-03T16:34:15.000","2016-04-03T16:34:27.000","2016-04-03T16:35:32.000","2016-04-03T16:37:24.000",,,"Code 3 Transport","2016-04-03T16:43:58.000","FAXON AVE/HOLLOWAY AVE","San Francisco","94112","B09","15","8463","2","3","3","true","Non Life-threatening","1","ENGINE","1","9","11","Oceanview/Merced/Ingleside","160942525-E15","POINT (-122.46023 37.721836)","2024-02-05T03:27:52.000","2024-02-05T10:56:25.000","24"
"161034051","78","16041089","Medical Incident","2016-04-12T00:00:00.000","2016-04-12T00:00:00.000","2016-04-12T22:12:58.000","2016-04-12T22:12:58.000","2016-04-12T22:13:15.000","2016-04-12T22:13:38.000","2016-04-12T22:22:40.000","2016-04-12T22:39:59.000","2016-04-12T22:46:49.000","Code 2 Transport","2016-04-12T23:36:36.000","ADMIRAL AVE/MISSION ST","San Francisco","94112","B09","32","6113","2","2","2","true","Non Life-threatening","1","MEDIC","1","9","11","Excelsior","161034051-78","POINT (-122.43018 37.72986)","2024-02-05T03:27:52.000","2024-02-05T10:56:25.000","7"
"160931745","KM11","16036856","Medical Incident","2016-04-02T00:00:00.000","2016-04-02T00:00:00.000","2016-04-02T13:08:02.000","2016-04-02T13:09:44.000","2016-04-02T13:10:16.000","2016-04-02T13:10:52.000","2016-04-02T13:14:11.000",,,"Against Medical Advice","2016-04-02T14:06:59.000","WILLOW ST/LARKIN ST","San Francisco","94109","B02","03","1643","3","3","3","false","Potentially Life-Threatening","1","PRIVATE","1","2","6","Tenderloin","160931745-KM11","POINT (-122.41762 37.78378)","2024-02-05T03:27:52.000","2024-02-05T10:56:25.000","36"
"160942240","E43","16037304","Medical Incident","2016-04-03T00:00:00.000","2016-04-03T00:00:00.000","2016-04-03T15:05:02.000","2016-04-03T15:06:15.000","2016-04-03T15:06:34.000","2016-04-03T15:08:01.000",,,,"Code 2 Transport","2016-04-03T15:08:32.000","SUNNYDALE AVE/HAHN ST","San Francisco","94134","B09","43","6241","3","3","3","true","Potentially Life-Threatening","1","ENGINE","3","9","10","Visitacion Valley","160942240-E43","POINT (-122.416 37.711914)","2024-02-05T03:27:52.000","2024-02-05T10:56:25.000","40"
"160963477","KM11","16038153","Medical Incident","2016-04-05T00:00:00.000","2016-04-05T00:00:00.000","2016-04-05T19:21:17.000","2016-04-05T19:24:57.000","2016-04-05T19:28:08.000","2016-04-05T19:29:00.000","2016-04-05T19:31:38.000","2016-04-05T19:47:40.000","2016-04-05T20:23:32.000","Code 2 Transport","2016-04-05T20:45:40.000","GEARY ST/HYDE ST","San Francisco","94109","B04","03","1556","3","3","3","false","Potentially Life-Threatening","1","PRIVATE","1","4","6","Tenderloin","160963477-KM11","POINT (-122.41645 37.786312)","2024-02-05T03:27:52.000","2024-02-05T10:56:25.000","36"
"161001535","AM10","16039751","Medical Incident","2016-04-09T00:00:00.000","2016-04-09T00:00:00.000","2016-04-09T12:33:06.000","2016-04-09T12:35:17.000","2016-04-09T12:35:45.000","2016-04-09T12:36:07.000","2016-04-09T12:40:30.000","2016-04-09T13:04:54.000","2016-04-09T13:24:10.000","Code 2 Transport","2016-04-09T13:57:36.000","20TH ST/COLLINGWOOD ST","San Francisco","94114","B06","24","5442","2","2","2","false","Potentially Life-Threatening","1","PRIVATE","1","6","8","Castro/Upper Market","161001535-AM10","POINT (-122.43581 37.75762)","2024-02-05T03:27:52.000","2024-02-05T10:56:25.000","5"
"160980328","AM22","16038759","Medical Incident","2016-04-07T00:00:00.000","2016-04-06T00:00:00.000","2016-04-07T03:04:17.000","2016-04-07T03:04:17.000","2016-04-07T03:04:39.000","2016-04-07T03:05:25.000","2016-04-07T03:15:33.000",,,"No Merit","2016-04-07T03:32:42.000","EDDY ST/LARKIN ST","San Francisco","94109","B02","03","1643","2","2","2","false","Potentially Life-Threatening","1","PRIVATE","2","2","6","Tenderloin","160980328-AM22","POINT (-122.41753 37.78331)","2024-02-05T03:27:52.000","2024-02-05T10:56:25.000","36"
"161002574","E18","16039872","Medical Incident","2016-04-09T00:00:00.000","2016-04-09T00:00:00.000","2016-04-09T18:04:39.000","2016-04-09T18:05:03.000","2016-04-09T18:06:03.000","2016-04-09T18:07:33.000","2016-04-09T18:09:40.000",,,"Unable to Locate","2016-04-09T18:12:14.000","TARAVAL ST/32ND AVE","San Francisco","94116","B08","18","7555","3","3","3","true","Potentially Life-Threatening","1","ENGINE","1","8","4","Sunset/Parkside","161002574-E18","POINT (-122.489624 37.74244)","2024-02-05T03:27:52.000","2024-02-05T10:56:25.000","35"
"160933464","B09","16037049","Structure Fire / Smoke in Building","2016-04-02T00:00:00.000","2016-04-02T00:00:00.000","2016-04-02T21:17:48.000","2016-04-02T21:18:25.000","2016-04-02T21:18:58.000","2016-04-02T21:19:42.000","2016-04-02T21:24:05.000",,,"Fire","2016-04-02T21:24:42.000","18TH AVE/VICENTE ST","San Francisco","94116","B08","40","7415","3","3","3","false","Alarm","1","CHIEF","3","8","7","West of Twin Peaks","160933464-B09","POINT (-122.474365 37.739372)","2024-02-05T03:27:52.000","2024-02-05T10:56:25.000","41"
"160970578","71","16038292","Medical Incident","2016-04-06T00:00:00.000","2016-04-05T00:00:00.000","2016-04-06T07:03:59.000","2016-04-06T07:03:59.000","2016-04-06T07:04:14.000","2016-04-06T07:04:33.000","2016-04-06T07:15:26.000","2016-04-06T07:32:05.000","2016-04-06T07:54:22.000","Code 2 Transport","2016-04-06T08:15:01.000","LOMBARD ST/PIERCE ST","San Francisco","94123","B04","16","3566","2","2","2","true","Non Life-threatening","1","MEDIC","1","4","2","Marina","160970578-71","POINT (-122.43934 37.799427)","2024-02-05T03:27:52.000","2024-02-05T10:56:25.000","13"
"161022937","79","16040647","Medical Incident","2016-04-11T00:00:00.000","2016-04-11T00:00:00.000","2016-04-11T17:20:53.000","2016-04-11T17:22:08.000","2016-04-11T17:23:02.000","2016-04-11T17:23:08.000",,,,"Code 2 Transport","2016-04-11T17:24:55.000","GENEVA AVE/LINDA VISTA STPS","San Francisco","94112","B09","43","6172","3","3","3","true","Potentially Life-Threatening","1","MEDIC","3","9","11","Excelsior","161022937-79","POINT (-122.429695 37.712265)","2024-02-05T03:27:52.000","2024-02-05T10:56:25.000","7"
"161033777","E06","16041065","Medical Incident","2016-04-12T00:00:00.000","2016-04-12T00:00:00.000","2016-04-12T20:37:16.000","2016-04-12T20:37:44.000","2016-04-12T20:38:21.000","2016-04-12T20:39:29.000","2016-04-12T20:41:23.000",,,"Patient Declined Transport","2016-04-12T20:47:15.000","18TH ST/COLLINGWOOD ST","San Francisco","94114","B05","06","5415","2","2","2","true","Potentially Life-Threatening","1","ENGINE","1","5","8","Castro/Upper Market","161033777-E06","POINT (-122.43611 37.760822)","2024-02-05T03:27:52.000","2024-02-05T10:56:25.000","5"
"160970403","70","16038277","Medical Incident","2016-04-06T00:00:00.000","2016-04-05T00:00:00.000","2016-04-06T05:17:52.000","2016-04-06T05:18:32.000","2016-04-06T05:19:07.000","2016-04-06T05:19:16.000","2016-04-06T05:42:59.000","2016-04-06T05:43:14.000","2016-04-06T06:22:45.000","Code 2 Transport","2016-04-06T06:23:15.000","FRANKLIN ST/GOLDEN GATE AVE","San Francisco","94102","B02","05","0326","3","3","3","true","Potentially Life-Threatening","1","MEDIC","2","2","5","Western Addition","160970403-70","POINT (-122.42209 37.780823)","2024-02-05T03:27:52.000","2024-02-05T10:56:25.000","39"
"161000007","76","16039548","Medical Incident","2016-04-09T00:00:00.000","2016-04-08T00:00:00.000","2016-04-09T00:02:36.000","2016-04-09T00:02:36.000","2016-04-09T00:03:04.000","2016-04-09T00:03:12.000",,,,"No Merit","2016-04-09T00:14:07.000","BAY ST/MIDWAY ST","San Francisco","94133","B01","28","1263","3","3","3","true","Potentially Life-Threatening","1","MEDIC","3","1","3","North Beach","161000007-76","POINT (-122.409485 37.806133)","2024-02-05T03:27:52.000","2024-02-05T10:56:25.000","23"
"160953333","AM16","16037760","Medical Incident","2016-04-04T00:00:00.000","2016-04-04T00:00:00.000","2016-04-04T19:01:21.000","2016-04-04T19:01:21.000","2016-04-04T19:06:49.000","2016-04-04T19:07:16.000","2016-04-04T19:10:23.000",,,"Patient Declined Transport","2016-04-04T19:30:42.000","ELLIS ST/JONES ST","San Francisco","94102","B03","03","1461","2","2","2","false","Non Life-threatening","1","PRIVATE","1","2","6","Tenderloin","160953333-AM16","POINT (-122.41278 37.784866)","2024-02-05T03:27:52.000","2024-02-05T10:56:25.000","36"
"160990219","73","16039171","Medical Incident","2016-04-08T00:00:00.000","2016-04-07T00:00:00.000","2016-04-08T02:10:05.000","2016-04-08T02:10:50.000","2016-04-08T02:11:22.000","2016-04-08T02:12:01.000","2016-04-08T02:25:56.000","2016-04-08T02:41:35.000","2016-04-08T02:48:50.000","Code 2 Transport","2016-04-08T03:38:48.000","GEARY BLVD/FILLMORE ST","San Francisco","94115","B04","05","3541","3","3","3","true","Potentially Life-Threatening","1","MEDIC","2","4","5","Western Addition","160990219-73","POINT (-122.432915 37.784355)","2024-02-05T03:27:52.000","2024-02-05T10:56:25.000","39"
"160990357","E12","16039183","Alarms","2016-04-08T00:00:00.000","2016-04-07T00:00:00.000","2016-04-08T04:23:52.000","2016-04-08T04:25:15.000","2016-04-08T04:25:25.000","2016-04-08T04:27:56.000","2016-04-08T04:29:20.000",,,"Fire","2016-04-08T04:37:03.000","HILL POINT AVE/PARNASSUS AVE","San Francisco","94131","B05","12","5155","3","3","3","true","Alarm","1","ENGINE","1","5","5","Inner Sunset","160990357-E12","POINT (-122.45578 37.76407)","2024-02-05T03:27:52.000","2024-02-05T10:56:25.000","14"
"160952349","KM05","16037669","Medical Incident","2016-04-04T00:00:00.000","2016-04-04T00:00:00.000","2016-04-04T15:02:58.000","2016-04-04T15:03:35.000","2016-04-04T15:04:19.000","2016-04-04T15:05:09.000","2016-04-04T15:08:58.000","2016-04-04T15:33:33.000","2016-04-04T16:06:40.000","Code 2 Transport","2016-04-04T16:54:06.000","HARDIE PL/KEARNY ST","San Francisco","94108","B01","13","1242","3","3","3","false","Non Life-threatening","1","PRIVATE","2","1","3","Financial District/South Beach","160952349-KM05","POINT (-122.40393 37.790287)","2024-02-05T03:27:52.000","2024-02-05T10:56:25.000","8"
"160993723","E33","16039494","Medical Incident","2016-04-08T00:00:00.000","2016-04-08T00:00:00.000","2016-04-08T21:49:27.000","2016-04-08T21:49:27.000","2016-04-08T21:54:46.000","2016-04-08T21:55:30.000","2016-04-08T21:57:50.000",,,"Code 2 Transport","2016-04-08T22:02:47.000","SICKLES AVE/SEARS ST","San Francisco","94112","B09","33","6213","2","3","3","true","Potentially Life-Threatening","1","ENGINE","1","9","11","Outer Mission","160993723-E33","POINT (-122.45389 37.70968)","2024-02-05T03:27:52.000","2024-02-05T10:56:25.000","28"
"160930132","76","16036681","Medical Incident","2016-04-02T00:00:00.000","2016-04-01T00:00:00.000","2016-04-02T00:48:14.000","2016-04-02T00:49:48.000","2016-04-02T00:50:40.000","2016-04-02T00:50:46.000","2016-04-02T00:57:11.000","2016-04-02T01:04:37.000","2016-04-02T01:35:44.000","Code 2 Transport","2016-04-02T02:04:21.000","ALAMEDA ST/SAN BRUNO AVE","San Francisco","94103","B02","29","2351","3","E","3","true","Potentially Life-Threatening","1","MEDIC","2","2","10","Mission","160930132-76","POINT (-122.40583 37.768475)","2024-02-05T03:27:52.000","2024-02-05T10:56:25.000","20"
"161012659","B04","16040271","Alarms","2016-04-10T00:00:00.000","2016-04-10T00:00:00.000","2016-04-10T17:50:25.000","2016-04-10T17:51:57.000","2016-04-10T17:53:19.000","2016-04-10T17:54:41.000",,,,"Fire","2016-04-10T17:57:51.000","EDDY ST/WEBSTER ST","San Francisco","94115","B05","05","3515","3","3","3","false","Alarm","1","CHIEF","3","5","5","Western Addition","161012659-B04","POINT (-122.43061 37.781647)","2024-02-05T03:27:52.000","2024-02-05T10:56:25.000","39"
"160942286","E13","16037308","Structure Fire / Smoke in Building","2016-04-03T00:00:00.000","2016-04-03T00:00:00.000","2016-04-03T15:21:48.000","2016-04-03T15:21:48.000","2016-04-03T15:21:55.000","2016-04-03T15:22:04.000","2016-04-03T15:23:37.000",,,"Fire","2016-04-03T15:23:54.000","BATTERY ST/MERCHANT ST","San Francisco","94111","B01","13","1161","3","3","3","true","Alarm","1","ENGINE","1","1","3","Financial District/South Beach","160942286-E13","POINT (-122.40041 37.79545)","2024-02-05T03:27:52.000","2024-02-05T10:56:25.000","8"
"160951738","62","16037624","Medical Incident","2016-04-04T00:00:00.000","2016-04-04T00:00:00.000","2016-04-04T12:36:30.000","2016-04-04T12:36:30.000","2016-04-04T12:39:00.000","2016-04-04T12:39:08.000","2016-04-04T12:56:23.000","2016-04-04T13:11:06.000","2016-04-04T12:56:23.000","Code 2 Transport","2016-04-04T14:30:42.000","BROOKDALE AVE/SANTOS ST","San Francisco","94134","B09","43","6243","2","2","2","true","Non Life-threatening","1","MEDIC","1","9","10","Visitacion Valley","160951738-62","POINT (-122.41876 37.711933)","2024-02-05T03:27:52.000","2024-02-05T10:56:25.000","40"
"161000259","E41","16039588","Medical Incident","2016-04-09T00:00:00.000","2016-04-08T00:00:00.000","2016-04-09T01:51:00.000","2016-04-09T01:53:58.000","2016-04-09T01:54:20.000","2016-04-09T01:56:03.000","2016-04-09T01:57:35.000",,,"Code 2 Transport","2016-04-09T01:59:52.000","JONES ST/BUSH ST","San Francisco","94109","B01","41","1446","2","2","2","false","Non Life-threatening","1","ENGINE","1","1","3","Nob Hill","161000259-E41","POINT (-122.41373 37.789528)","2024-02-05T03:27:52.000","2024-02-05T10:56:25.000","21"
"160951389","RS2","16037594","Medical Incident","2016-04-04T00:00:00.000","2016-04-04T00:00:00.000","2016-04-04T11:17:45.000","2016-04-04T11:18:01.000","2016-04-04T11:18:27.000","2016-04-04T11:18:55.000",,,,"Code 2 Transport","2016-04-04T11:20:18.000","17TH ST/CAPP ST","San Francisco","94110","B02","07","5246","3","3","3","false","Potentially Life-Threatening","1","RESCUE SQUAD","3","2","9","Mission","160951389-RS2","POINT (-122.41849 37.763496)","2024-02-05T03:27:52.000","2024-02-05T10:56:25.000","20"
"160951680","E01","16037617","Structure Fire / Smoke in Building","2016-04-04T00:00:00.000","2016-04-04T00:00:00.000","2016-04-04T12:24:55.000","2016-04-04T12:24:55.000","2016-04-04T12:25:09.000","2016-04-04T12:25:54.000",,,,"Fire","2016-04-04T12:27:00.000","CLARA ST/05TH ST","San Francisco","94107","B03","08","2243","3","3","3","true","Alarm","1","ENGINE","2","3","6","South of Market","160951680-E01","POINT (-122.402374 37.779457)","2024-02-05T03:27:52.000","2024-02-05T10:56:25.000","34"
"160970966","E13","16038337","Medical Incident","2016-04-06T00:00:00.000","2016-04-06T00:00:00.000","2016-04-06T09:11:42.000","2016-04-06T09:12:38.000","2016-04-06T09:15:06.000","2016-04-06T09:16:21.000","2016-04-06T09:17:21.000",,,"Code 2 Transport","2016-04-06T09:25:58.000","STEUART ST/MISSION ST","San Francisco","94105","B03","35","2131","3","3","3","true","Potentially Life-Threatening","1","ENGINE","1","3","3","Financial District/South Beach","160970966-E13","POINT (-122.39318 37.793232)","2024-02-05T03:27:52.000","2024-02-05T10:56:25.000","8"
"161012929","E36","16040294","Medical Incident","2016-04-10T00:00:00.000","2016-04-10T00:00:00.000","2016-04-10T19:03:31.000","2016-04-10T19:04:31.000","2016-04-10T19:04:43.000","2016-04-10T19:06:19.000","2016-04-10T19:09:48.000",,,"Code 2 Transport","2016-04-10T19:10:05.000","JONES ST/GOLDEN GATE AVE","San Francisco","94102","B02","01","1546","2","E","3","true","Potentially Life-Threatening","1","ENGINE","3","2","6","Tenderloin","161012929-E36","POINT (-122.412224 37.782074)","2024-02-05T03:27:52.000","2024-02-05T10:56:25.000","36"
"161030370","B02","16040788","Alarms","2016-04-12T00:00:00.000","2016-04-11T00:00:00.000","2016-04-12T04:48:29.000","2016-04-12T04:50:17.000","2016-04-12T04:50:28.000","2016-04-12T04:52:07.000",,,,"No Merit","2016-04-12T04:56:29.000","JULIAN AVE/16TH ST","San Francisco","94103","B02","06","5226","3","3","3","false","Alarm","1","CHIEF","3","2","9","Mission","161030370-B02","POINT (-122.4209 37.764977)","2024-02-05T03:27:52.000","2024-02-05T10:56:25.000","20"
"161023389","E07","16040680","Medical Incident","2016-04-11T00:00:00.000","2016-04-11T00:00:00.000","2016-04-11T19:07:29.000","2016-04-11T19:07:29.000","2016-04-11T19:07:35.000","2016-04-11T19:08:25.000",,,,"Code 2 Transport","2016-04-11T19:10:29.000","16TH ST/MISSION ST","San Francisco","94103","B02","07","5236","3","3","3","true","Potentially Life-Threatening","1","ENGINE","2","2","9","Mission","161023389-E07","POINT (-122.41967 37.765053)","2024-02-05T03:27:52.000","2024-02-05T10:56:25.000","20"
"160932473","E07","16036944","Medical Incident","2016-04-02T00:00:00.000","2016-04-02T00:00:00.000","2016-04-02T16:34:04.000","2016-04-02T16:34:04.000","2016-04-02T16:34:04.000","2016-04-02T16:34:04.000","2016-04-02T16:34:04.000",,,"Cancelled","2016-04-02T17:07:15.000","FOLSOM ST/19TH ST","San Francisco","94110","B06","07","5447","3","3","3","true","Potentially Life-Threatening","1","ENGINE","1","6","9","Mission","160932473-E07","POINT (-122.41484 37.760498)","2024-02-05T03:27:52.000","2024-02-05T10:56:25.000","20"
"160931933","T12","16036888","Alarms","2016-04-02T00:00:00.000","2016-04-02T00:00:00.000","2016-04-02T13:58:21.000","2016-04-02T14:00:23.000","2016-04-02T14:01:20.000","2016-04-02T14:02:34.000","2016-04-02T14:03:57.000",,,"Fire","2016-04-02T14:06:07.000","PARNASSUS AVE/WOODLAND AVE","San Francisco","94117","B05","12","5153","3","3","3","false","Alarm","1","TRUCK","2","5","5","Inner Sunset","160931933-T12","POINT (-122.453514 37.764397)","2024-02-05T03:27:52.000","2024-02-05T10:56:25.000","14"
"160942930","E39","16037372","Medical Incident","2016-04-03T00:00:00.000","2016-04-03T00:00:00.000","2016-04-03T18:29:57.000","2016-04-03T18:31:04.000","2016-04-03T18:31:25.000","2016-04-03T18:33:09.000","2016-04-03T18:36:29.000",,,"No Merit","2016-04-03T18:37:32.000","ROCKDALE DR/REPOSA WAY","San Francisco","94127","B09","39","8652","3","3","3","true","Non Life-threatening","1","ENGINE","1","9","7","West of Twin Peaks","160942930-E39","POINT (-122.44996 37.740448)","2024-02-05T03:27:52.000","2024-02-05T10:56:25.000","41"
"160923984","AM24","16036652","Medical Incident","2016-04-01T00:00:00.000","2016-04-01T00:00:00.000","2016-04-01T23:29:01.000","2016-04-01T23:33:19.000","2016-04-01T23:33:35.000","2016-04-01T23:39:30.000","2016-04-01T23:43:57.000","2016-04-01T23:50:18.000","2016-04-02T00:01:29.000","Code 2 Transport","2016-04-02T00:34:41.000","ELLIS ST/HYDE ST","San Francisco","94109","B02","03","1555","2","2","2","false","Potentially Life-Threatening","1","PRIVATE","2","2","6","Tenderloin","160923984-AM24","POINT (-122.41607 37.78445)","2024-02-05T03:27:52.000","2024-02-05T10:56:25.000","36"
"161020360","E06","16040410","Medical Incident","2016-04-11T00:00:00.000","2016-04-10T00:00:00.000","2016-04-11T04:35:42.000","2016-04-11T04:36:49.000","2016-04-11T04:38:05.000","2016-04-11T04:40:59.000","2016-04-11T04:45:29.000",,,"Code 2 Transport","2016-04-11T04:48:35.000","ERIE ST/MISSION ST","San Francisco","94103","B02","36","5215","2","3","3","true","Potentially Life-Threatening","1","ENGINE","2","2","9","Mission","161020360-E06","POINT (-122.42003 37.769047)","2024-02-05T03:27:52.000","2024-02-05T10:56:25.000","20"
"160951990","66","16037652","Medical Incident","2016-04-04T00:00:00.000","2016-04-04T00:00:00.000","2016-04-04T13:39:23.000","2016-04-04T13:39:23.000","2016-04-04T13:45:36.000","2016-04-04T13:46:10.000",,,,"Code 2 Transport","2016-04-04T13:46:39.000","PINTO AVE/ARBALLO DR","San Francisco","94132","B08","19","8582","2","2","2","true","Non Life-threatening","1","MEDIC","3","8","7","Lakeshore","160951990-66","POINT (-122.48302 37.72045)","2024-02-05T03:27:52.000","2024-02-05T10:56:25.000","16"
"160982120","T03","16038938","Medical Incident","2016-04-07T00:00:00.000","2016-04-07T00:00:00.000","2016-04-07T13:53:58.000","2016-04-07T13:54:30.000","2016-04-07T13:54:49.000","2016-04-07T13:55:32.000","2016-04-07T13:58:12.000",,,"Code 2 Transport","2016-04-07T14:18:40.000","TAYLOR ST/POST ST","San Francisco","94102","B01","03","1451","3","3","3","false","Potentially Life-Threatening","1","TRUCK","1","1","3","Nob Hill","160982120-T03","POINT (-122.4117 37.787872)","2024-02-05T03:27:52.000","2024-02-05T10:56:25.000","21"
"160992704","T02","16039398","Structure Fire / Smoke in Building","2016-04-08T00:00:00.000","2016-04-08T00:00:00.000","2016-04-08T17:13:48.000","2016-04-08T17:13:48.000","2016-04-08T17:14:05.000","2016-04-08T17:16:01.000","2016-04-08T17:18:47.000",,,"Fire","2016-04-08T17:27:38.000","JOICE ST/CLAY ST","San Francisco","94108","B01","02","0135","3","3","3","false","Alarm","1","TRUCK","2","1","3","Chinatown","160992704-T02","POINT (-122.40872 37.793957)","2024-02-05T03:27:52.000","2024-02-05T10:56:25.000","6"
"160962714","B03","16038091","Structure Fire / Smoke in Building","2016-04-05T00:00:00.000","2016-04-05T00:00:00.000","2016-04-05T16:25:02.000","2016-04-05T16:29:07.000","2016-04-05T16:29:40.000","2016-04-05T16:31:23.000",,,,"Fire","2016-04-05T16:33:55.000","BECKETT ST/PACIFIC AVE","San Francisco","94133","B01","13","1246","3","3","3","false","Alarm","1","CHIEF","11","1","3","Chinatown","160962714-B03","POINT (-122.406525 37.796944)","2024-02-05T03:27:52.000","2024-02-05T10:56:25.000","6"
"160993056","E35","16039422","Medical Incident","2016-04-08T00:00:00.000","2016-04-08T00:00:00.000","2016-04-08T18:33:45.000","2016-04-08T18:33:45.000","2016-04-08T18:33:58.000","2016-04-08T18:35:02.000","2016-04-08T18:37:08.000",,,"SFPD","2016-04-08T18:46:54.000","THE EMBARCADERO/BRYANT ST","San Francisco","94105","B03","35","0928","3","3","3","true","Potentially Life-Threatening","1","ENGINE","1","3","6","Financial District/South Beach","160993056-E35","POINT (-122.387794 37.787098)","2024-02-05T03:27:52.000","2024-02-05T10:56:25.000","8"
"160971197","57","16038353","Medical Incident","2016-04-06T00:00:00.000","2016-04-06T00:00:00.000","2016-04-06T09:58:35.000","2016-04-06T09:59:46.000","2016-04-06T10:00:40.000","2016-04-06T10:01:15.000","2016-04-06T10:05:29.000","2016-04-06T10:19:35.000","2016-04-06T10:59:51.000","Code 2 Transport","2016-04-06T11:59:26.000","MARKET ST/11TH ST","San Francisco","94103","B02","36","3111","3","3","3","true","Potentially Life-Threatening","1","MEDIC","1","2","6","South of Market","160971197-57","POINT (-122.418655 37.77556)","2024-02-05T03:27:52.000","2024-02-05T10:56:25.000","34"
"161041837","AM08","16041279","Medical Incident","2016-04-13T00:00:00.000","2016-04-13T00:00:00.000","2016-04-13T12:41:31.000","2016-04-13T12:44:23.000","2016-04-13T12:47:16.000","2016-04-13T12:47:46.000",,,,"Fire","2016-04-13T12:52:53.000","UNION ST/MONTGOMERY ST","San Francisco","94133","B01","28","1225","3","3","3","false","Non Life-threatening","1","PRIVATE","4","1","3","North Beach","161041837-AM08","POINT (-122.40443 37.801037)","2024-02-05T03:27:52.000","2024-02-05T10:56:25.000","23"
"160992483","84","16039383","Medical Incident","2016-04-08T00:00:00.000","2016-04-08T00:00:00.000","2016-04-08T16:15:22.000","2016-04-08T16:16:59.000","2016-04-08T16:17:26.000","2016-04-08T16:17:40.000","2016-04-08T16:19:23.000","2016-04-08T16:31:15.000","2016-04-08T16:51:24.000","Code 2 Transport","2016-04-08T17:37:40.000","06TH ST/MISSION ST","San Francisco","94103","B03","01","2251","3","3","3","true","Potentially Life-Threatening","1","MEDIC","1","3","6","South of Market","160992483-84","POINT (-122.40871 37.78097)","2024-02-05T03:27:52.000","2024-02-05T10:56:25.000","34"
"161001368","50","16039733","Medical Incident","2016-04-09T00:00:00.000","2016-04-09T00:00:00.000","2016-04-09T11:40:54.000","2016-04-09T11:40:54.000","2016-04-09T11:41:05.000","2016-04-09T11:41:12.000","2016-04-09T11:49:33.000","2016-04-09T12:07:39.000","2016-04-09T12:21:29.000","Code 2 Transport","2016-04-09T13:05:28.000","EDDY ST/JONES ST","San Francisco","94102","B02","03","1540","3","3","3","true","Potentially Life-Threatening","1","MEDIC","2","2","6","Tenderloin","161001368-50","POINT (-122.4126 37.78393)","2024-02-05T03:27:52.000","2024-02-05T10:56:25.000","36"
"160922614","77","16036529","Medical Incident","2016-04-01T00:00:00.000","2016-04-01T00:00:00.000","2016-04-01T17:01:52.000","2016-04-01T17:03:48.000","2016-04-01T17:04:06.000","2016-04-01T17:04:23.000","2016-04-01T17:06:36.000","2016-04-01T17:17:44.000","2016-04-01T17:41:22.000","Code 2 Transport","2016-04-01T18:10:00.000","LA PLAYA/LINCOLN WAY/MARTIN LUTHER KING JR DR","San Francisco","94122","B08","23","7722","3","3","3","true","Potentially Life-Threatening","1","MEDIC","1","7","4","Sunset/Parkside","160922614-77","POINT (-122.5094 37.764034)","2024-02-05T03:27:52.000","2024-02-05T10:56:25.000","12"
"160951931","E28","16037644","Medical Incident","2016-04-04T00:00:00.000","2016-04-04T00:00:00.000","2016-04-04T13:26:57.000","2016-04-04T13:27:34.000","2016-04-04T13:28:44.000","2016-04-04T13:30:21.000",,,,"Against Medical Advice","2016-04-04T13:31:39.000","BEACH ST/HYDE ST","San Francisco","94109","B01","28","1616","3","3","3","false","Potentially Life-Threatening","1","ENGINE","3","1","2","Russian Hill","160951931-E28","POINT (-122.42056 37.806656)","2024-02-05T03:27:52.000","2024-02-05T10:56:25.000","32"
"161000057","AM18","16039557","Medical Incident","2016-04-09T00:00:00.000","2016-04-08T00:00:00.000","2016-04-09T00:17:39.000","2016-04-09T00:18:54.000","2016-04-09T00:20:25.000","2016-04-09T00:21:07.000",,,,"Gone on Arrival","2016-04-09T00:24:58.000","SANCHEZ ST/MARKET ST","San Francisco","94114","B02","06","5213","3","3","3","false","Potentially Life-Threatening","1","PRIVATE","2","5","8","Castro/Upper Market","161000057-AM18","POINT (-122.43102 37.76587)","2024-02-05T03:27:52.000","2024-02-05T10:56:25.000","5"
"160992144","T03","16039340","Alarms","2016-04-08T00:00:00.000","2016-04-08T00:00:00.000","2016-04-08T14:57:35.000","2016-04-08T14:58:46.000","2016-04-08T14:59:15.000","2016-04-08T15:00:29.000","2016-04-08T15:01:38.000",,,"Fire","2016-04-08T15:07:27.000","LARKIN ST/CALIFORNIA ST","San Francisco","94109","B04","41","1635","3","3","3","false","Alarm","1","TRUCK","1","4","3","Nob Hill","160992144-T03","POINT (-122.41904 37.790787)","2024-02-05T03:27:52.000","2024-02-05T10:56:25.000","21"
"160990965","89","16039235","Medical Incident","2016-04-08T00:00:00.000","2016-04-08T00:00:00.000","2016-04-08T09:34:49.000","2016-04-08T09:34:49.000","2016-04-08T09:35:00.000","2016-04-08T09:35:06.000","2016-04-08T09:42:05.000",,,"Patient Declined Transport","2016-04-08T10:19:12.000","RAMSELL ST/RANDOLPH ST","San Francisco","94132","B09","33","8416","2","2","2","true","Non Life-threatening","1","MEDIC","1","9","11","Oceanview/Merced/Ingleside","160990965-89","POINT (-122.4662 37.71428)","2024-02-05T03:27:52.000","2024-02-05T10:56:25.000","24"
"032410103","E13","03068916","Gas Leak (Natural and LP Gases)","2003-08-29T00:00:00.000","2003-08-29T00:00:00.000","2003-08-29T10:27:41.000","2003-08-29T10:29:11.000","2003-08-29T10:29:25.000","2003-08-29T10:30:43.000","2003-08-29T10:33:33.000",,,"Other","2003-08-29T10:52:52.000","01ST ST/GUY PL","SF","94105","B03","35","2137","3","3","3","true",,"1","ENGINE","1","3","6","Financial District/South Beach","032410103-E13","POINT (-122.39392 37.78685)","2024-02-05T03:27:52.000","2024-02-05T10:56:25.000","8"
"160931892","E22","16036879","Structure Fire / Smoke in Building","2016-04-02T00:00:00.000","2016-04-02T00:00:00.000","2016-04-02T13:48:28.000","2016-04-02T13:48:28.000","2016-04-02T13:51:31.000","2016-04-02T13:52:46.000","2016-04-02T13:54:02.000",,,"Fire","2016-04-02T13:54:49.000","09TH AVE/LINCOLN WAY","San Francisco","94122","B08","22","7333","3","3","3","false","Alarm","1","ENGINE","1","7","5","Inner Sunset","160931892-E22","POINT (-122.466446 37.765926)","2024-02-05T03:27:52.000","2024-02-05T10:56:25.000","14"
"161000418","79","16039609","Medical Incident","2016-04-09T00:00:00.000","2016-04-08T00:00:00.000","2016-04-09T03:12:23.000","2016-04-09T03:15:03.000","2016-04-09T03:19:17.000","2016-04-09T03:19:35.000","2016-04-09T03:47:57.000","2016-04-09T04:06:43.000","2016-04-09T04:18:19.000","Code 2 Transport","2016-04-09T04:29:53.000","ORTEGA ST/19TH AVE","San Francisco","94116","B08","40","7421","2","2","2","true","Non Life-threatening","1","MEDIC","1","8","4","Sunset/Parkside","161000418-79","POINT (-122.476295 37.75238)","2024-02-05T03:27:52.000","2024-02-05T10:56:25.000","35"
"161042927","KM01","16041386","Medical Incident","2016-04-13T00:00:00.000","2016-04-13T00:00:00.000","2016-04-13T17:14:42.000","2016-04-13T17:16:19.000","2016-04-13T17:16:39.000","2016-04-13T17:17:33.000","2016-04-13T17:33:28.000",,,"Medical Examiner","2016-04-13T18:40:03.000","PORTOLA DR/EVELYN WAY","San Francisco","94127","B08","39","8661","2","2","2","false","Non Life-threatening","1","PRIVATE","1","9","7","West of Twin Peaks","161042927-KM01","POINT (-122.45421 37.743984)","2024-02-05T03:27:52.000","2024-02-05T10:56:25.000","41"
"161033714","76","16041060","Medical Incident","2016-04-12T00:00:00.000","2016-04-12T00:00:00.000","2016-04-12T20:15:55.000","2016-04-12T20:16:41.000","2016-04-12T20:17:01.000","2016-04-12T20:17:19.000","2016-04-12T20:24:44.000","2016-04-12T21:30:09.000","2016-04-12T21:29:43.000","Code 2 Transport","2016-04-12T21:30:18.000","FOLSOM ST/DORE ST","San Francisco","94103","B02","36","2342","2","2","2","true","Non Life-threatening","1","MEDIC","1","2","6","South of Market","161033714-76","POINT (-122.412224 37.773285)","2024-02-05T03:27:52.000","2024-02-05T10:56:25.000","34"
"160921447","E08","16036414","Medical Incident","2016-04-01T00:00:00.000","2016-04-01T00:00:00.000","2016-04-01T11:52:46.000","2016-04-01T11:53:14.000","2016-04-01T11:53:31.000","2016-04-01T11:54:56.000","2016-04-01T11:57:35.000",,,"Code 2 Transport","2016-04-01T12:11:33.000","07TH ST/HARRISON ST","San Francisco","94103","B03","08","0231","3","3","3","true","Potentially Life-Threatening","1","ENGINE","1","2","6","South of Market","160921447-E08","POINT (-122.406296 37.775513)","2024-02-05T03:27:52.000","2024-02-05T10:56:25.000","34"
"160970877","65","16038325","Medical Incident","2016-04-06T00:00:00.000","2016-04-06T00:00:00.000","2016-04-06T08:44:44.000","2016-04-06T08:46:11.000","2016-04-06T08:46:44.000","2016-04-06T08:47:03.000","2016-04-06T08:54:31.000","2016-04-06T09:11:35.000","2016-04-06T09:24:45.000","Code 2 Transport","2016-04-06T09:51:27.000","BACHE ST/CRESCENT AVE","San Francisco","94110","B06","32","5751","3","3","3","true","Potentially Life-Threatening","1","MEDIC","2","6","9","Bernal Heights","160970877-65","POINT (-122.41748 37.73492)","2024-02-05T03:27:52.000","2024-02-05T10:56:25.000","2"
"161040399","T01","16041159","Other","2016-04-13T00:00:00.000","2016-04-12T00:00:00.000","2016-04-13T04:55:30.000","2016-04-13T04:55:30.000","2016-04-13T04:55:41.000","2016-04-13T04:59:48.000",,,,"Fire","2016-04-13T05:21:41.000","NATOMA ST/11TH ST","San Francisco","94103","B02","36","5114","3","3","3","false","Alarm","1","TRUCK","1","2","6","South of Market","161040399-T01","POINT (-122.41611 37.773533)","2024-02-05T03:27:52.000","2024-02-05T10:56:25.000","20"
"161001515","B04","16039748","Alarms","2016-04-09T00:00:00.000","2016-04-09T00:00:00.000","2016-04-09T12:22:56.000","2016-04-09T12:25:01.000","2016-04-09T12:25:23.000","2016-04-09T12:26:04.000",,,,"Fire","2016-04-09T12:30:17.000","ANZA AVE/LINCOLN BLVD","Presidio","94129","B99","51","4626","3","3","3","false","Alarm","1","CHIEF","2","7","2","Presidio","161001515-B04","POINT (-122.45661 37.801716)","2024-02-05T03:27:52.000","2024-02-05T10:56:25.000","27"
"161002089","E16","16039814","Water Rescue","2016-04-09T00:00:00.000","2016-04-09T00:00:00.000","2016-04-09T15:39:48.000","2016-04-09T15:40:46.000","2016-04-09T15:41:09.000","2016-04-09T15:42:44.000",,,,"Medical Examiner","2016-04-09T16:57:53.000","MARINE DR/END","San Francisco","94129","B99","51","4632","3","3","3","true","Fire","1","ENGINE","9","7","2","Presidio","161002089-E16","POINT (-122.4766 37.81068)","2024-02-05T03:27:52.000","2024-02-05T10:56:25.000","27"
"161002334","RC1","16039842","Medical Incident","2016-04-09T00:00:00.000","2016-04-09T00:00:00.000","2016-04-09T16:56:29.000","2016-04-09T16:59:16.000","2016-04-09T17:00:17.000","2016-04-09T17:00:17.000",,,,"Code 2 Transport","2016-04-09T17:02:48.000","STEVENSON ST/07TH ST/ODD FELLOWS WAY","San Francisco","94103","B02","36","2316","2","2","2","true","Potentially Life-Threatening","1","RESCUE CAPTAIN","3","2","6","South of Market","161002334-RC1","POINT (-122.411934 37.780006)","2024-02-05T03:27:52.000","2024-02-05T10:56:25.000","34"
"161022117","RS1","16040582","Medical Incident","2016-04-11T00:00:00.000","2016-04-11T00:00:00.000","2016-04-11T13:55:44.000","2016-04-11T13:57:53.000","2016-04-11T13:59:16.000","2016-04-11T14:00:26.000",,,,"Code 2 Transport","2016-04-11T14:02:28.000","MISSION ST/09TH ST","San Francisco","94103","B02","36","2336","E","E","3","false","Potentially Life-Threatening","1","RESCUE SQUAD","3","2","6","South of Market","161022117-RS1","POINT (-122.41471 37.77623)","2024-02-05T03:27:52.000","2024-02-05T10:56:25.000","34"
"161043182","T10","16041406","Medical Incident","2016-04-13T00:00:00.000","2016-04-13T00:00:00.000","2016-04-13T18:15:21.000","2016-04-13T18:16:54.000","2016-04-13T18:17:09.000","2016-04-13T18:18:26.000",,,,"Code 2 Transport","2016-04-13T18:19:24.000","POST ST/SCOTT ST","San Francisco","94115","B04","10","4131","3","3","3","false","Potentially Life-Threatening","1","TRUCK","3","5","5","Japantown","161043182-T10","POINT (-122.43802 37.78453)","2024-02-05T03:27:52.000","2024-02-05T10:56:25.000","15"
"160932998","E10","16036989","Medical Incident","2016-04-02T00:00:00.000","2016-04-02T00:00:00.000","2016-04-02T18:53:13.000","2016-04-02T18:55:08.000","2016-04-02T18:56:18.000","2016-04-02T18:58:50.000","2016-04-02T19:00:06.000",,,"Code 2 Transport","2016-04-02T19:08:33.000","TURK BLVD/TAMALPAIS TER","San Francisco","94118","B05","21","4564","3","3","3","true","Potentially Life-Threatening","1","ENGINE","1","5","1","Lone Mountain/USF","160932998-E10","POINT (-122.448875 37.77839)","2024-02-05T03:27:52.000","2024-02-05T10:56:25.000","18"
"161040804","E48","16041190","Outside Fire","2016-04-13T00:00:00.000","2016-04-13T00:00:00.000","2016-04-13T08:28:17.000","2016-04-13T08:28:17.000","2016-04-13T08:28:31.000","2016-04-13T08:30:21.000","2016-04-13T08:33:12.000",,,"Fire","2016-04-13T08:37:48.000","AVENUE D/09TH TI ST","Treasure Isla","94130","B03","48","2931","3","3","3","true","Fire","1","ENGINE","1","None","6","Treasure Island","161040804-E48","POINT (-122.37266 37.82412)","2024-02-05T03:27:52.000","2024-02-05T10:56:25.000","37"
"161032244","T15","16040947","Traffic Collision","2016-04-12T00:00:00.000","2016-04-12T00:00:00.000","2016-04-12T14:34:43.000","2016-04-12T14:34:43.000","2016-04-12T14:35:16.000","2016-04-12T14:35:34.000",,,,"Code 2 Transport","2016-04-12T14:49:09.000","PLYMOUTH AVE/MANGELS AVE","San Francisco","94127","B09","15","8522","3","3","3","false","Potentially Life-Threatening","1","TRUCK","5","9","7","West of Twin Peaks","161032244-T15","POINT (-122.45769 37.732178)","2024-02-05T03:27:52.000","2024-02-05T10:56:25.000","41"
"161000897","E14","16039672","Medical Incident","2016-04-09T00:00:00.000","2016-04-09T00:00:00.000","2016-04-09T08:52:40.000","2016-04-09T08:53:25.000","2016-04-09T08:53:48.000","2016-04-09T08:55:20.000","2016-04-09T08:57:38.000",,,"Code 2 Transport","2016-04-09T09:22:14.000","ANZA ST/14TH AVE","San Francisco","94118","B07","31","7146","3","3","3","true","Potentially Life-Threatening","1","ENGINE","2","7","1","Outer Richmond","161000897-E14","POINT (-122.47271 37.778706)","2024-02-05T03:27:52.000","2024-02-05T10:56:25.000","29"
"160992333","E07","16039363","Medical Incident","2016-04-08T00:00:00.000","2016-04-08T00:00:00.000","2016-04-08T15:43:30.000","2016-04-08T15:45:37.000","2016-04-08T15:47:27.000","2016-04-08T15:48:35.000","2016-04-08T15:52:20.000",,,"Code 2 Transport","2016-04-08T16:05:06.000","MCCOPPIN ST/GOUGH ST/OTIS ST","San Francisco","94103","B02","36","5125","2","3","3","true","Potentially Life-Threatening","1","ENGINE","1","2","6","Mission","160992333-E07","POINT (-122.42034 37.77177)","2024-02-05T03:27:52.000","2024-02-05T10:56:25.000","20"
"161021055","KM08","16040480","Medical Incident","2016-04-11T00:00:00.000","2016-04-11T00:00:00.000","2016-04-11T09:31:18.000","2016-04-11T09:34:08.000","2016-04-11T10:14:27.000","2016-04-11T10:15:50.000","2016-04-11T10:29:16.000","2016-04-11T10:41:26.000","2016-04-11T10:53:45.000","Code 2 Transport","2016-04-11T11:24:26.000","ENTERPRISE ST/FOLSOM ST","San Francisco","94110","B02","07","5237","2","2","2","false","Non Life-threatening","1","PRIVATE","2","2","9","Mission","161021055-KM08","POINT (-122.41525 37.764706)","2024-02-05T03:27:52.000","2024-02-05T10:56:25.000","20"
"160950785","57","16037548","Medical Incident","2016-04-04T00:00:00.000","2016-04-04T00:00:00.000","2016-04-04T08:41:00.000","2016-04-04T08:41:28.000","2016-04-04T08:41:41.000","2016-04-04T08:42:18.000","2016-04-04T09:01:23.000","2016-04-04T09:14:04.000","2016-04-04T09:45:57.000","Code 2 Transport","2016-04-04T10:27:25.000","VICENTE ST/PORTOLA DR/SANTA CLARA AVE","San Francisco","94127","B08","39","8562","2","2","2","true","Non Life-threatening","1","MEDIC","1","8","7","West of Twin Peaks","160950785-57","POINT (-122.466156 37.739235)","2024-02-05T03:27:52.000","2024-02-05T10:56:25.000","41"
"032350395","M08","03067494","Medical Incident","2003-08-23T00:00:00.000","2003-08-23T00:00:00.000","2003-08-23T23:41:16.000","2003-08-23T23:45:43.000","2003-08-23T23:47:01.000",,,,,"Other",,"21ST ST/VALENCIA ST","SF","94110","B06","07","5456","3","3","3","true",,"1","MEDIC","1","6","9","Mission","032350395-M08","POINT (-122.42112 37.7569)","2024-02-05T03:27:52.000","2024-02-05T10:56:25.000","20"
"160974195","76","16038670","Medical Incident","2016-04-06T00:00:00.000","2016-04-06T00:00:00.000","2016-04-06T21:11:59.000","2016-04-06T21:14:19.000","2016-04-06T21:15:26.000","2016-04-06T21:15:34.000","2016-04-06T21:18:03.000","2016-04-06T21:33:42.000","2016-04-06T21:36:12.000","Code 2 Transport","2016-04-06T21:54:24.000","ELLIS ST/LARKIN ST","San Francisco","94109","B02","03","1555","2","2","2","true","Non Life-threatening","1","MEDIC","1","2","6","Tenderloin","160974195-76","POINT (-122.41771 37.784237)","2024-02-05T03:27:52.000","2024-02-05T10:56:25.000","36"
"160990725","E23","16039210","Medical Incident","2016-04-08T00:00:00.000","2016-04-08T00:00:00.000","2016-04-08T08:14:21.000","2016-04-08T08:14:44.000","2016-04-08T08:14:57.000","2016-04-08T08:16:14.000","2016-04-08T08:19:26.000",,,"Code 2 Transport","2016-04-08T08:19:52.000","42ND AVE/MORAGA ST","San Francisco","94122","B08","23","7651","3","3","3","false","Potentially Life-Threatening","1","ENGINE","1","8","4","Sunset/Parkside","160990725-E23","POINT (-122.50125 37.755)","2024-02-05T03:27:52.000","2024-02-05T10:56:25.000","35"
"161022108","50","16040581","Medical Incident","2016-04-11T00:00:00.000","2016-04-11T00:00:00.000","2016-04-11T13:55:11.000","2016-04-11T13:55:57.000","2016-04-11T13:56:19.000","2016-04-11T13:56:26.000","2016-04-11T14:00:26.000",,,"No Merit","2016-04-11T14:09:11.000","CHURCH ST/RESERVOIR ST","San Francisco","94114","B02","06","5213","3","3","3","true","Potentially Life-Threatening","1","MEDIC","1","2","8","Castro/Upper Market","161022108-50","POINT (-122.429054 37.768673)","2024-02-05T03:27:52.000","2024-02-05T10:56:25.000","5"
"161041169","E01","16041219","Medical Incident","2016-04-13T00:00:00.000","2016-04-13T00:00:00.000","2016-04-13T10:01:51.000","2016-04-13T10:02:17.000","2016-04-13T10:02:35.000","2016-04-13T10:04:45.000","2016-04-13T10:09:48.000",,,"Code 2 Transport","2016-04-13T10:14:14.000","08TH ST/MINNA ST","San Francisco","94103","B02","36","2318","3","3","3","true","Potentially Life-Threatening","1","ENGINE","2","2","6","South of Market","161041169-E01","POINT (-122.41261 37.777027)","2024-02-05T03:27:52.000","2024-02-05T10:56:25.000","34"
"160993545","86","16039469","Medical Incident","2016-04-08T00:00:00.000","2016-04-08T00:00:00.000","2016-04-08T20:57:28.000","2016-04-08T20:58:52.000","2016-04-08T20:59:21.000","2016-04-08T20:59:32.000","2016-04-08T21:00:42.000","2016-04-08T21:18:22.000","2016-04-08T21:49:25.000","Code 2 Transport","2016-04-08T22:28:48.000","MISSION ST/07TH ST","San Francisco","94103","B02","01","2315","2","2","2","true","Non Life-threatening","1","MEDIC","1","2","6","South of Market","160993545-86","POINT (-122.410934 37.779213)","2024-02-05T03:27:52.000","2024-02-05T10:56:25.000","34"
"161021295","E17","16040505","Medical Incident","2016-04-11T00:00:00.000","2016-04-11T00:00:00.000","2016-04-11T10:29:14.000","2016-04-11T10:29:14.000","2016-04-11T10:30:34.000","2016-04-11T10:32:11.000","2016-04-11T10:33:40.000",,,"No Merit","2016-04-11T10:35:33.000","UNDERWOOD AVE/KEITH ST","San Francisco","94124","B10","17","6547","3","3","3","true","Potentially Life-Threatening","1","ENGINE","1","10","10","Bayview Hunters Point","161021295-E17","POINT (-122.389984 37.72873)","2024-02-05T03:27:52.000","2024-02-05T10:56:25.000","1"
"160931234","KM12","16036801","Medical Incident","2016-04-02T00:00:00.000","2016-04-02T00:00:00.000","2016-04-02T10:39:50.000","2016-04-02T10:39:50.000","2016-04-02T10:40:05.000","2016-04-02T10:41:12.000","2016-04-02T10:50:28.000","2016-04-02T11:01:17.000","2016-04-02T11:17:27.000","Code 2 Transport","2016-04-02T11:37:03.000","FELL ST/ASHBURY ST","San Francisco","94117","B05","21","4514","2","2","2","false","Non Life-threatening","1","PRIVATE","1","5","5","Lone Mountain/USF","160931234-KM12","POINT (-122.447495 37.77279)","2024-02-05T03:27:52.000","2024-02-05T10:56:25.000","12"
"161023695","64","16040703","Traffic Collision","2016-04-11T00:00:00.000","2016-04-11T00:00:00.000","2016-04-11T20:58:23.000","2016-04-11T20:58:58.000","2016-04-11T20:59:50.000","2016-04-11T21:01:14.000","2016-04-11T21:10:54.000","2016-04-11T21:40:25.000","2016-04-11T21:52:09.000","Code 2 Transport","2016-04-11T22:46:40.000","SAN JOSE AVE/SENECA AVE","San Francisco","94112","B09","15","8311","2","2","2","true","Non Life-threatening","1","MEDIC","2","9","11","Outer Mission","161023695-64","POINT (-122.445854 37.72163)","2024-02-05T03:27:52.000","2024-02-05T10:56:25.000","28"
"160963386","72","16038147","Medical Incident","2016-04-05T00:00:00.000","2016-04-05T00:00:00.000","2016-04-05T18:57:11.000","2016-04-05T18:57:11.000","2016-04-05T18:59:27.000","2016-04-05T18:59:27.000","2016-04-05T19:13:42.000","2016-04-05T19:31:37.000","2016-04-05T19:48:02.000","Code 2 Transport","2016-04-05T20:20:31.000","SANTA ROSA AVE/MISSION ST","San Francisco","94112","B09","43","6116","2","2","2","true","Non Life-threatening","1","MEDIC","1","9","11","Outer Mission","160963386-72","POINT (-122.43398 37.72576)","2024-02-05T03:27:52.000","2024-02-05T10:56:25.000","7"
"160930328","E10","16036699","Medical Incident","2016-04-02T00:00:00.000","2016-04-01T00:00:00.000","2016-04-02T02:15:56.000","2016-04-02T02:17:37.000","2016-04-02T02:18:39.000","2016-04-02T02:21:14.000",,,,"Code 2 Transport","2016-04-02T02:24:29.000","ROSELYN TER/GOLDEN GATE AVE","San Francisco","94117","B05","21","4521","3","3","3","true","Potentially Life-Threatening","1","ENGINE","3","5","1","Lone Mountain/USF","160930328-E10","POINT (-122.44957 37.777317)","2024-02-05T03:27:52.000","2024-02-05T10:56:25.000","18"
"160981253","E07","16038850","Medical Incident","2016-04-07T00:00:00.000","2016-04-07T00:00:00.000","2016-04-07T10:04:23.000","2016-04-07T10:04:23.000","2016-04-07T10:04:54.000","2016-04-07T10:05:00.000","2016-04-07T10:07:56.000",,,"Code 3 Transport","2016-04-07T10:36:29.000","19TH ST/SHOTWELL ST","San Francisco","94110","B02","07","5424","3","3","3","true","Potentially Life-Threatening","1","ENGINE","2","6","9","Mission","160981253-E07","POINT (-122.41593 37.760433)","2024-02-05T03:27:52.000","2024-02-05T10:56:25.000","20"
"161000426","E01","16039612","Medical Incident","2016-04-09T00:00:00.000","2016-04-08T00:00:00.000","2016-04-09T03:19:02.000","2016-04-09T03:21:03.000","2016-04-09T03:22:14.000","2016-04-09T03:24:50.000","2016-04-09T03:28:04.000",,,"Fire","2016-04-09T03:41:37.000","MINT PLZ/END","San Francisco","94103","B03","01","2246","2","2","2","true","Potentially Life-Threatening","1","ENGINE","1","3","6","South of Market","161000426-E01","POINT (-122.40787 37.78275)","2024-02-05T03:27:52.000","2024-02-05T10:56:25.000","34"
"160974418","E18","16038694","Medical Incident","2016-04-06T00:00:00.000","2016-04-06T00:00:00.000","2016-04-06T22:18:43.000","2016-04-06T22:20:28.000","2016-04-06T22:20:36.000","2016-04-06T22:21:40.000","2016-04-06T22:25:18.000",,,"Code 2 Transport","2016-04-06T22:49:18.000","TARAVAL ST/28TH AVE","San Francisco","94116","B08","18","7522","2","2","2","true","Non Life-threatening","1","ENGINE","1","8","4","Sunset/Parkside","160974418-E18","POINT (-122.48534 37.742626)","2024-02-05T03:27:52.000","2024-02-05T10:56:25.000","35"
"161001938","T09","16039799","Alarms","2016-04-09T00:00:00.000","2016-04-09T00:00:00.000","2016-04-09T14:53:13.000","2016-04-09T14:54:12.000","2016-04-09T14:55:36.000","2016-04-09T14:57:25.000","2016-04-09T15:00:46.000",,,"Fire","2016-04-09T15:21:54.000","NEWHALL ST/MENDELL ST","San Francisco","94124","B10","25","6521","3","3","3","false","Alarm","1","TRUCK","3","10","10","Bayview Hunters Point","161001938-T09","POINT (-122.38385 37.74238)","2024-02-05T03:27:52.000","2024-02-05T10:56:25.000","1"
"161003137","77","16039939","Medical Incident","2016-04-09T00:00:00.000","2016-04-09T00:00:00.000","2016-04-09T21:05:24.000","2016-04-09T21:07:01.000","2016-04-09T21:07:25.000","2016-04-09T21:07:40.000","2016-04-09T21:17:21.000","2016-04-09T21:38:28.000","2016-04-09T21:42:18.000","Code 2 Transport","2016-04-09T22:19:21.000","COLE ST/HAYES ST","San Francisco","94117","B05","21","4523","2","2","2","true","Potentially Life-Threatening","1","MEDIC","1","5","5","Lone Mountain/USF","161003137-77","POINT (-122.45097 37.773315)","2024-02-05T03:27:52.000","2024-02-05T10:56:25.000","18"
"160930783","82","16036748","Medical Incident","2016-04-02T00:00:00.000","2016-04-02T00:00:00.000","2016-04-02T08:05:49.000","2016-04-02T08:09:35.000","2016-04-02T08:10:45.000","2016-04-02T08:11:10.000","2016-04-02T08:22:39.000","2016-04-02T08:43:13.000","2016-04-02T09:07:06.000","Code 2 Transport","2016-04-02T09:38:50.000","INGALLS ST/HARBOR RD","San Francisco","94124","B10","17","6627","2","3","3","true","Non Life-threatening","1","MEDIC","1","10","10","Bayview Hunters Point","160930783-82","POINT (-122.37993 37.73338)","2024-02-05T03:27:52.000","2024-02-05T10:56:25.000","1"
"160980381","T03","16038769","Alarms","2016-04-07T00:00:00.000","2016-04-06T00:00:00.000","2016-04-07T03:31:16.000","2016-04-07T03:31:57.000","2016-04-07T03:32:33.000","2016-04-07T03:36:17.000","2016-04-07T03:36:17.000",,,"Fire","2016-04-07T03:50:03.000","VAN NESS AVE/SUTTER ST","San Francisco","94109","B04","03","3121","3","3","3","false","Alarm","1","TRUCK","2","4","2","Nob Hill","160980381-T03","POINT (-122.42176 37.787548)","2024-02-05T03:27:52.000","2024-02-05T10:56:25.000","39"
"161022696","RS2","16040632","Structure Fire / Smoke in Building","2016-04-11T00:00:00.000","2016-04-11T00:00:00.000","2016-04-11T16:26:40.000","2016-04-11T16:27:17.000","2016-04-11T16:28:27.000","2016-04-11T16:33:26.000",,,,"Fire","2016-04-11T16:34:31.000","UNIVERSITY ST/OLMSTEAD ST","San Francisco","94134","B09","44","6322","3","3","3","false","Alarm","1","RESCUE SQUAD","10","9","9","Portola","161022696-RS2","POINT (-122.411476 37.720253)","2024-02-05T03:27:52.000","2024-02-05T10:56:25.000","25"
"160942130","E41","16037292","Medical Incident","2016-04-03T00:00:00.000","2016-04-03T00:00:00.000","2016-04-03T14:33:56.000","2016-04-03T14:34:29.000","2016-04-03T14:34:44.000","2016-04-03T14:36:37.000","2016-04-03T14:37:51.000",,,"No Merit","2016-04-03T15:02:39.000","JONES ST/BUSH ST","San Francisco","94109","B01","41","1542","2","2","2","false","Potentially Life-Threatening","1","ENGINE","1","1","3","Nob Hill","160942130-E41","POINT (-122.41373 37.789528)","2024-02-05T03:27:52.000","2024-02-05T10:56:25.000","21"
"161030423","65","16040795","Medical Incident","2016-04-12T00:00:00.000","2016-04-11T00:00:00.000","2016-04-12T05:40:07.000","2016-04-12T05:42:14.000","2016-04-12T05:42:55.000","2016-04-12T05:43:05.000","2016-04-12T05:50:22.000","2016-04-12T06:07:34.000","2016-04-12T06:50:30.000","Code 2 Transport","2016-04-12T07:15:11.000","STOCKTON ST/CLAY ST","San Francisco","94108","B01","02","1326","2","2","2","true","Non Life-threatening","1","MEDIC","2","1","3","Chinatown","161030423-65","POINT (-122.407906 37.79406)","2024-02-05T03:27:52.000","2024-02-05T10:56:25.000","6"
"161023310","B08","16040672","Alarms","2016-04-11T00:00:00.000","2016-04-11T00:00:00.000","2016-04-11T18:46:31.000","2016-04-11T18:47:28.000","2016-04-11T18:48:07.000","2016-04-11T18:49:49.000","2016-04-11T18:52:50.000",,,"Fire","2016-04-11T18:59:26.000","QUINTARA ST/39TH AVE","San Francisco","94116","B08","18","0757","3","3","3","false","Alarm","1","CHIEF","3","8","4","Sunset/Parkside","161023310-B08","POINT (-122.49751 37.7477)","2024-02-05T03:27:52.000","2024-02-05T10:56:25.000","35"
"161003618","RS2","16039991","Structure Fire / Smoke in Building","2016-04-09T00:00:00.000","2016-04-09T00:00:00.000","2016-04-09T23:15:24.000","2016-04-09T23:17:47.000","2016-04-09T23:18:52.000","2016-04-09T23:20:03.000","2016-04-09T23:28:25.000",,,"Fire","2016-04-09T23:32:04.000","19TH ST/OAKWOOD ST","San Francisco","94110","B06","07","5435","3","3","3","false","Alarm","1","RESCUE SQUAD","3","6","8","Mission","161003618-RS2","POINT (-122.424866 37.759895)","2024-02-05T03:27:52.000","2024-02-05T10:56:25.000","20"
"160992190","E35","16039347","Alarms","2016-04-08T00:00:00.000","2016-04-08T00:00:00.000","2016-04-08T15:09:37.000","2016-04-08T15:10:32.000","2016-04-08T15:11:35.000","2016-04-08T15:12:42.000","2016-04-08T15:14:59.000",,,"Fire","2016-04-08T15:24:08.000","FREMONT ST/FOLSOM ST","San Francisco","94105","B03","35","2137","3","3","3","true","Alarm","1","ENGINE","1","3","6","Financial District/South Beach","160992190-E35","POINT (-122.3936 37.788)","2024-02-05T03:27:52.000","2024-02-05T10:56:25.000","8"
"161031637","B01","16040899","Structure Fire / Smoke in Building","2016-04-12T00:00:00.000","2016-04-12T00:00:00.000","2016-04-12T12:07:34.000","2016-04-12T12:08:31.000","2016-04-12T12:09:24.000","2016-04-12T12:09:46.000","2016-04-12T12:12:15.000",,,"Fire","2016-04-12T12:29:44.000","FRANKLIN ST/CLAY ST","San Francisco","94109","B04","38","3226","3","3","3","false","Alarm","1","CHIEF","5","4","2","Pacific Heights","161031637-B01","POINT (-122.42434 37.791965)","2024-02-05T03:27:52.000","2024-02-05T10:56:25.000","30"
"160933415","E08","16037042","Structure Fire / Smoke in Building","2016-04-02T00:00:00.000","2016-04-02T00:00:00.000","2016-04-02T21:03:17.000","2016-04-02T21:03:17.000","2016-04-02T21:03:50.000","2016-04-02T21:04:43.000","2016-04-02T21:06:01.000",,,"Fire","2016-04-02T21:06:50.000","WELSH ST/05TH ST","San Francisco","94107","B03","08","2242","3","3","3","true","Alarm","1","ENGINE","1","3","6","South of Market","160933415-E08","POINT (-122.399765 37.77737)","2024-02-05T03:27:52.000","2024-02-05T10:56:25.000","34"
"161000318","E05","16039596","Medical Incident","2016-04-09T00:00:00.000","2016-04-08T00:00:00.000","2016-04-09T02:20:46.000","2016-04-09T02:21:03.000","2016-04-09T02:21:22.000","2016-04-09T02:21:38.000","2016-04-09T02:22:16.000",,,"Code 2 Transport","2016-04-09T02:32:58.000","LAGUNA ST/GOLDEN GATE AVE","San Francisco","94102","B02","05","3411","3","3","3","true","Potentially Life-Threatening","1","ENGINE","1","2","5","Western Addition","161000318-E05","POINT (-122.42702 37.780193)","2024-02-05T03:27:52.000","2024-02-05T10:56:25.000","39"
"161031185","E36","16040861","Medical Incident","2016-04-12T00:00:00.000","2016-04-12T00:00:00.000","2016-04-12T10:14:24.000","2016-04-12T10:16:21.000","2016-04-12T10:17:06.000","2016-04-12T10:19:21.000",,,,"Code 2 Transport","2016-04-12T10:22:41.000","08TH ST/GROVE ST/HYDE ST/MARKET ST","San Francisco","94103","B02","36","1646","3","3","3","true","Non Life-threatening","1","ENGINE","3","2","6","Tenderloin","161031185-E36","POINT (-122.41474 37.77872)","2024-02-05T03:27:52.000","2024-02-05T10:56:25.000","34"
"160942717","E41","16037357","Medical Incident","2016-04-03T00:00:00.000","2016-04-03T00:00:00.000","2016-04-03T17:23:27.000","2016-04-03T17:25:27.000","2016-04-03T17:26:49.000","2016-04-03T17:27:36.000",,,,"Code 2 Transport","2016-04-03T17:28:22.000","BEACH ST/JONES ST","San Francisco","94133","B01","28","1521","2","2","2","false","Non Life-threatening","1","ENGINE","3","1","3","North Beach","160942717-E41","POINT (-122.41726 37.80707)","2024-02-05T03:27:52.000","2024-02-05T10:56:25.000","23"
"160983923","AM24","16039132","Medical Incident","2016-04-07T00:00:00.000","2016-04-07T00:00:00.000","2016-04-07T22:32:32.000","2016-04-07T22:32:32.000","2016-04-07T22:32:54.000","2016-04-07T22:33:27.000","2016-04-07T22:39:58.000",,,"SFPD","2016-04-07T22:47:34.000","ORTEGA ST/22ND AVE","San Francisco","94116","B08","18","7445","2","3","3","false","Potentially Life-Threatening","1","PRIVATE","1","8","4","Sunset/Parkside","160983923-AM24","POINT (-122.47956 37.752235)","2024-02-05T03:27:52.000","2024-02-05T10:56:25.000","35"
"160942681","E41","16037355","Medical Incident","2016-04-03T00:00:00.000","2016-04-03T00:00:00.000","2016-04-03T17:14:53.000","2016-04-03T17:16:17.000","2016-04-03T17:16:29.000","2016-04-03T17:17:21.000",,,,"Cancelled","2016-04-03T17:21:07.000","EDDY ST/HYDE ST","San Francisco","94102","B02","03","1545","3","3","3","false","Non Life-threatening","1","ENGINE","2","2","6","Tenderloin","160942681-E41","POINT (-122.415886 37.783516)","2024-02-05T03:27:52.000","2024-02-05T10:56:25.000","36"
"160981101","59","16038834","Medical Incident","2016-04-07T00:00:00.000","2016-04-07T00:00:00.000","2016-04-07T09:21:13.000","2016-04-07T09:22:30.000","2016-04-07T09:24:54.000","2016-04-07T09:25:24.000","2016-04-07T09:48:04.000","2016-04-07T10:33:16.000","2016-04-07T10:44:27.000","Code 2 Transport","2016-04-07T11:22:13.000","ANGELOS ALY/JULIA ST/MISSION ST","San Francisco","94103","B02","36","2318","2","2","2","true","Non Life-threatening","1","MEDIC","1","2","6","South of Market","160981101-59","POINT (-122.412415 37.778046)","2024-02-05T03:27:52.000","2024-02-05T10:56:25.000","34"
"160981724","KM05","16038902","Medical Incident","2016-04-07T00:00:00.000","2016-04-07T00:00:00.000","2016-04-07T12:08:51.000","2016-04-07T12:10:53.000","2016-04-07T12:11:17.000","2016-04-07T12:11:42.000","2016-04-07T12:24:22.000","2016-04-07T12:48:37.000","2016-04-07T13:13:19.000","Code 2 Transport","2016-04-07T13:46:30.000","LARKIN ST/09TH ST/MARKET ST","San Francisco","94103","B02","36","2337","2","2","2","false","Non Life-threatening","1","PRIVATE","1","2","6","South of Market","160981724-KM05","POINT (-122.41629 37.777493)","2024-02-05T03:27:52.000","2024-02-05T10:56:25.000","34"
"160993936","89","16039520","Medical Incident","2016-04-08T00:00:00.000","2016-04-08T00:00:00.000","2016-04-08T22:54:00.000","2016-04-08T22:55:47.000","2016-04-08T23:02:02.000","2016-04-08T23:02:02.000","2016-04-08T23:05:33.000","2016-04-08T23:19:41.000","2016-04-08T23:30:00.000","Code 2 Transport","2016-04-09T00:00:23.000","HYDE ST/TURK ST","San Francisco","94102","B02","03","1554","3","3","3","true","Potentially Life-Threatening","1","MEDIC","1","2","6","Tenderloin","160993936-89","POINT (-122.415695 37.782585)","2024-02-05T03:27:52.000","2024-02-05T10:56:25.000","36"
"160921849","T05","16036454","Structure Fire / Smoke in Building","2016-04-01T00:00:00.000","2016-04-01T00:00:00.000","2016-04-01T13:44:30.000","2016-04-01T13:44:30.000","2016-04-01T13:44:43.000","2016-04-01T13:45:31.000",,,,"Fire","2016-04-01T13:46:40.000","WEBSTER ST/GOLDEN GATE AVE","San Francisco","94115","B05","05","3516","3","3","3","false","Alarm","1","TRUCK","2","5","5","Western Addition","160921849-T05","POINT (-122.43024 37.77978)","2024-02-05T03:27:52.000","2024-02-05T10:56:25.000","39"
"161013078","B02","16040310","Alarms","2016-04-10T00:00:00.000","2016-04-10T00:00:00.000","2016-04-10T20:01:25.000","2016-04-10T20:01:25.000","2016-04-10T20:01:39.000","2016-04-10T20:03:49.000","2016-04-10T20:05:07.000",,,"Fire","2016-04-10T20:18:40.000","MARKET ST/MCCOPPIN ST/PEARL ST","San Francisco","94103","B02","36","3416","3","3","3","false","Alarm","1","CHIEF","2","2","8","Mission","161013078-B02","POINT (-122.42397 37.77137)","2024-02-05T03:27:52.000","2024-02-05T10:56:25.000","20"
"161012187","T10","16040230","Structure Fire / Smoke in Building","2016-04-10T00:00:00.000","2016-04-10T00:00:00.000","2016-04-10T15:27:29.000","2016-04-10T15:28:00.000","2016-04-10T15:28:49.000","2016-04-10T15:29:39.000",,,,"Fire","2016-04-10T15:49:16.000","CLEMENT ST/06TH AVE","San Francisco","94118","B07","31","7127","3","3","3","false","Alarm","1","TRUCK","8","7","1","Inner Richmond","161012187-T10","POINT (-122.464424 37.78294)","2024-02-05T03:27:52.000","2024-02-05T10:56:25.000","11"
"160940667","KM07","16037163","Medical Incident","2016-04-03T00:00:00.000","2016-04-02T00:00:00.000","2016-04-03T05:24:04.000","2016-04-03T05:25:55.000","2016-04-03T05:26:51.000","2016-04-03T05:27:19.000","2016-04-03T05:32:49.000","2016-04-03T05:38:28.000","2016-04-03T05:46:08.000","Code 2 Transport","2016-04-03T06:25:48.000","08TH ST/MISSION ST","San Francisco","94103","B02","36","2318","2","2","2","false","Non Life-threatening","1","PRIVATE","1","2","6","South of Market","160940667-KM07","POINT (-122.413155 37.77746)","2024-02-05T03:27:52.000","2024-02-05T10:56:25.000","34"
"160950466","79","16037522","Medical Incident","2016-04-04T00:00:00.000","2016-04-03T00:00:00.000","2016-04-04T06:37:06.000","2016-04-04T06:37:06.000","2016-04-04T06:37:32.000","2016-04-04T06:37:40.000","2016-04-04T06:44:53.000","2016-04-04T06:54:06.000","2016-04-04T07:14:27.000","Code 2 Transport","2016-04-04T07:38:17.000","17TH ST/KANSAS ST","San Francisco","94103","B02","29","2422","2","2","2","true","Non Life-threatening","1","MEDIC","1","2","10","Potrero Hill","160950466-79","POINT (-122.40353 37.764725)","2024-02-05T03:27:52.000","2024-02-05T10:56:25.000","4"
"161042745","E01","16041367","Medical Incident","2016-04-13T00:00:00.000","2016-04-13T00:00:00.000","2016-04-13T16:38:53.000","2016-04-13T16:38:53.000","2016-04-13T16:38:53.000","2016-04-13T16:38:53.000","2016-04-13T16:38:53.000",,,"Code 2 Transport","2016-04-13T16:59:07.000","JESSIE ST/06TH ST","San Francisco","94103","B02","01","2248","2","2","2","true","Non Life-threatening","1","ENGINE","1","3","6","South of Market","161042745-E01","POINT (-122.40925 37.7814)","2024-02-05T03:27:52.000","2024-02-05T10:56:25.000","34"
"161010579","E09","16040070","Medical Incident","2016-04-10T00:00:00.000","2016-04-09T00:00:00.000","2016-04-10T03:58:02.000","2016-04-10T03:58:51.000","2016-04-10T03:59:07.000","2016-04-10T04:01:18.000","2016-04-10T04:05:09.000",,,"Code 2 Transport","2016-04-10T04:15:10.000","MENDELL ST/LA SALLE AVE","San Francisco","94124","B10","17","6517","3","3","3","true","Non Life-threatening","1","ENGINE","2","10","10","Bayview Hunters Point","161010579-E09","POINT (-122.38866 37.736485)","2024-02-05T03:27:52.000","2024-02-05T10:56:25.000","1"
"160940688","AM22","16037166","Medical Incident","2016-04-03T00:00:00.000","2016-04-02T00:00:00.000","2016-04-03T05:51:27.000","2016-04-03T05:54:28.000","2016-04-03T05:55:10.000","2016-04-03T05:56:13.000","2016-04-03T05:59:32.000","2016-04-03T06:12:42.000","2016-04-03T06:26:37.000","Code 3 Transport","2016-04-03T07:34:05.000","PINE ST/BUCHANAN ST","San Francisco","94115","B04","38","3434","3","3","3","false","Potentially Life-Threatening","1","PRIVATE","2","4","5","Pacific Heights","160940688-AM22","POINT (-122.43036 37.78837)","2024-02-05T03:27:52.000","2024-02-05T10:56:25.000","30"
"160980504","E05","16038783","Medical Incident","2016-04-07T00:00:00.000","2016-04-06T00:00:00.000","2016-04-07T05:08:23.000","2016-04-07T05:09:11.000","2016-04-07T05:10:25.000","2016-04-07T05:11:45.000","2016-04-07T05:13:55.000",,,"Code 2 Transport","2016-04-07T05:21:14.000","STEINER ST/POST ST","San Francisco","94115","B04","05","3622","3","3","3","true","Potentially Life-Threatening","1","ENGINE","1","4","5","Japantown","160980504-E05","POINT (-122.43473 37.784943)","2024-02-05T03:27:52.000","2024-02-05T10:56:25.000","15"
"161020060","E09","16040373","Medical Incident","2016-04-11T00:00:00.000","2016-04-10T00:00:00.000","2016-04-11T00:24:42.000","2016-04-11T00:25:45.000","2016-04-11T00:26:10.000","2016-04-11T00:30:03.000",,,,"No Merit","2016-04-11T00:41:48.000","ALEMANY BLVD/INDUSTRIAL ST OFF RAMP/SAN BRUNO AV ON RAMP","San Francisco","94134","B10","09","2626","3","3","3","true","Potentially Life-Threatening","1","ENGINE","1","10","9","Portola","161020060-E09","POINT (-122.40817 37.73586)","2024-02-05T03:27:52.000","2024-02-05T10:56:25.000","25"
"160932597","E38","16036957","Medical Incident","2016-04-02T00:00:00.000","2016-04-02T00:00:00.000","2016-04-02T17:05:56.000","2016-04-02T17:08:25.000","2016-04-02T17:09:05.000","2016-04-02T17:10:05.000","2016-04-02T17:12:01.000",,,"Code 2 Transport","2016-04-02T17:20:27.000","PINE ST/OCTAVIA ST","San Francisco","94109","B04","38","3325","3","3","3","false","Potentially Life-Threatening","1","ENGINE","1","4","5","Pacific Heights","160932597-E38","POINT (-122.42706 37.788788)","2024-02-05T03:27:52.000","2024-02-05T10:56:25.000","30"
"160961118","E31","16037947","Alarms","2016-04-05T00:00:00.000","2016-04-05T00:00:00.000","2016-04-05T10:09:04.000","2016-04-05T10:10:31.000","2016-04-05T10:11:07.000","2016-04-05T10:11:36.000","2016-04-05T10:14:36.000",,,"Fire","2016-04-05T10:19:27.000","FULTON ST/08TH AVE","San Francisco","94122","B07","31","7133","3","3","3","true","Alarm","1","ENGINE","1","7","1","Inner Richmond","160961118-E31","POINT (-122.46588 37.7734)","2024-02-05T03:27:52.000","2024-02-05T10:56:25.000","11"
"161032422","E20","16040960","Medical Incident","2016-04-12T00:00:00.000","2016-04-12T00:00:00.000","2016-04-12T15:15:18.000","2016-04-12T15:17:01.000","2016-04-12T15:18:25.000","2016-04-12T15:20:03.000","2016-04-12T15:20:07.000",,,"Code 2 Transport","2016-04-12T15:34:27.000","OLYMPIA WAY/DELLBROOK AVE","San Francisco","94131","B08","20","5351","2","2","2","true","Non Life-threatening","1","ENGINE","1","8","7","Twin Peaks","161032422-E20","POINT (-122.45439 37.751278)","2024-02-05T03:27:52.000","2024-02-05T10:56:25.000","38"
"161030215","71","16040768","Medical Incident","2016-04-12T00:00:00.000","2016-04-11T00:00:00.000","2016-04-12T02:05:30.000","2016-04-12T02:12:49.000","2016-04-12T02:12:55.000","2016-04-12T02:13:04.000","2016-04-12T02:18:54.000","2016-04-12T02:31:56.000","2016-04-12T03:09:01.000","Code 2 Transport","2016-04-12T03:27:23.000","VICENTE ST/32ND AVE","San Francisco","94116","B08","18","7527","3","3","3","true","Potentially Life-Threatening","1","MEDIC","2","8","4","Sunset/Parkside","161030215-71","POINT (-122.48936 37.73871)","2024-02-05T03:27:52.000","2024-02-05T10:56:25.000","35"
"160941365","75","16037225","Medical Incident","2016-04-03T00:00:00.000","2016-04-03T00:00:00.000","2016-04-03T10:50:40.000","2016-04-03T10:51:07.000","2016-04-03T10:51:30.000","2016-04-03T10:51:37.000","2016-04-03T10:55:06.000","2016-04-03T11:07:50.000","2016-04-03T11:37:30.000","Code 2 Transport","2016-04-03T12:02:37.000","HARDIE PL/KEARNY ST","San Francisco","94108","B01","13","1242","3","3","3","true","Non Life-threatening","1","MEDIC","2","1","3","Financial District/South Beach","160941365-75","POINT (-122.40393 37.790287)","2024-02-05T03:27:52.000","2024-02-05T10:56:25.000","8"
"160924056","E13","16036661","Medical Incident","2016-04-01T00:00:00.000","2016-04-01T00:00:00.000","2016-04-01T23:52:04.000","2016-04-01T23:55:21.000","2016-04-01T23:56:30.000","2016-04-01T23:57:51.000","2016-04-02T00:01:01.000",,,"Code 2 Transport","2016-04-02T00:05:02.000","PACIFIC AVE/CORDELIA ST","San Francisco","94133","B01","02","1332","3","3","3","true","Potentially Life-Threatening","1","ENGINE","2","1","3","Chinatown","160924056-E13","POINT (-122.40885 37.79665)","2024-02-05T03:27:52.000","2024-02-05T10:56:25.000","6"
"160972052","61","16038427","Medical Incident","2016-04-06T00:00:00.000","2016-04-06T00:00:00.000","2016-04-06T13:10:04.000","2016-04-06T13:10:53.000","2016-04-06T13:26:50.000","2016-04-06T13:27:01.000","2016-04-06T13:47:26.000",,,"Unable to Locate","2016-04-06T13:51:29.000","05TH ST/HOWARD ST","San Francisco","94103","B03","01","2245","2","2","2","true","Potentially Life-Threatening","1","MEDIC","1","3","6","South of Market","160972052-61","POINT (-122.40493 37.781498)","2024-02-05T03:27:52.000","2024-02-05T10:56:25.000","34"
"160923291","75","16036588","Medical Incident","2016-04-01T00:00:00.000","2016-04-01T00:00:00.000","2016-04-01T19:55:57.000","2016-04-01T19:56:55.000","2016-04-01T19:57:16.000","2016-04-01T19:57:26.000","2016-04-01T20:16:38.000","2016-04-01T20:32:45.000","2016-04-01T20:54:25.000","Code 2 Transport","2016-04-01T21:39:45.000","JOSIAH AVE/LAKEVIEW AVE","San Francisco","94112","B09","33","8323","2","2","2","true","Non Life-threatening","1","MEDIC","1","9","11","Oceanview/Merced/Ingleside","160923291-75","POINT (-122.45338 37.71777)","2024-02-05T03:27:52.000","2024-02-05T10:56:25.000","24"
"161001343","E02","16039729","Medical Incident","2016-04-09T00:00:00.000","2016-04-09T00:00:00.000","2016-04-09T11:30:34.000","2016-04-09T11:31:59.000","2016-04-09T11:32:25.000","2016-04-09T11:33:13.000","2016-04-09T11:40:45.000",,,"Code 2 Transport","2016-04-09T11:57:01.000","SPOFFORD ST/OLD CHINATOWN LN/WASHINGTON ST","San Francisco","94108","B01","02","1331","2","2","2","true","Non Life-threatening","1","ENGINE","1","1","3","Chinatown","161001343-E02","POINT (-122.407486 37.795017)","2024-02-05T03:27:52.000","2024-02-05T10:56:25.000","6"
"160950312","AM24","16037504","Medical Incident","2016-04-04T00:00:00.000","2016-04-03T00:00:00.000","2016-04-04T04:06:32.000","2016-04-04T04:06:32.000","2016-04-04T04:08:29.000","2016-04-04T04:09:09.000","2016-04-04T04:48:36.000","2016-04-04T04:48:39.000","2016-04-04T05:07:00.000","Code 2 Transport","2016-04-04T05:38:09.000","BACHE ST/CRESCENT AVE","San Francisco","94110","B06","32","5751","2","2","2","false","Non Life-threatening","1","PRIVATE","1","6","9","Bernal Heights","160950312-AM24","POINT (-122.41748 37.73492)","2024-02-05T03:27:52.000","2024-02-05T10:56:25.000","2"
"160951170","50","16037569","Medical Incident","2016-04-04T00:00:00.000","2016-04-04T00:00:00.000","2016-04-04T10:13:13.000","2016-04-04T10:18:08.000","2016-04-04T10:18:35.000","2016-04-04T10:18:45.000","2016-04-04T10:36:30.000",,,"Medical Examiner","2016-04-04T11:21:48.000","NATOMA ST/06TH ST","San Francisco","94103","B03","01","2252","2","2","2","true","Non Life-threatening","1","MEDIC","1","3","6","South of Market","160951170-50","POINT (-122.40769 37.780163)","2024-02-05T03:27:52.000","2024-02-05T10:56:25.000","34"
"160942323","E22","16037311","Vehicle Fire","2016-04-03T00:00:00.000","2016-04-03T00:00:00.000","2016-04-03T15:30:33.000","2016-04-03T15:31:20.000","2016-04-03T15:31:25.000","2016-04-03T15:33:06.000","2016-04-03T15:34:59.000",,,"Fire","2016-04-03T15:52:40.000","19TH AVE/CROSSOVER DR/LINCOLN WAY","San Francisco","94122","B08","22","7367","3","3","3","false","Fire","1","ENGINE","1","7","4","Sunset/Parkside","160942323-E22","POINT (-122.47731 37.76545)","2024-02-05T03:27:52.000","2024-02-05T10:56:25.000","12"
"160964035","63","16038206","Medical Incident","2016-04-05T00:00:00.000","2016-04-05T00:00:00.000","2016-04-05T22:27:59.000","2016-04-05T22:30:27.000","2016-04-05T22:30:57.000","2016-04-05T22:31:16.000","2016-04-05T22:36:44.000","2016-04-05T22:42:56.000","2016-04-05T23:17:20.000","Code 2 Transport","2016-04-05T23:47:35.000","02ND AVE/CORNWALL ST","San Francisco","94118","B07","10","7114","2","2","2","true","Non Life-threatening","1","MEDIC","1","7","1","Inner Richmond","160964035-63","POINT (-122.460266 37.785007)","2024-02-05T03:27:52.000","2024-02-05T10:56:25.000","11"
"160933073","B03","16037000","Alarms","2016-04-02T00:00:00.000","2016-04-02T00:00:00.000","2016-04-02T19:18:01.000","2016-04-02T19:19:18.000","2016-04-02T19:19:24.000","2016-04-02T19:20:30.000","2016-04-02T19:22:42.000",,,"Fire","2016-04-02T19:24:45.000","BRANNAN ST/DELANCEY ST","San Francisco","94107","B03","08","2134","3","3","3","false","Alarm","1","CHIEF","1","3","6","Financial District/South Beach","160933073-B03","POINT (-122.38985 37.783607)","2024-02-05T03:27:52.000","2024-02-05T10:56:25.000","8"
"160983198","85","16039066","Medical Incident","2016-04-07T00:00:00.000","2016-04-07T00:00:00.000","2016-04-07T18:35:10.000","2016-04-07T18:36:43.000","2016-04-07T18:37:00.000","2016-04-07T18:40:57.000",,,,"Medical Examiner","2016-04-07T18:49:17.000","DIVISADERO ST/GREEN ST","San Francisco","94123","B04","16","4225","E","E","3","true","Non Life-threatening","1","MEDIC","2","4","2","Pacific Heights","160983198-85","POINT (-122.4419 37.795322)","2024-02-05T03:27:52.000","2024-02-05T10:56:25.000","13"
"053090307","E14","05083491","Medical Incident","2005-11-05T00:00:00.000","2005-11-05T00:00:00.000","2005-11-05T19:15:51.000","2005-11-05T19:17:48.000","2005-11-05T19:17:56.000","2005-11-05T19:18:43.000",,,,"Other","2005-11-05T19:20:20.000","ANZA ST/47TH AVE","SF","94121","B07","34","7276","3","3","3","true",,"1","ENGINE","3","7","1","Outer Richmond","053090307-E14","POINT (-122.50816 37.777092)","2024-02-05T03:27:52.000","2024-02-05T10:56:25.000","29"
"160943287","E11","16037418","Medical Incident","2016-04-03T00:00:00.000","2016-04-03T00:00:00.000","2016-04-03T20:38:25.000","2016-04-03T20:39:16.000","2016-04-03T20:39:31.000","2016-04-03T20:41:13.000","2016-04-03T20:42:10.000",,,"Code 2 Transport","2016-04-03T20:51:34.000","DOLORES ST/28TH ST","San Francisco","94110","B06","11","5562","3","3","3","true","Potentially Life-Threatening","1","ENGINE","1","6","8","Noe Valley","160943287-E11","POINT (-122.42454 37.745438)","2024-02-05T03:27:52.000","2024-02-05T10:56:25.000","22"
"161031334","E35","16040871","Medical Incident","2016-04-12T00:00:00.000","2016-04-12T00:00:00.000","2016-04-12T10:52:25.000","2016-04-12T10:54:01.000","2016-04-12T10:55:18.000","2016-04-12T10:55:31.000","2016-04-12T11:05:48.000",,,"Cancelled","2016-04-12T11:09:16.000","THE EMBARCADERO/HOWARD ST","San Francisco","94105","B03","35","2131","2","2","2","true","Potentially Life-Threatening","1","ENGINE","1","3","6","Financial District/South Beach","161031334-E35","POINT (-122.3911 37.792435)","2024-02-05T03:27:52.000","2024-02-05T10:56:25.000","8"
"160971390","E29","16038365","Medical Incident","2016-04-06T00:00:00.000","2016-04-06T00:00:00.000","2016-04-06T10:39:14.000","2016-04-06T10:39:42.000","2016-04-06T10:40:03.000","2016-04-06T10:40:30.000",,,,"Code 2 Transport","2016-04-06T10:47:50.000","VARA ST/BRIDGEVIEW WAY/MISSION BAY BLVD","San Francisco","94158","B03","04","2364","3","3","3","true","Potentially Life-Threatening","1","ENGINE","3","3","6","Mission Bay","160971390-E29","POINT (-122.38773 37.770763)","2024-02-05T03:27:52.000","2024-02-05T10:56:25.000","4"
"160963153","E31","16038128","Traffic Collision","2016-04-05T00:00:00.000","2016-04-05T00:00:00.000","2016-04-05T18:03:37.000","2016-04-05T18:03:37.000","2016-04-05T18:03:57.000","2016-04-05T18:05:31.000","2016-04-05T18:07:46.000",,,"Code 2 Transport","2016-04-05T18:17:43.000","17TH AVE/LAKE ST","San Francisco","94121","B07","31","7163","3","3","3","true","Potentially Life-Threatening","1","ENGINE","1","7","2","Seacliff","160963153-E31","POINT (-122.47658 37.78613)","2024-02-05T03:27:52.000","2024-02-05T10:56:25.000","33"
"160992877","E05","16039404","Medical Incident","2016-04-08T00:00:00.000","2016-04-08T00:00:00.000","2016-04-08T17:52:46.000","2016-04-08T17:53:56.000","2016-04-08T17:54:04.000","2016-04-08T17:55:15.000","2016-04-08T17:57:04.000",,,"Code 2 Transport","2016-04-08T18:23:29.000","OFARRELL ST/WEBSTER ST","San Francisco","94115","B04","05","3514","2","2","2","true","Non Life-threatening","1","ENGINE","1","4","5","Western Addition","160992877-E05","POINT (-122.43099 37.78351)","2024-02-05T03:27:52.000","2024-02-05T10:56:25.000","39"
"160980687","E13","16038799","Outside Fire","2016-04-07T00:00:00.000","2016-04-06T00:00:00.000","2016-04-07T07:13:50.000","2016-04-07T07:15:36.000","2016-04-07T07:16:30.000","2016-04-07T07:17:48.000","2016-04-07T07:19:21.000",,,"Fire","2016-04-07T07:26:42.000","DRUMM ST/SACRAMENTO ST","San Francisco","94111","B01","13","1115","3","3","3","true","Fire","1","ENGINE","1","1","3","Financial District/South Beach","160980687-E13","POINT (-122.39658 37.79459)","2024-02-05T03:27:52.000","2024-02-05T10:56:25.000","8"
"161010715","E11","16040092","Structure Fire / Smoke in Building","2016-04-10T00:00:00.000","2016-04-09T00:00:00.000","2016-04-10T06:18:06.000","2016-04-10T06:19:23.000","2016-04-10T06:19:40.000","2016-04-10T06:21:02.000",,,,"Fire","2016-04-10T06:29:56.000","19TH ST/SANCHEZ ST","San Francisco","94114","B06","06","5436","3","3","3","true","Alarm","1","ENGINE","9","6","8","Castro/Upper Market","161010715-E11","POINT (-122.43042 37.759556)","2024-02-05T03:27:52.000","2024-02-05T10:56:25.000","5"
"161031830","89","16040914","Medical Incident","2016-04-12T00:00:00.000","2016-04-12T00:00:00.000","2016-04-12T13:01:39.000","2016-04-12T13:03:11.000","2016-04-12T13:03:25.000","2016-04-12T13:03:50.000","2016-04-12T13:10:20.000",,,"Against Medical Advice","2016-04-12T13:52:13.000","VAN NESS AVE/POST ST","San Francisco","94109","B04","03","3161","2","2","2","true","Non Life-threatening","1","MEDIC","2","4","5","Western Addition","161031830-89","POINT (-122.42157 37.786617)","2024-02-05T03:27:52.000","2024-02-05T10:56:25.000","39"
"161043310","58","16041416","Medical Incident","2016-04-13T00:00:00.000","2016-04-13T00:00:00.000","2016-04-13T18:45:51.000","2016-04-13T18:47:22.000","2016-04-13T18:48:24.000","2016-04-13T18:48:32.000","2016-04-13T18:55:30.000","2016-04-13T19:15:19.000",,"Code 2 Transport","2016-04-13T19:49:26.000","VASQUEZ AVE/WOODSIDE AVE","San Francisco","94127","B08","20","8637","3","3","3","true","Potentially Life-Threatening","1","MEDIC","2","8","7","West of Twin Peaks","161043310-58","POINT (-122.45717 37.746696)","2024-02-05T03:27:52.000","2024-02-05T10:56:25.000","41"
"160983231","E10","16039069","Medical Incident","2016-04-07T00:00:00.000","2016-04-07T00:00:00.000","2016-04-07T18:42:08.000","2016-04-07T18:43:04.000","2016-04-07T18:45:07.000","2016-04-07T18:45:07.000","2016-04-07T18:46:57.000",,,"Code 2 Transport","2016-04-07T19:00:14.000","EUCLID AVE/HEATHER AVE","San Francisco","94118","B05","10","4374","3","3","3","true","Potentially Life-Threatening","1","ENGINE","1","5","2","Presidio Heights","160983231-E10","POINT (-122.45275 37.784065)","2024-02-05T03:27:52.000","2024-02-05T10:56:25.000","31"
"160992411","T06","16039371","Structure Fire / Smoke in Building","2016-04-08T00:00:00.000","2016-04-08T00:00:00.000","2016-04-08T16:01:55.000","2016-04-08T16:01:55.000","2016-04-08T16:03:19.000","2016-04-08T16:03:19.000","2016-04-08T16:05:09.000",,,"Fire","2016-04-08T16:05:16.000","CHURCH ST/MARKET ST","San Francisco","94114","B02","06","5213","3","3","3","false","Alarm","1","TRUCK","1","2","8","Castro/Upper Market","160992411-T06","POINT (-122.42895 37.767506)","2024-02-05T03:27:52.000","2024-02-05T10:56:25.000","5"
"160941686","T13","16037256","Structure Fire / Smoke in Building","2016-04-03T00:00:00.000","2016-04-03T00:00:00.000","2016-04-03T12:23:26.000","2016-04-03T12:23:26.000","2016-04-03T12:23:36.000","2016-04-03T12:24:48.000",,,,"Fire","2016-04-03T12:25:52.000","BATTERY ST/CALIFORNIA ST","San Francisco","94111","B01","13","1162","3","3","3","false","Alarm","1","TRUCK","2","1","3","Financial District/South Beach","160941686-T13","POINT (-122.399956 37.79321)","2024-02-05T03:27:52.000","2024-02-05T10:56:25.000","8"
"160961202","61","16037955","Medical Incident","2016-04-05T00:00:00.000","2016-04-05T00:00:00.000","2016-04-05T10:28:00.000","2016-04-05T10:28:46.000","2016-04-05T10:29:53.000","2016-04-05T10:30:05.000","2016-04-05T10:37:13.000","2016-04-05T10:48:28.000","2016-04-05T10:58:25.000","Code 2 Transport","2016-04-05T11:32:44.000","JONES ST/CLAY ST","San Francisco","94108","B01","41","1466","2","2","2","true","Non Life-threatening","1","MEDIC","1","1","3","Nob Hill","160961202-61","POINT (-122.41447 37.793224)","2024-02-05T03:27:52.000","2024-02-05T10:56:25.000","21"
"161023482","E32","16040687","Medical Incident","2016-04-11T00:00:00.000","2016-04-11T00:00:00.000","2016-04-11T19:41:38.000","2016-04-11T19:42:24.000","2016-04-11T19:42:37.000","2016-04-11T19:43:58.000","2016-04-11T19:47:21.000",,,"Code 3 Transport","2016-04-11T20:06:34.000","ESMERALDA AVE/FRANCONIA ST/PERALTA AVE","San Francisco","94110","B10","32","5722","3","3","3","true","Potentially Life-Threatening","1","ENGINE","1","6","9","Bernal Heights","161023482-E32","POINT (-122.40859 37.74335)","2024-02-05T03:27:52.000","2024-02-05T10:56:25.000","2"
"160923577","AM18","16036618","Medical Incident","2016-04-01T00:00:00.000","2016-04-01T00:00:00.000","2016-04-01T21:35:25.000","2016-04-01T21:37:40.000","2016-04-01T21:37:47.000","2016-04-01T21:38:54.000","2016-04-01T21:43:46.000",,,"Fire","2016-04-01T21:46:43.000","STEINER ST/EDDY ST","San Francisco","94115","B05","05","3624","2","3","3","false","Non Life-threatening","1","PRIVATE","2","5","5","Western Addition","160923577-AM18","POINT (-122.433975 37.78122)","2024-02-05T03:27:52.000","2024-02-05T10:56:25.000","39"
"160932029","67","16036896","Water Rescue","2016-04-02T00:00:00.000","2016-04-02T00:00:00.000","2016-04-02T14:28:07.000","2016-04-02T14:32:32.000","2016-04-02T14:34:48.000","2016-04-02T14:34:48.000","2016-04-02T14:43:12.000",,,"Fire","2016-04-02T14:58:49.000","BRODERICK ST/MARINA BLVD","San Francisco","94123","B04","16","4215","3","3","3","true","Fire","1","MEDIC","5","4","2","Marina","160932029-67","POINT (-122.44565 37.80537)","2024-02-05T03:27:52.000","2024-02-05T10:56:25.000","13"
"161012761","88","16040280","Medical Incident","2016-04-10T00:00:00.000","2016-04-10T00:00:00.000","2016-04-10T18:15:34.000","2016-04-10T18:15:34.000","2016-04-10T18:15:53.000","2016-04-10T18:16:06.000","2016-04-10T18:18:35.000","2016-04-10T18:34:48.000","2016-04-10T18:52:30.000","Code 2 Transport","2016-04-10T19:24:51.000","POLK ST/CLAY ST","San Francisco","94109","B04","41","3154","3","3","3","true","Potentially Life-Threatening","1","MEDIC","1","4","3","Russian Hill","161012761-88","POINT (-122.42105 37.792385)","2024-02-05T03:27:52.000","2024-02-05T10:56:25.000","32"
"160922243","89","16036494","Medical Incident","2016-04-01T00:00:00.000","2016-04-01T00:00:00.000","2016-04-01T15:27:33.000","2016-04-01T15:30:12.000","2016-04-01T15:31:04.000","2016-04-01T15:33:07.000","2016-04-01T15:41:28.000","2016-04-01T15:52:04.000","2016-04-01T15:58:11.000","Code 3 Transport","2016-04-01T16:40:41.000","TAYLOR ST/EDDY ST","San Francisco","94102","B03","01","1453","2","2","2","true","Non Life-threatening","1","MEDIC","2","3","6","Tenderloin","160922243-89","POINT (-122.41095 37.78414)","2024-02-05T03:27:52.000","2024-02-05T10:56:25.000","36"
"160991760","KM11","16039303","Medical Incident","2016-04-08T00:00:00.000","2016-04-08T00:00:00.000","2016-04-08T13:24:08.000","2016-04-08T13:24:08.000","2016-04-08T13:26:00.000",,,,,"Code 2 Transport","2016-04-08T13:26:09.000","BEACH ST/BAKER ST","San Francisco","94123","B04","16","4323","3","3","3","false","Potentially Life-Threatening","1","PRIVATE","3","4","2","Marina","160991760-KM11","POINT (-122.44691 37.803284)","2024-02-05T03:27:52.000","2024-02-05T10:56:25.000","13"
"160992232","E41","16039350","Medical Incident","2016-04-08T00:00:00.000","2016-04-08T00:00:00.000","2016-04-08T15:19:11.000","2016-04-08T15:21:16.000","2016-04-08T15:21:53.000","2016-04-08T15:22:27.000","2016-04-08T15:26:37.000",,,"Code 2 Transport","2016-04-08T15:36:21.000","ELLIS ST/LEAVENWORTH ST","San Francisco","94109","B03","03","1461","2","2","2","false","Non Life-threatening","1","ENGINE","1","2","6","Tenderloin","160992232-E41","POINT (-122.41443 37.784657)","2024-02-05T03:27:52.000","2024-02-05T10:56:25.000","36"
"160964036","53","16038207","Industrial Accidents","2016-04-05T00:00:00.000","2016-04-05T00:00:00.000","2016-04-05T22:28:26.000","2016-04-05T22:30:40.000","2016-04-05T22:31:42.000","2016-04-05T22:32:29.000","2016-04-05T22:38:12.000","2016-04-05T22:54:12.000","2016-04-05T23:01:59.000","Code 3 Transport","2016-04-06T00:16:42.000","03RD ST/FOLSOM ST","San Francisco","94107","B03","01","2176","3","3","3","true","Fire","1","MEDIC","2","3","6","South of Market","160964036-53","POINT (-122.39893 37.783787)","2024-02-05T03:27:52.000","2024-02-05T10:56:25.000","8"
"161002246","E37","16039833","Citizen Assist / Service Call","2016-04-09T00:00:00.000","2016-04-09T00:00:00.000","2016-04-09T16:23:27.000","2016-04-09T16:25:45.000","2016-04-09T16:26:59.000","2016-04-09T16:28:07.000","2016-04-09T16:30:34.000",,,"Other","2016-04-09T16:36:27.000","25TH ST/DAKOTA ST/TEXAS ST","San Francisco","94107","B10","37","2614","3","3","3","false","Alarm","1","ENGINE","1","10","10","Bayview Hunters Point","161002246-E37","POINT (-122.394585 37.752426)","2024-02-05T03:27:52.000","2024-02-05T10:56:25.000","1"
"161001279","E44","16039719","Medical Incident","2016-04-09T00:00:00.000","2016-04-09T00:00:00.000","2016-04-09T11:09:18.000","2016-04-09T11:09:51.000","2016-04-09T11:13:11.000","2016-04-09T11:13:42.000","2016-04-09T11:15:17.000",,,"Fire","2016-04-09T11:34:20.000","SAN BRUNO AVE/BURROWS ST","San Francisco","94134","B10","42","6337","3","3","3","true","Alarm","1","ENGINE","1","10","9","Portola","161001279-E44","POINT (-122.4041 37.728836)","2024-02-05T03:27:52.000","2024-02-05T10:56:25.000","25"
"161021056","E12","16040481","Medical Incident","2016-04-11T00:00:00.000","2016-04-11T00:00:00.000","2016-04-11T09:32:16.000","2016-04-11T09:34:08.000","2016-04-11T09:36:59.000","2016-04-11T09:37:41.000","2016-04-11T09:53:03.000",,,"Code 2 Transport","2016-04-11T09:53:09.000","30TH AVE/JUDAH ST","San Francisco","94122","B08","18","7513","3","3","3","true","Potentially Life-Threatening","1","ENGINE","3","8","4","Sunset/Parkside","161021056-E12","POINT (-122.48878 37.76118)","2024-02-05T03:27:52.000","2024-02-05T10:56:25.000","35"
"160933098","RC1","16037004","Medical Incident","2016-04-02T00:00:00.000","2016-04-02T00:00:00.000","2016-04-02T19:24:58.000","2016-04-02T19:24:58.000","2016-04-02T19:26:12.000","2016-04-02T19:27:37.000","2016-04-02T19:31:43.000",,,"Code 2 Transport","2016-04-02T19:47:20.000","VIA BUFANO/COLUMBUS AVE/FILBERT ST","San Francisco","94133","B01","28","1351","A","E","3","true","Potentially Life-Threatening","1","RESCUE CAPTAIN","2","1","3","Chinatown","160933098-RC1","POINT (-122.41138 37.801125)","2024-02-05T03:27:52.000","2024-02-05T10:56:25.000","6"
"160971056","KM05","16038344","Medical Incident","2016-04-06T00:00:00.000","2016-04-06T00:00:00.000","2016-04-06T09:26:52.000","2016-04-06T09:29:00.000","2016-04-06T09:29:30.000","2016-04-06T09:30:39.000","2016-04-06T09:36:08.000","2016-04-06T09:50:25.000","2016-04-06T10:11:51.000","Code 2 Transport","2016-04-06T10:44:13.000","17TH ST/SANCHEZ ST","San Francisco","94114","B05","06","5252","2","2","2","false","Non Life-threatening","1","PRIVATE","1","5","8","Castro/Upper Market","160971056-KM05","POINT (-122.430725 37.762753)","2024-02-05T03:27:52.000","2024-02-05T10:56:25.000","5"
"161030134","E06","16040762","Medical Incident","2016-04-12T00:00:00.000","2016-04-11T00:00:00.000","2016-04-12T01:20:47.000","2016-04-12T01:21:42.000","2016-04-12T01:21:55.000","2016-04-12T01:23:49.000",,,,"Code 2 Transport","2016-04-12T01:50:04.000","STEINER ST/OAK ST","San Francisco","94117","B05","21","3632","3","3","3","true","Potentially Life-Threatening","1","ENGINE","2","5","5","Haight Ashbury","161030134-E06","POINT (-122.432465 37.773758)","2024-02-05T03:27:52.000","2024-02-05T10:56:25.000","9"
"161012176","E32","16040228","Medical Incident","2016-04-10T00:00:00.000","2016-04-10T00:00:00.000","2016-04-10T15:21:53.000","2016-04-10T15:23:37.000","2016-04-10T15:25:56.000",,,,,"Code 2 Transport","2016-04-10T15:27:51.000","30TH ST/CHURCH ST","San Francisco","94131","B06","11","5574","2","2","2","true","Non Life-threatening","1","ENGINE","4","6","8","Glen Park","161012176-E32","POINT (-122.42652 37.7421)","2024-02-05T03:27:52.000","2024-02-05T10:56:25.000","22"
"160992447","76","16039376","Medical Incident","2016-04-08T00:00:00.000","2016-04-08T00:00:00.000","2016-04-08T16:08:09.000","2016-04-08T16:08:32.000","2016-04-08T16:09:04.000","2016-04-08T16:09:09.000","2016-04-08T16:15:08.000","2016-04-08T16:27:49.000","2016-04-08T16:35:07.000","Code 2 Transport","2016-04-08T17:02:31.000","MONTGOMERY ST/SACRAMENTO ST","San Francisco","94104","B01","13","1234","3","E","3","true","Potentially Life-Threatening","1","MEDIC","2","1","3","Financial District/South Beach","160992447-76","POINT (-122.402954 37.79378)","2024-02-05T03:27:52.000","2024-02-05T10:56:25.000","8"
"160974345","E15","16038686","Traffic Collision","2016-04-06T00:00:00.000","2016-04-06T00:00:00.000","2016-04-06T21:58:50.000","2016-04-06T21:58:50.000","2016-04-06T21:59:12.000","2016-04-06T22:00:39.000","2016-04-06T22:03:43.000",,,"No Merit","2016-04-06T22:44:13.000","SOUTHWOOD DR/ELMWOOD WAY/FAXON AVE","San Francisco","94112","B09","15","8474","2","A","2","true","Non Life-threatening","1","ENGINE","1","9","7","West of Twin Peaks","160974345-E15","POINT (-122.459816 37.725815)","2024-02-05T03:27:52.000","2024-02-05T10:56:25.000","41"
"160930156","56","16036684","Medical Incident","2016-04-02T00:00:00.000","2016-04-01T00:00:00.000","2016-04-02T00:59:55.000","2016-04-02T00:59:55.000","2016-04-02T01:01:26.000","2016-04-02T01:01:33.000","2016-04-02T01:10:43.000","2016-04-02T01:20:17.000","2016-04-02T01:35:30.000","Code 2 Transport","2016-04-02T02:10:07.000","06TH ST/MISSION ST","San Francisco","94103","B03","01","2251","2","2","2","false","Non Life-threatening","1","MEDIC","1","3","6","South of Market","160930156-56","POINT (-122.40871 37.78097)","2024-02-05T03:27:52.000","2024-02-05T10:56:25.000","34"
"161033312","81","16041031","Medical Incident","2016-04-12T00:00:00.000","2016-04-12T00:00:00.000","2016-04-12T18:22:56.000","2016-04-12T18:24:40.000","2016-04-12T18:25:40.000","2016-04-12T18:27:29.000","2016-04-12T18:34:54.000",,,"Patient Declined Transport","2016-04-12T18:42:35.000","EUCALYPTUS DR/RIVERTON DR","San Francisco","94132","B08","19","8855","2","2","2","true","Non Life-threatening","1","MEDIC","2","8","7","Sunset/Parkside","161033312-81","POINT (-122.48705 37.730804)","2024-02-05T03:27:52.000","2024-02-05T10:56:25.000","35"
"160971343","T13","16038363","Structure Fire / Smoke in Building","2016-04-06T00:00:00.000","2016-04-06T00:00:00.000","2016-04-06T10:29:27.000","2016-04-06T10:29:27.000","2016-04-06T10:29:33.000","2016-04-06T10:31:26.000",,,,"Fire","2016-04-06T10:33:38.000","BATTERY ST/CALIFORNIA ST","San Francisco","94111","B01","13","1162","3","3","3","false","Alarm","1","TRUCK","1","1","3","Financial District/South Beach","160971343-T13","POINT (-122.399956 37.79321)","2024-02-05T03:27:52.000","2024-02-05T10:56:25.000","8"
"161012172","AM12","16040227","Medical Incident","2016-04-10T00:00:00.000","2016-04-10T00:00:00.000","2016-04-10T15:20:57.000","2016-04-10T15:20:57.000","2016-04-10T15:24:34.000","2016-04-10T15:25:20.000","2016-04-10T15:30:34.000","2016-04-10T15:40:31.000","2016-04-10T15:55:04.000","Code 2 Transport","2016-04-10T16:24:24.000","MCALLISTER ST/CHARLES J BRENHAM PL","San Francisco","94102","B03","01","1455","3","3","3","false","Potentially Life-Threatening","1","PRIVATE","2","2","6","Tenderloin","161012172-AM12","POINT (-122.41315 37.780994)","2024-02-05T03:27:52.000","2024-02-05T10:56:25.000","36"
"160932808","E03","16036978","Traffic Collision","2016-04-02T00:00:00.000","2016-04-02T00:00:00.000","2016-04-02T18:00:52.000","2016-04-02T18:00:52.000","2016-04-02T18:01:59.000","2016-04-02T18:03:25.000","2016-04-02T18:06:27.000",,,"No Merit","2016-04-02T19:01:24.000","HAYES ST/POLK ST","San Francisco","94102","B02","36","1646","2","2","2","true","Alarm","1","ENGINE","1","2","6","Tenderloin","160932808-E03","POINT (-122.418045 37.77751)","2024-02-05T03:27:52.000","2024-02-05T10:56:25.000","36"
"160950682","AM06","16037537","Medical Incident","2016-04-04T00:00:00.000","2016-04-04T00:00:00.000","2016-04-04T08:08:47.000","2016-04-04T08:09:54.000","2016-04-04T08:10:32.000","2016-04-04T08:11:36.000",,,,"No Merit","2016-04-04T08:17:39.000","30TH ST/CHURCH ST","San Francisco","94131","B06","11","5574","2","2","2","false","Non Life-threatening","1","PRIVATE","2","6","8","Glen Park","160950682-AM06","POINT (-122.42652 37.7421)","2024-02-05T03:27:52.000","2024-02-05T10:56:25.000","22"
"160951818","KM04","16037631","Medical Incident","2016-04-04T00:00:00.000","2016-04-04T00:00:00.000","2016-04-04T12:55:34.000","2016-04-04T12:57:15.000","2016-04-04T12:58:04.000","2016-04-04T12:59:37.000","2016-04-04T13:05:02.000",,,"Patient Declined Transport","2016-04-04T13:45:29.000","OCTAVIA ST/GREEN ST","San Francisco","94123","B04","38","3246","2","2","2","false","Non Life-threatening","1","PRIVATE","2","4","2","Marina","160951818-KM04","POINT (-122.42873 37.796993)","2024-02-05T03:27:52.000","2024-02-05T10:56:25.000","13"
"160930425","E12","16036710","Medical Incident","2016-04-02T00:00:00.000","2016-04-01T00:00:00.000","2016-04-02T03:09:02.000","2016-04-02T03:09:02.000","2016-04-02T03:09:49.000","2016-04-02T03:12:02.000",,,,"Code 2 Transport","2016-04-02T03:13:08.000","JUDAH ST/07TH AVE","San Francisco","94122","B08","22","7331","3","3","3","true","Potentially Life-Threatening","1","ENGINE","3","8","5","Inner Sunset","160930425-E12","POINT (-122.46404 37.762268)","2024-02-05T03:27:52.000","2024-02-05T10:56:25.000","14"
"160960088","82","16037850","Medical Incident","2016-04-05T00:00:00.000","2016-04-04T00:00:00.000","2016-04-05T00:44:38.000","2016-04-05T00:46:16.000","2016-04-05T00:46:27.000",,,,,"Code 2 Transport","2016-04-05T00:50:50.000","STAPLES AVE/DETROIT ST","San Francisco","94131","B09","15","8222","3","3","3","true","Potentially Life-Threatening","1","MEDIC","3","9","7","West of Twin Peaks","160960088-82","POINT (-122.44428 37.729095)","2024-02-05T03:27:52.000","2024-02-05T10:56:25.000","41"
"160931177","E07","16036792","Medical Incident","2016-04-02T00:00:00.000","2016-04-02T00:00:00.000","2016-04-02T10:20:17.000","2016-04-02T10:20:43.000","2016-04-02T10:21:27.000","2016-04-02T10:22:06.000",,,,"Code 2 Transport","2016-04-02T10:26:33.000","DAY ST/CHURCH ST","San Francisco","94131","B06","11","5563","3","3","3","true","Potentially Life-Threatening","1","ENGINE","3","6","8","Noe Valley","160931177-E07","POINT (-122.4266 37.742897)","2024-02-05T03:27:52.000","2024-02-05T10:56:25.000","22"
"160973004","68","16038532","Medical Incident","2016-04-06T00:00:00.000","2016-04-06T00:00:00.000","2016-04-06T16:35:20.000","2016-04-06T16:35:20.000","2016-04-06T16:35:46.000","2016-04-06T16:35:54.000",,,,"No Merit","2016-04-06T16:36:01.000","CHURCH ST/18TH ST","San Francisco","94114","B02","06","5421","2","2","2","true","Potentially Life-Threatening","1","MEDIC","2","2","8","Castro/Upper Market","160973004-68","POINT (-122.42835 37.761288)","2024-02-05T03:27:52.000","2024-02-05T10:56:25.000","5"
"161000469","KM06","16039618","Medical Incident","2016-04-09T00:00:00.000","2016-04-08T00:00:00.000","2016-04-09T03:50:16.000","2016-04-09T03:50:16.000","2016-04-09T03:55:40.000","2016-04-09T03:56:31.000","2016-04-09T04:03:19.000",,,"Patient Declined Transport","2016-04-09T04:27:07.000","NEWHALL ST/ARMSTRONG AVE","San Francisco","94124","B10","42","6474","2","2","2","false","Non Life-threatening","1","PRIVATE","1","10","10","Bayview Hunters Point","161000469-KM06","POINT (-122.39785 37.729427)","2024-02-05T03:27:52.000","2024-02-05T10:56:25.000","1"
"161010332","B08","16040034","Alarms","2016-04-10T00:00:00.000","2016-04-09T00:00:00.000","2016-04-10T02:03:01.000","2016-04-10T02:03:57.000","2016-04-10T02:04:13.000","2016-04-10T02:06:39.000","2016-04-10T02:12:07.000",,,"Fire","2016-04-10T02:16:47.000","GREAT HWY/RIVERA ST","San Francisco","94116","B08","23","7727","3","3","3","false","Alarm","1","CHIEF","3","8","4","Sunset/Parkside","161010332-B08","POINT (-122.50745 37.74539)","2024-02-05T03:27:52.000","2024-02-05T10:56:25.000","35"
"161042866","EMS6","16041377","Medical Incident","2016-04-13T00:00:00.000","2016-04-13T00:00:00.000","2016-04-13T16:59:35.000","2016-04-13T17:01:46.000","2016-04-13T17:17:40.000","2016-04-13T17:17:52.000","2016-04-13T17:30:25.000",,,"Code 2 Transport","2016-04-13T18:07:28.000","FULTON ST/18TH AVE","San Francisco","94121","B07","31","7166","2","2","2","false","Non Life-threatening","1","CHIEF","2","7","1","Golden Gate Park","161042866-EMS6","POINT (-122.47669 37.77291)","2024-02-05T03:27:52.000","2024-02-05T10:56:25.000","12"
"160960480","E03","16037896","Medical Incident","2016-04-05T00:00:00.000","2016-04-04T00:00:00.000","2016-04-05T06:58:02.000","2016-04-05T07:01:03.000","2016-04-05T07:02:00.000","2016-04-05T07:02:00.000",,,,"Gone on Arrival","2016-04-05T07:05:15.000","ELLIS ST/TAYLOR ST","San Francisco","94102","B03","03","1461","3","3","3","true","Potentially Life-Threatening","1","ENGINE","4","3","6","Tenderloin","160960480-E03","POINT (-122.41114 37.785076)","2024-02-05T03:27:52.000","2024-02-05T10:56:25.000","36"
"161012199","76","16040231","Medical Incident","2016-04-10T00:00:00.000","2016-04-10T00:00:00.000","2016-04-10T15:32:08.000","2016-04-10T15:32:08.000","2016-04-10T15:32:40.000","2016-04-10T15:32:49.000","2016-04-10T15:45:05.000","2016-04-10T16:06:58.000","2016-04-10T16:12:23.000","Code 2 Transport","2016-04-10T16:40:57.000","OFARRELL ST/JONES ST","San Francisco","94102","B01","01","1452","2","2","2","true","Non Life-threatening","1","MEDIC","1","2","6","Tenderloin","161012199-76","POINT (-122.41297 37.78579)","2024-02-05T03:27:52.000","2024-02-05T10:56:25.000","36"
"161023630","E17","16040701","Medical Incident","2016-04-11T00:00:00.000","2016-04-11T00:00:00.000","2016-04-11T20:32:53.000","2016-04-11T20:34:13.000","2016-04-11T20:34:20.000","2016-04-11T20:36:37.000","2016-04-11T20:39:11.000",,,"Code 2 Transport","2016-04-11T20:48:44.000","NEWCOMB AVE/KEITH ST","San Francisco","94124","B10","17","6516","3","3","3","true","Non Life-threatening","1","ENGINE","1","10","10","Bayview Hunters Point","161023630-E17","POINT (-122.38605 37.733105)","2024-02-05T03:27:52.000","2024-02-05T10:56:25.000","1"
"161021238","71","16040499","Medical Incident","2016-04-11T00:00:00.000","2016-04-11T00:00:00.000","2016-04-11T10:15:29.000","2016-04-11T10:19:18.000","2016-04-11T10:36:04.000","2016-04-11T10:36:09.000",,,,"Cancelled","2016-04-11T10:39:36.000","GENEVA AVE/SAN JOSE AVE","San Francisco","94112","B09","15","8313","2","2","2","true","Non Life-threatening","1","MEDIC","1","9","11","Outer Mission","161021238-71","POINT (-122.44661 37.720726)","2024-02-05T03:27:52.000","2024-02-05T10:56:25.000","28"
"161033134","E21","16041008","Outside Fire","2016-04-12T00:00:00.000","2016-04-12T00:00:00.000","2016-04-12T17:41:29.000","2016-04-12T17:42:11.000","2016-04-12T17:42:27.000","2016-04-12T17:43:43.000","2016-04-12T17:46:08.000",,,"Fire","2016-04-12T18:00:02.000","STANYAN ST/HAYES ST","San Francisco","94117","B07","21","4556","3","3","3","true","Fire","1","ENGINE","1","5","1","Golden Gate Park","161033134-E21","POINT (-122.454285 37.772896)","2024-02-05T03:27:52.000","2024-02-05T10:56:25.000","18"
"160942607","88","16037346","Traffic Collision","2016-04-03T00:00:00.000","2016-04-03T00:00:00.000","2016-04-03T16:56:40.000","2016-04-03T16:56:40.000","2016-04-03T16:57:26.000","2016-04-03T16:57:37.000","2016-04-03T17:04:41.000","2016-04-03T17:08:52.000","2016-04-03T17:18:23.000","Code 3 Transport","2016-04-03T18:28:17.000","REVERE AVE/GRIFFITH ST","San Francisco","94124","B10","17","6647","3","3","3","true","Potentially Life-Threatening","1","MEDIC","4","10","10","Bayview Hunters Point","160942607-88","POINT (-122.38081 37.726364)","2024-02-05T03:27:52.000","2024-02-05T10:56:25.000","1"
"160932107","67","16036905","Medical Incident","2016-04-02T00:00:00.000","2016-04-02T00:00:00.000","2016-04-02T14:54:00.000","2016-04-02T14:54:39.000","2016-04-02T14:58:51.000","2016-04-02T14:59:05.000","2016-04-02T15:10:36.000","2016-04-02T15:26:40.000","2016-04-02T15:46:34.000","Code 2 Transport","2016-04-02T16:04:21.000","VAN NESS AVE/DANIEL BURNHAM CT","San Francisco","94109","B04","03","3161","2","3","3","true","Non Life-threatening","1","MEDIC","2","4","2","Nob Hill","160932107-67","POINT (-122.42177 37.78706)","2024-02-05T03:27:52.000","2024-02-05T10:56:25.000","39"
"160950157","E03","16037484","Medical Incident","2016-04-04T00:00:00.000","2016-04-03T00:00:00.000","2016-04-04T01:54:18.000","2016-04-04T01:54:18.000","2016-04-04T01:54:43.000","2016-04-04T01:55:52.000","2016-04-04T01:57:36.000",,,"Code 3 Transport","2016-04-04T02:19:33.000","EDDY ST/LEAVENWORTH ST","San Francisco","94102","B02","03","1545","A","E","3","true","Potentially Life-Threatening","1","ENGINE","2","2","6","Tenderloin","160950157-E03","POINT (-122.41424 37.783722)","2024-02-05T03:27:52.000","2024-02-05T10:56:25.000","36"
"161042192","82","16041311","Medical Incident","2016-04-13T00:00:00.000","2016-04-13T00:00:00.000","2016-04-13T14:17:46.000","2016-04-13T14:19:05.000","2016-04-13T14:19:50.000","2016-04-13T14:20:02.000","2016-04-13T14:23:39.000","2016-04-13T14:53:28.000","2016-04-13T15:23:57.000","Code 2 Transport","2016-04-13T16:12:22.000","SWEENY ST/PRINCETON ST","San Francisco","94134","B09","42","6354","3","3","3","true","Potentially Life-Threatening","1","MEDIC","1","9","9","Portola","161042192-82","POINT (-122.41624 37.730286)","2024-02-05T03:27:52.000","2024-02-05T10:56:25.000","25"
"161010715","B02","16040092","Structure Fire / Smoke in Building","2016-04-10T00:00:00.000","2016-04-09T00:00:00.000","2016-04-10T06:18:06.000","2016-04-10T06:19:23.000","2016-04-10T06:19:40.000","2016-04-10T06:21:02.000","2016-04-10T06:23:40.000",,,"Fire","2016-04-10T06:38:37.000","19TH ST/SANCHEZ ST","San Francisco","94114","B06","06","5436","3","3","3","false","Alarm","1","CHIEF","6","6","8","Castro/Upper Market","161010715-B02","POINT (-122.43042 37.759556)","2024-02-05T03:27:52.000","2024-02-05T10:56:25.000","5"
"161040042","85","16041119","Medical Incident","2016-04-13T00:00:00.000","2016-04-12T00:00:00.000","2016-04-13T00:21:20.000","2016-04-13T00:21:20.000","2016-04-13T00:21:41.000","2016-04-13T00:21:51.000",,,,"Code 3 Transport","2016-04-13T00:26:14.000","FRANKLIN ST/EDDY ST","San Francisco","94102","B02","05","3262","A","E","3","true","Potentially Life-Threatening","1","MEDIC","6","2","5","Western Addition","161040042-85","POINT (-122.42246 37.782684)","2024-02-05T03:27:52.000","2024-02-05T10:56:25.000","39"
"161013267","T03","16040337","Medical Incident","2016-04-10T00:00:00.000","2016-04-10T00:00:00.000","2016-04-10T21:11:27.000","2016-04-10T21:11:46.000","2016-04-10T21:12:13.000",,,,,"Code 2 Transport","2016-04-10T21:17:00.000","ELLIS ST/CYRIL MAGNIN ST","San Francisco","94102","B03","01","1366","3","3","3","false","Potentially Life-Threatening","1","TRUCK","3","3","3","Tenderloin","161013267-T03","POINT (-122.40867 37.78539)","2024-02-05T03:27:52.000","2024-02-05T10:56:25.000","36"
"032460061","E18","03070253","Electrical Hazard","2003-09-03T00:00:00.000","2003-09-02T00:00:00.000","2003-09-03T07:01:34.000","2003-09-03T07:03:25.000","2003-09-03T07:05:24.000","2003-09-03T07:08:14.000","2003-09-03T07:11:01.000",,,"Other","2003-09-03T07:16:19.000","30TH AVE/JUDAH ST","SF","94122","B08","18","7513","3","3","3","true",,"1","ENGINE","1","8","4","Sunset/Parkside","032460061-E18","POINT (-122.48878 37.76118)","2024-02-05T03:27:52.000","2024-02-05T10:56:25.000","35"
"160943506","E43","16037438","Medical Incident","2016-04-03T00:00:00.000","2016-04-03T00:00:00.000","2016-04-03T21:55:36.000","2016-04-03T21:57:12.000","2016-04-03T21:57:26.000","2016-04-03T21:58:36.000","2016-04-03T22:02:00.000",,,"Code 2 Transport","2016-04-03T22:12:28.000","FELTON ST/MADISON ST","San Francisco","94134","B09","43","6153","3","3","3","true","Potentially Life-Threatening","1","ENGINE","1","9","9","Excelsior","160943506-E43","POINT (-122.42234 37.725395)","2024-02-05T03:27:52.000","2024-02-05T10:56:25.000","7"
"161012423","82","16040248","Medical Incident","2016-04-10T00:00:00.000","2016-04-10T00:00:00.000","2016-04-10T16:43:31.000","2016-04-10T16:43:31.000","2016-04-10T16:43:55.000","2016-04-10T16:44:18.000","2016-04-10T16:48:43.000","2016-04-10T17:11:03.000","2016-04-10T17:21:04.000","Code 2 Transport","2016-04-10T17:56:47.000","23RD AVE/BALBOA ST","San Francisco","94121","B07","14","7212","2","2","2","true","Non Life-threatening","1","MEDIC","3","7","1","Outer Richmond","161012423-82","POINT (-122.482315 37.7764)","2024-02-05T03:27:52.000","2024-02-05T10:56:25.000","29"
"160993062","T13","16039424","Alarms","2016-04-08T00:00:00.000","2016-04-08T00:00:00.000","2016-04-08T18:34:01.000","2016-04-08T18:35:42.000","2016-04-08T18:35:53.000","2016-04-08T18:37:19.000","2016-04-08T18:38:55.000",,,"Fire","2016-04-08T18:46:18.000","BATTERY ST/CALIFORNIA ST","San Francisco","94111","B01","13","1162","3","3","3","false","Alarm","1","TRUCK","2","1","3","Financial District/South Beach","160993062-T13","POINT (-122.399956 37.79321)","2024-02-05T03:27:52.000","2024-02-05T10:56:25.000","8"
"160954081","E05","16037827","Medical Incident","2016-04-04T00:00:00.000","2016-04-04T00:00:00.000","2016-04-04T23:05:42.000","2016-04-04T23:06:01.000","2016-04-04T23:06:10.000","2016-04-04T23:07:00.000","2016-04-04T23:08:41.000",,,"Code 2 Transport","2016-04-04T23:25:37.000","LAGUNA ST/MCALLISTER ST","San Francisco","94102","B02","05","3425","2","2","2","true","Non Life-threatening","1","ENGINE","1","2","5","Western Addition","160954081-E05","POINT (-122.42683 37.77926)","2024-02-05T03:27:52.000","2024-02-05T10:56:25.000","39"
"161012401","E07","16040245","Medical Incident","2016-04-10T00:00:00.000","2016-04-10T00:00:00.000","2016-04-10T16:38:02.000","2016-04-10T16:38:02.000","2016-04-10T16:39:43.000","2016-04-10T16:39:43.000","2016-04-10T16:42:35.000",,,"Code 2 Transport","2016-04-10T16:51:50.000","VALENCIA ST/15TH ST","San Francisco","94103","B02","06","5226","3","3","3","true","Potentially Life-Threatening","1","ENGINE","1","2","9","Mission","161012401-E07","POINT (-122.42204 37.76654)","2024-02-05T03:27:52.000","2024-02-05T10:56:25.000","20"
"160940785","KM08","16037185","Medical Incident","2016-04-03T00:00:00.000","2016-04-02T00:00:00.000","2016-04-03T07:05:15.000","2016-04-03T07:06:16.000","2016-04-03T07:07:50.000","2016-04-03T07:07:50.000","2016-04-03T07:14:00.000","2016-04-03T07:54:37.000","2016-04-03T08:08:42.000","Code 3 Transport","2016-04-03T08:21:26.000","VALLEJO ST/LARKIN ST","San Francisco","94109","B01","41","1631","3","E","3","false","Potentially Life-Threatening","1","PRIVATE","4","1","3","Russian Hill","160940785-KM08","POINT (-122.42032 37.797108)","2024-02-05T03:27:52.000","2024-02-05T10:56:25.000","32"
"160981801","B03","16038907","Alarms","2016-04-07T00:00:00.000","2016-04-07T00:00:00.000","2016-04-07T12:26:22.000","2016-04-07T12:27:15.000","2016-04-07T12:27:49.000","2016-04-07T12:29:41.000",,,,"Fire","2016-04-07T12:30:19.000","STEUART ST/MARKET ST","San Francisco","94105","B03","35","0902","3","3","3","false","Alarm","1","CHIEF","4","1","3","Financial District/South Beach","160981801-B03","POINT (-122.394745 37.79448)","2024-02-05T03:27:52.000","2024-02-05T10:56:25.000","8"
"160934017","E33","16037088","Outside Fire","2016-04-02T00:00:00.000","2016-04-02T00:00:00.000","2016-04-02T23:52:14.000","2016-04-02T23:52:14.000","2016-04-02T23:52:22.000","2016-04-02T23:53:26.000","2016-04-02T23:57:45.000",,,"Fire","2016-04-02T23:59:03.000","BYXBEE ST/19TH AVE/RANDOLPH ST","San Francisco","94132","B09","33","8417","3","3","3","false","Fire","1","ENGINE","1","9","11","Oceanview/Merced/Ingleside","160934017-E33","POINT (-122.469795 37.714283)","2024-02-05T03:27:52.000","2024-02-05T10:56:25.000","24"
"160922015","T09","16036468","Alarms","2016-04-01T00:00:00.000","2016-04-01T00:00:00.000","2016-04-01T14:26:41.000","2016-04-01T14:28:09.000","2016-04-01T14:28:13.000","2016-04-01T14:30:23.000","2016-04-01T14:33:17.000",,,"Fire","2016-04-01T14:44:43.000","25TH ST/MINNESOTA ST","San Francisco","94107","B10","25","2635","3","3","3","false","Alarm","1","TRUCK","3","10","10","Bayview Hunters Point","160922015-T09","POINT (-122.38973 37.75272)","2024-02-05T03:27:52.000","2024-02-05T10:56:25.000","1"
"160943449","E03","16037432","Medical Incident","2016-04-03T00:00:00.000","2016-04-03T00:00:00.000","2016-04-03T21:37:14.000","2016-04-03T21:37:45.000","2016-04-03T21:39:47.000","2016-04-03T21:39:47.000","2016-04-03T21:40:30.000",,,"Code 2 Transport","2016-04-03T21:54:28.000","EDDY ST/JONES ST","San Francisco","94102","B03","03","1461","3","3","3","true","Potentially Life-Threatening","1","ENGINE","1","2","6","Tenderloin","160943449-E03","POINT (-122.4126 37.78393)","2024-02-05T03:27:52.000","2024-02-05T10:56:25.000","36"
"160982194","T05","16038951","Structure Fire / Smoke in Building","2016-04-07T00:00:00.000","2016-04-07T00:00:00.000","2016-04-07T14:12:19.000","2016-04-07T14:12:19.000","2016-04-07T14:13:02.000","2016-04-07T14:14:09.000","2016-04-07T14:16:00.000",,,"Fire","2016-04-07T14:18:32.000","HEMLOCK ST/LAGUNA ST","San Francisco","94109","B04","38","3364","3","3","3","false","Alarm","1","TRUCK","3","4","5","Japantown","160982194-T05","POINT (-122.42824 37.786247)","2024-02-05T03:27:52.000","2024-02-05T10:56:25.000","15"
"161042466","77","16041334","Medical Incident","2016-04-13T00:00:00.000","2016-04-13T00:00:00.000","2016-04-13T15:28:02.000","2016-04-13T15:30:13.000","2016-04-13T15:32:24.000","2016-04-13T15:32:47.000","2016-04-13T15:47:49.000","2016-04-13T15:58:36.000","2016-04-13T16:02:30.000","Code 2 Transport","2016-04-13T16:33:56.000","BROADWAY/GOUGH ST","San Francisco","94109","B04","38","3251","2","2","2","true","Non Life-threatening","1","MEDIC","2","4","2","Pacific Heights","161042466-77","POINT (-122.4267 37.795315)","2024-02-05T03:27:52.000","2024-02-05T10:56:25.000","30"
"161002367","88","16039847","Medical Incident","2016-04-09T00:00:00.000","2016-04-09T00:00:00.000","2016-04-09T17:05:06.000","2016-04-09T17:07:19.000","2016-04-09T17:07:44.000","2016-04-09T17:07:55.000","2016-04-09T17:09:53.000","2016-04-09T17:37:32.000","2016-04-09T17:47:13.000","Code 2 Transport","2016-04-09T18:33:26.000","CAPP ST/20TH ST","San Francisco","94110","B06","07","5446","3","3","3","true","Potentially Life-Threatening","1","MEDIC","1","6","9","Mission","161002367-88","POINT (-122.41796 37.758698)","2024-02-05T03:27:52.000","2024-02-05T10:56:25.000","20"
"161001906","E17","16039795","Medical Incident","2016-04-09T00:00:00.000","2016-04-09T00:00:00.000","2016-04-09T14:43:41.000","2016-04-09T14:44:26.000","2016-04-09T14:44:44.000","2016-04-09T14:46:03.000","2016-04-09T14:49:13.000",,,"Code 2 Transport","2016-04-09T15:07:14.000","KISKA RD/REARDON RD","San Francisco","94124","B10","17","6625","3","3","3","true","Potentially Life-Threatening","1","ENGINE","1","10","10","Bayview Hunters Point","161001906-E17","POINT (-122.377205 37.730015)","2024-02-05T03:27:52.000","2024-02-05T10:56:25.000","1"
"160961826","KM02","16038018","Medical Incident","2016-04-05T00:00:00.000","2016-04-05T00:00:00.000","2016-04-05T13:02:34.000","2016-04-05T13:02:52.000","2016-04-05T13:03:18.000","2016-04-05T13:03:53.000","2016-04-05T13:05:18.000","2016-04-05T13:29:01.000","2016-04-05T14:26:11.000","Code 2 Transport","2016-04-05T14:34:48.000","WELSH ST/05TH ST","San Francisco","94107","B03","08","2242","3","3","3","false","Potentially Life-Threatening","1","PRIVATE","1","3","6","South of Market","160961826-KM02","POINT (-122.399765 37.77737)","2024-02-05T03:27:52.000","2024-02-05T10:56:25.000","34"
"161012984","60","16040300","Medical Incident","2016-04-10T00:00:00.000","2016-04-10T00:00:00.000","2016-04-10T19:18:32.000","2016-04-10T19:20:39.000","2016-04-10T19:21:34.000","2016-04-10T19:21:56.000","2016-04-10T19:24:28.000","2016-04-10T19:49:23.000","2016-04-10T20:07:40.000","Code 2 Transport","2016-04-10T20:46:46.000","INNES AVE/NEWHALL ST","San Francisco","94124","B10","25","6532","3","3","3","true","Potentially Life-Threatening","1","MEDIC","1","10","10","Bayview Hunters Point","161012984-60","POINT (-122.38883 37.73942)","2024-02-05T03:27:52.000","2024-02-05T10:56:25.000","1"
"160981926","E03","16038921","Medical Incident","2016-04-07T00:00:00.000","2016-04-07T00:00:00.000","2016-04-07T12:57:25.000","2016-04-07T12:59:06.000","2016-04-07T12:59:47.000","2016-04-07T13:01:51.000",,,,"Code 2 Transport","2016-04-07T13:04:58.000","JONES ST/GOLDEN GATE AVE","San Francisco","94102","B02","01","1546","3","3","3","true","Potentially Life-Threatening","1","ENGINE","2","2","6","Tenderloin","160981926-E03","POINT (-122.412224 37.782074)","2024-02-05T03:27:52.000","2024-02-05T10:56:25.000","36"
"160972416","AM16","16038463","Medical Incident","2016-04-06T00:00:00.000","2016-04-06T00:00:00.000","2016-04-06T13:55:23.000","2016-04-06T14:30:04.000","2016-04-06T14:33:39.000","2016-04-06T14:34:45.000","2016-04-06T14:39:29.000","2016-04-06T14:55:58.000","2016-04-06T15:29:39.000","Code 2 Transport","2016-04-06T16:14:23.000","EUGENIA AVE/PROSPECT AVE","San Francisco","94110","B06","32","5653","2","3","3","false","Potentially Life-Threatening","1","PRIVATE","3","6","9","Bernal Heights","160972416-AM16","POINT (-122.42005 37.741463)","2024-02-05T03:27:52.000","2024-02-05T10:56:25.000","2"
"161003449","T15","16039976","Structure Fire / Smoke in Building","2016-04-09T00:00:00.000","2016-04-09T00:00:00.000","2016-04-09T22:34:29.000","2016-04-09T22:34:51.000","2016-04-09T22:35:09.000","2016-04-09T22:37:14.000",,,,"Fire","2016-04-09T22:41:22.000","BEMIS ST/MATEO ST","San Francisco","94131","B06","26","8111","3","3","3","false","Alarm","1","TRUCK","9","6","8","Glen Park","161003449-T15","POINT (-122.43007 37.73745)","2024-02-05T03:27:52.000","2024-02-05T10:56:25.000","10"
"161001770","E06","16039782","Medical Incident","2016-04-09T00:00:00.000","2016-04-09T00:00:00.000","2016-04-09T13:54:55.000","2016-04-09T13:55:53.000","2016-04-09T13:58:28.000","2016-04-09T13:59:28.000","2016-04-09T14:01:08.000",,,"Code 2 Transport","2016-04-09T14:30:00.000","RAMONA AVE/15TH ST","San Francisco","94103","B02","06","5214","2","2","2","true","Potentially Life-Threatening","1","ENGINE","1","2","8","Mission","161001770-E06","POINT (-122.4252 37.76635)","2024-02-05T03:27:52.000","2024-02-05T10:56:25.000","20"
"161010466","E02","16040053","Medical Incident","2016-04-10T00:00:00.000","2016-04-09T00:00:00.000","2016-04-10T02:53:39.000","2016-04-10T02:54:24.000","2016-04-10T02:55:06.000","2016-04-10T02:55:29.000","2016-04-10T02:58:46.000",,,"Unable to Locate","2016-04-10T03:04:00.000","CALIFORNIA ST/DRUMM ST","San Francisco","94111","B01","13","1113","3","3","3","true","Potentially Life-Threatening","1","ENGINE","1","1","3","Financial District/South Beach","161010466-E02","POINT (-122.39639 37.793663)","2024-02-05T03:27:52.000","2024-02-05T10:56:25.000","8"
"160973392","E03","16038585","Alarms","2016-04-06T00:00:00.000","2016-04-06T00:00:00.000","2016-04-06T17:52:12.000","2016-04-06T17:53:25.000","2016-04-06T17:55:08.000","2016-04-06T17:56:16.000","2016-04-06T17:58:38.000",,,"Fire","2016-04-06T18:27:45.000","TURK ST/TAYLOR ST","San Francisco","94102","B03","01","1456","3","3","3","true","Alarm","1","ENGINE","1","3","6","Tenderloin","160973392-E03","POINT (-122.41077 37.783215)","2024-02-05T03:27:52.000","2024-02-05T10:56:25.000","36"
"161022485","KM08","16040617","Medical Incident","2016-04-11T00:00:00.000","2016-04-11T00:00:00.000","2016-04-11T15:32:59.000","2016-04-11T15:34:56.000","2016-04-11T15:36:49.000","2016-04-11T15:36:49.000","2016-04-11T16:05:41.000","2016-04-11T16:32:50.000","2016-04-11T16:58:30.000","Code 2 Transport","2016-04-11T17:31:56.000","EUCALYPTUS DR/SYLVAN DR","San Francisco","94132","B08","19","8743","2","2","2","false","Non Life-threatening","1","PRIVATE","1","8","7","Sunset/Parkside","161022485-KM08","POINT (-122.4853 37.730946)","2024-02-05T03:27:52.000","2024-02-05T10:56:25.000","16"
"161021139","T10","16040489","Medical Incident","2016-04-11T00:00:00.000","2016-04-11T00:00:00.000","2016-04-11T09:51:07.000","2016-04-11T09:52:30.000","2016-04-11T09:53:35.000","2016-04-11T09:54:43.000","2016-04-11T09:56:56.000",,,"Code 2 Transport","2016-04-11T10:05:42.000","CALIFORNIA ST/LYON ST","San Francisco","94115","B04","10","4336","3","3","3","false","Potentially Life-Threatening","1","TRUCK","1","4","2","Presidio Heights","161021139-T10","POINT (-122.445404 37.787437)","2024-02-05T03:27:52.000","2024-02-05T10:56:25.000","31"
"161002653","T16","16039879","Structure Fire / Smoke in Building","2016-04-09T00:00:00.000","2016-04-09T00:00:00.000","2016-04-09T18:29:33.000","2016-04-09T18:30:37.000","2016-04-09T18:30:44.000","2016-04-09T18:31:59.000","2016-04-09T18:33:20.000",,,"Fire","2016-04-09T18:48:36.000","FRANCISCO ST/DIVISADERO ST","San Francisco","94123","B04","16","4222","3","3","3","false","Alarm","1","TRUCK","2","4","2","Marina","161002653-T16","POINT (-122.44303 37.800907)","2024-02-05T03:27:52.000","2024-02-05T10:56:25.000","13"
"161042620","KM09","16041350","Medical Incident","2016-04-13T00:00:00.000","2016-04-13T00:00:00.000","2016-04-13T16:12:30.000","2016-04-13T16:12:30.000","2016-04-13T16:12:45.000","2016-04-13T16:13:46.000","2016-04-13T16:23:24.000","2016-04-13T16:49:33.000","2016-04-13T17:23:28.000","Code 2 Transport","2016-04-13T18:06:20.000","GEARY BLVD/BEAUMONT AVE","San Francisco","94118","B07","10","4453","2","3","3","false","Potentially Life-Threatening","1","PRIVATE","1","7","1","Lone Mountain/USF","161042620-KM09","POINT (-122.455284 37.78146)","2024-02-05T03:27:52.000","2024-02-05T10:56:25.000","18"
"161003696","E02","16039996","Elevator / Escalator Rescue","2016-04-09T00:00:00.000","2016-04-09T00:00:00.000","2016-04-09T23:37:48.000","2016-04-09T23:39:05.000","2016-04-10T00:04:25.000","2016-04-10T00:06:40.000","2016-04-10T00:08:31.000",,,"Fire","2016-04-10T00:15:36.000","SACRAMENTO ST/POWELL ST","San Francisco","94108","B01","41","1414","3","3","3","true","Alarm","1","ENGINE","3","1","3","Nob Hill","161003696-E02","POINT (-122.40936 37.792973)","2024-02-05T03:27:52.000","2024-02-05T10:56:25.000","6"
"160991218","73","16039256","Medical Incident","2016-04-08T00:00:00.000","2016-04-08T00:00:00.000","2016-04-08T10:56:22.000","2016-04-08T10:57:03.000","2016-04-08T10:57:30.000","2016-04-08T10:58:00.000",,,,"No Merit","2016-04-08T11:05:31.000","SUTTER ST/STEINER ST","San Francisco","94115","B04","03","3121","3","3","3","true","Potentially Life-Threatening","1","MEDIC","2","4","5","Pacific Heights","160991218-73","POINT (-122.43492 37.785877)","2024-02-05T03:27:52.000","2024-02-05T10:56:25.000","30"
"160972911","52","16038520","Medical Incident","2016-04-06T00:00:00.000","2016-04-06T00:00:00.000","2016-04-06T16:17:28.000","2016-04-06T16:18:44.000","2016-04-06T16:20:48.000","2016-04-06T16:21:12.000","2016-04-06T16:44:43.000","2016-04-06T16:59:16.000","2016-04-06T17:15:17.000","Code 2 Transport","2016-04-06T17:46:29.000","17TH ST/POND ST","San Francisco","94114","B05","06","5252","2","2","2","true","Potentially Life-Threatening","1","MEDIC","1","5","8","Castro/Upper Market","160972911-52","POINT (-122.43212 37.76267)","2024-02-05T03:27:52.000","2024-02-05T10:56:25.000","5"
"160990596","E36","16039204","Medical Incident","2016-04-08T00:00:00.000","2016-04-07T00:00:00.000","2016-04-08T07:28:36.000","2016-04-08T07:29:05.000","2016-04-08T07:29:32.000","2016-04-08T07:31:05.000","2016-04-08T07:33:04.000",,,"Code 2 Transport","2016-04-08T07:42:36.000","FULTON ST/OCTAVIA ST","San Francisco","94102","B02","36","3264","3","3","3","true","Potentially Life-Threatening","1","ENGINE","1","2","5","Hayes Valley","160990596-E36","POINT (-122.424995 37.778538)","2024-02-05T03:27:52.000","2024-02-05T10:56:25.000","9"
"160930818","65","16036755","Medical Incident","2016-04-02T00:00:00.000","2016-04-02T00:00:00.000","2016-04-02T08:24:34.000","2016-04-02T08:25:46.000","2016-04-02T08:26:00.000","2016-04-02T08:26:39.000","2016-04-02T08:31:54.000","2016-04-02T08:49:18.000","2016-04-02T09:01:16.000","Code 3 Transport","2016-04-02T09:49:24.000","GROVE ST/BAKER ST","San Francisco","94117","B05","21","4253","3","3","3","true","Potentially Life-Threatening","1","MEDIC","2","5","5","Lone Mountain/USF","160930818-65","POINT (-122.4413 37.775505)","2024-02-05T03:27:52.000","2024-02-05T10:56:25.000","9"
"160931069","AM08","16036781","Medical Incident","2016-04-02T00:00:00.000","2016-04-02T00:00:00.000","2016-04-02T09:47:13.000","2016-04-02T09:49:45.000","2016-04-02T09:50:02.000","2016-04-02T09:51:00.000","2016-04-02T09:53:21.000","2016-04-02T10:14:25.000","2016-04-02T10:40:55.000","Code 2 Transport","2016-04-02T10:56:34.000","ELLIS ST/TAYLOR ST","San Francisco","94102","B03","03","1461","3","3","3","false","Potentially Life-Threatening","1","PRIVATE","2","3","6","Tenderloin","160931069-AM08","POINT (-122.41114 37.785076)","2024-02-05T03:27:52.000","2024-02-05T10:56:25.000","36"
"160971532","E41","16038380","Alarms","2016-04-06T00:00:00.000","2016-04-06T00:00:00.000","2016-04-06T11:16:10.000","2016-04-06T11:17:14.000","2016-04-06T11:17:43.000","2016-04-06T11:18:18.000",,,,"Fire","2016-04-06T11:19:49.000","POWELL ST/OFARRELL ST","San Francisco","94102","B03","01","1363","3","3","3","false","Alarm","1","ENGINE","4","1","3","Tenderloin","160971532-E41","POINT (-122.408035 37.78641)","2024-02-05T03:27:52.000","2024-02-05T10:56:25.000","8"
"160933412","E06","16037041","Structure Fire / Smoke in Building","2016-04-02T00:00:00.000","2016-04-02T00:00:00.000","2016-04-02T21:00:54.000","2016-04-02T21:02:05.000","2016-04-02T21:02:17.000","2016-04-02T21:02:44.000",,,,"Fire","2016-04-02T21:08:59.000","GUERRERO ST/DUBOCE AVE","San Francisco","94103","B02","06","5127","3","3","3","true","Alarm","1","ENGINE","3","2","8","Mission","160933412-E06","POINT (-122.42458 37.769733)","2024-02-05T03:27:52.000","2024-02-05T10:56:25.000","20"
"160942448","RS1","16037325","Medical Incident","2016-04-03T00:00:00.000","2016-04-03T00:00:00.000","2016-04-03T16:10:27.000","2016-04-03T16:10:27.000","2016-04-03T16:11:13.000","2016-04-03T16:12:28.000","2016-04-03T16:14:51.000",,,"Code 2 Transport","2016-04-03T16:15:35.000","JESSIE ST/06TH ST","San Francisco","94103","B03","01","2251","3","3","3","false","Potentially Life-Threatening","1","RESCUE SQUAD","1","3","6","South of Market","160942448-RS1","POINT (-122.40925 37.7814)","2024-02-05T03:27:52.000","2024-02-05T10:56:25.000","34"
"160922568","RS2","16036521","Structure Fire / Smoke in Building","2016-04-01T00:00:00.000","2016-04-01T00:00:00.000","2016-04-01T16:50:01.000","2016-04-01T16:50:59.000","2016-04-01T16:51:09.000","2016-04-01T16:52:19.000",,,,"Fire","2016-04-01T16:56:31.000","FOOTE AVE/MISSION ST","San Francisco","94112","B09","33","6177","3","3","3","false","Alarm","1","RESCUE SQUAD","10","9","11","Outer Mission","160922568-RS2","POINT (-122.44474 37.712624)","2024-02-05T03:27:52.000","2024-02-05T10:56:25.000","7"
"160922854","75","16036548","Medical Incident","2016-04-01T00:00:00.000","2016-04-01T00:00:00.000","2016-04-01T17:52:13.000","2016-04-01T17:52:58.000","2016-04-01T17:54:16.000","2016-04-01T17:54:22.000","2016-04-01T18:04:11.000","2016-04-01T18:17:04.000","2016-04-01T18:32:50.000","Code 2 Transport","2016-04-01T19:13:36.000","03RD ST/NEWCOMB AVE","San Francisco","94124","B10","17","6516","3","3","3","true","Potentially Life-Threatening","1","MEDIC","2","10","10","Bayview Hunters Point","160922854-75","POINT (-122.39042 37.73559)","2024-02-05T03:27:52.000","2024-02-05T10:56:25.000","1"
"161001591","E38","16039759","Alarms","2016-04-09T00:00:00.000","2016-04-09T00:00:00.000","2016-04-09T12:55:28.000","2016-04-09T12:57:38.000","2016-04-09T12:57:54.000","2016-04-09T13:00:33.000","2016-04-09T13:00:33.000",,,"Fire","2016-04-09T13:04:15.000","BUSH ST/GOUGH ST","San Francisco","94109","B04","38","3255","3","3","3","false","Alarm","1","ENGINE","2","4","2","Western Addition","161001591-E38","POINT (-122.42524 37.78807)","2024-02-05T03:27:52.000","2024-02-05T10:56:25.000","30"
"161030887","84","16040832","Medical Incident","2016-04-12T00:00:00.000","2016-04-12T00:00:00.000","2016-04-12T08:57:51.000","2016-04-12T09:00:00.000","2016-04-12T09:01:23.000","2016-04-12T09:01:49.000","2016-04-12T09:16:40.000",,,"Against Medical Advice","2016-04-12T10:08:18.000","EDDY ST/MASON ST","San Francisco","94102","B03","01","1453","2","2","2","true","Potentially Life-Threatening","1","MEDIC","2","3","6","Tenderloin","161030887-84","POINT (-122.40931 37.784348)","2024-02-05T03:27:52.000","2024-02-05T10:56:25.000","36"
"160950206","E38","16037493","Medical Incident","2016-04-04T00:00:00.000","2016-04-03T00:00:00.000","2016-04-04T02:37:34.000","2016-04-04T02:39:25.000","2016-04-04T02:40:59.000","2016-04-04T02:42:48.000","2016-04-04T02:44:49.000",,,"Code 2 Transport","2016-04-04T03:02:25.000","SUTTER ST/OCTAVIA ST","San Francisco","94109","B04","38","3324","2","2","2","false","Potentially Life-Threatening","1","ENGINE","1","4","5","Japantown","160950206-E38","POINT (-122.42667 37.786926)","2024-02-05T03:27:52.000","2024-02-05T10:56:25.000","30"
"160952461","RS1","16037681","Water Rescue","2016-04-04T00:00:00.000","2016-04-04T00:00:00.000","2016-04-04T15:27:44.000","2016-04-04T15:28:21.000","2016-04-04T15:29:47.000","2016-04-04T15:31:27.000","2016-04-04T15:46:29.000",,,"Medical Examiner","2016-04-04T15:53:27.000","MARINE DR/END","San Francisco","94129","B99","51","4632","3","3","3","false","Fire","1","RESCUE SQUAD","7","7","2","Presidio","160952461-RS1","POINT (-122.4766 37.81068)","2024-02-05T03:27:52.000","2024-02-05T10:56:25.000","27"
"161031998","60","16040929","Traffic Collision","2016-04-12T00:00:00.000","2016-04-12T00:00:00.000","2016-04-12T13:39:17.000","2016-04-12T13:39:17.000","2016-04-12T13:44:49.000","2016-04-12T13:45:11.000","2016-04-12T13:54:13.000",,,"Against Medical Advice","2016-04-12T14:33:16.000","EDDY ST/BUCHANAN ST","San Francisco","94115","B02","05","3426","2","2","2","true","Non Life-threatening","1","MEDIC","2","2","5","Western Addition","161031998-60","POINT (-122.42904 37.78185)","2024-02-05T03:27:52.000","2024-02-05T10:56:25.000","39"
"160992942","E23","16039415","Citizen Assist / Service Call","2016-04-08T00:00:00.000","2016-04-08T00:00:00.000","2016-04-08T18:11:04.000","2016-04-08T18:12:28.000","2016-04-08T18:12:37.000","2016-04-08T18:14:25.000","2016-04-08T18:19:08.000",,,"Fire","2016-04-08T18:39:19.000","ORTEGA ST/48TH AVE","San Francisco","94116","B08","23","7715","3","3","3","false","Alarm","1","ENGINE","1","8","4","Sunset/Parkside","160992942-E23","POINT (-122.507416 37.751003)","2024-02-05T03:27:52.000","2024-02-05T10:56:25.000","35"
"161031900","57","16040918","Medical Incident","2016-04-12T00:00:00.000","2016-04-12T00:00:00.000","2016-04-12T13:18:21.000","2016-04-12T13:19:08.000","2016-04-12T13:19:17.000","2016-04-12T13:19:30.000","2016-04-12T13:40:34.000","2016-04-12T13:41:02.000","2016-04-12T14:04:31.000","Code 2 Transport","2016-04-12T14:44:54.000","03RD AVE/GEARY BLVD","San Francisco","94118","B07","31","7124","2","2","2","true","Non Life-threatening","1","MEDIC","2","7","1","Inner Richmond","161031900-57","POINT (-122.46106 37.78116)","2024-02-05T03:27:52.000","2024-02-05T10:56:25.000","11"
"161000209","T08","16039580","Elevator / Escalator Rescue","2016-04-09T00:00:00.000","2016-04-08T00:00:00.000","2016-04-09T01:21:47.000","2016-04-09T01:22:43.000","2016-04-09T01:22:56.000","2016-04-09T01:25:00.000","2016-04-09T01:28:00.000",,,"Fire","2016-04-09T01:38:15.000","BRANNAN ST/HARRIET ST","San Francisco","94103","B03","08","2256","3","3","3","false","Alarm","1","TRUCK","1","3","6","South of Market","161000209-T08","POINT (-122.40152 37.774384)","2024-02-05T03:27:52.000","2024-02-05T10:56:25.000","34"
"160932422","67","16036937","Medical Incident","2016-04-02T00:00:00.000","2016-04-02T00:00:00.000","2016-04-02T16:23:04.000","2016-04-02T16:25:20.000","2016-04-02T16:25:56.000","2016-04-02T16:26:03.000","2016-04-02T16:31:34.000","2016-04-02T16:36:27.000","2016-04-02T17:00:22.000","Code 2 Transport","2016-04-02T17:22:22.000","TURK ST/LAGUNA ST","San Francisco","94102","B02","05","3426","2","2","2","true","Non Life-threatening","1","MEDIC","1","2","5","Western Addition","160932422-67","POINT (-122.4272 37.781116)","2024-02-05T03:27:52.000","2024-02-05T10:56:25.000","39"
"160970543","52","16038289","Medical Incident","2016-04-06T00:00:00.000","2016-04-05T00:00:00.000","2016-04-06T06:44:25.000","2016-04-06T06:45:39.000","2016-04-06T06:46:00.000","2016-04-06T06:46:13.000","2016-04-06T06:58:03.000","2016-04-06T07:13:26.000","2016-04-06T07:44:31.000","Code 2 Transport","2016-04-06T08:04:41.000","NOE ST/24TH ST","San Francisco","94114","B06","11","5522","2","2","2","true","Non Life-threatening","1","MEDIC","1","6","8","Noe Valley","160970543-52","POINT (-122.43188 37.75144)","2024-02-05T03:27:52.000","2024-02-05T10:56:25.000","22"
"161003591","86","16039986","Medical Incident","2016-04-09T00:00:00.000","2016-04-09T00:00:00.000","2016-04-09T23:08:57.000","2016-04-09T23:09:38.000","2016-04-09T23:29:03.000","2016-04-09T23:29:16.000","2016-04-09T23:30:15.000","2016-04-09T23:45:19.000","2016-04-09T23:59:06.000","Code 2 Transport","2016-04-10T00:29:42.000","06TH ST/MISSION ST","San Francisco","94103","B03","01","2251","3","3","3","true","Potentially Life-Threatening","1","MEDIC","3","3","6","South of Market","161003591-86","POINT (-122.40871 37.78097)","2024-02-05T03:27:52.000","2024-02-05T10:56:25.000","34"
"161002147","D3","16039821","Structure Fire / Smoke in Building","2016-04-09T00:00:00.000","2016-04-09T00:00:00.000","2016-04-09T15:59:38.000","2016-04-09T16:00:36.000","2016-04-09T16:00:43.000","2016-04-09T16:01:27.000",,,,"Fire","2016-04-09T16:08:28.000","19TH AVE/WAWONA ST","San Francisco","94132","B08","40","7415","3","3","3","false","Alarm","1","CHIEF","9","8","7","West of Twin Peaks","161002147-D3","POINT (-122.47529 37.737453)","2024-02-05T03:27:52.000","2024-02-05T10:56:25.000","41"
"161031393","E11","16040875","Medical Incident","2016-04-12T00:00:00.000","2016-04-12T00:00:00.000","2016-04-12T11:06:42.000","2016-04-12T11:08:42.000","2016-04-12T11:09:00.000","2016-04-12T11:09:14.000","2016-04-12T11:13:34.000",,,"Code 2 Transport","2016-04-12T11:28:16.000","24TH ST/SOUTH VAN NESS AVE","San Francisco","94110","B06","11","5525","2","2","2","true","Non Life-threatening","1","ENGINE","1","6","9","Mission","161031393-E11","POINT (-122.41627 37.752373)","2024-02-05T03:27:52.000","2024-02-05T10:56:25.000","20"
"160972813","T14","16038506","Alarms","2016-04-06T00:00:00.000","2016-04-06T00:00:00.000","2016-04-06T15:55:50.000","2016-04-06T15:57:01.000","2016-04-06T15:57:51.000","2016-04-06T15:57:51.000","2016-04-06T16:01:32.000",,,"Fire","2016-04-06T16:18:01.000","19TH AVE/CALIFORNIA ST","San Francisco","94121","B07","31","7162","3","3","3","false","Alarm","1","TRUCK","3","7","1","Outer Richmond","160972813-T14","POINT (-122.47858 37.784176)","2024-02-05T03:27:52.000","2024-02-05T10:56:25.000","29"
"160953428","66","16037771","Medical Incident","2016-04-04T00:00:00.000","2016-04-04T00:00:00.000","2016-04-04T19:30:07.000","2016-04-04T19:32:02.000","2016-04-04T19:33:27.000","2016-04-04T19:34:07.000","2016-04-04T19:34:07.000","2016-04-04T20:24:13.000","2016-04-04T20:27:03.000","Code 3 Transport","2016-04-04T21:07:54.000","SCOTT ST/DUBOCE AVE","San Francisco","94117","B05","06","0513","2","2","2","true","Non Life-threatening","1","MEDIC","1","5","8","Castro/Upper Market","160953428-66","POINT (-122.43489 37.769115)","2024-02-05T03:27:52.000","2024-02-05T10:56:25.000","3"
"160970805","T06","16038313","Alarms","2016-04-06T00:00:00.000","2016-04-06T00:00:00.000","2016-04-06T08:23:34.000","2016-04-06T08:25:28.000","2016-04-06T08:27:49.000","2016-04-06T08:29:22.000",,,,"Fire","2016-04-06T08:32:26.000","WEBSTER ST/GOLDEN GATE AVE","San Francisco","94115","B05","05","3516","3","3","3","false","Alarm","1","TRUCK","3","5","5","Western Addition","160970805-T06","POINT (-122.43024 37.77978)","2024-02-05T03:27:52.000","2024-02-05T10:56:25.000","39"
"160940590","64","16037151","Medical Incident","2016-04-03T00:00:00.000","2016-04-02T00:00:00.000","2016-04-03T04:18:46.000","2016-04-03T04:21:30.000","2016-04-03T04:22:13.000","2016-04-03T04:22:40.000","2016-04-03T04:30:51.000","2016-04-03T04:44:02.000","2016-04-03T05:03:11.000","Code 2 Transport","2016-04-03T05:48:30.000","GUTTENBERG ST/PRETOR WAY","San Francisco","94112","B09","43","6218","2","2","2","true","Non Life-threatening","1","MEDIC","1","9","11","Excelsior","160940590-64","POINT (-122.443 37.709934)","2024-02-05T03:27:52.000","2024-02-05T10:56:25.000","7"
"160992689","B08","16039396","Structure Fire / Smoke in Building","2016-04-08T00:00:00.000","2016-04-08T00:00:00.000","2016-04-08T17:08:26.000","2016-04-08T17:09:01.000","2016-04-08T17:09:10.000","2016-04-08T17:10:48.000","2016-04-08T17:16:01.000",,,"Fire","2016-04-08T17:29:28.000","25TH AVE/ANZA ST","San Francisco","94121","B07","14","7213","3","3","3","false","Alarm","1","CHIEF","6","7","1","Outer Richmond","160992689-B08","POINT (-122.4846 37.778168)","2024-02-05T03:27:52.000","2024-02-05T10:56:25.000","29"
"160990466","53","16039194","Medical Incident","2016-04-08T00:00:00.000","2016-04-07T00:00:00.000","2016-04-08T06:17:56.000","2016-04-08T06:17:56.000","2016-04-08T06:18:08.000","2016-04-08T06:19:14.000","2016-04-08T06:29:58.000","2016-04-08T06:48:16.000","2016-04-08T07:01:04.000","Code 2 Transport","2016-04-08T07:39:17.000","ELLIS ST/JONES ST","San Francisco","94102","B03","03","1461","2","2","2","true","Non Life-threatening","1","MEDIC","1","2","6","Tenderloin","160990466-53","POINT (-122.41278 37.784866)","2024-02-05T03:27:52.000","2024-02-05T10:56:25.000","36"
"161040894","63","16041200","Medical Incident","2016-04-13T00:00:00.000","2016-04-13T00:00:00.000","2016-04-13T08:49:09.000","2016-04-13T08:51:31.000","2016-04-13T08:51:44.000","2016-04-13T08:51:59.000","2016-04-13T08:59:30.000","2016-04-13T09:22:02.000","2016-04-13T09:48:21.000","Code 2 Transport","2016-04-13T10:07:08.000","30TH AVE/LAWTON ST","San Francisco","94122","B08","18","7514","2","2","2","true","Non Life-threatening","1","MEDIC","1","8","4","Sunset/Parkside","161040894-63","POINT (-122.48852 37.757446)","2024-02-05T03:27:52.000","2024-02-05T10:56:25.000","35"
"161023065","T01","16040655","Alarms","2016-04-11T00:00:00.000","2016-04-11T00:00:00.000","2016-04-11T17:52:06.000","2016-04-11T17:53:15.000","2016-04-11T17:54:03.000","2016-04-11T17:56:29.000","2016-04-11T17:59:19.000",,,"Fire","2016-04-11T18:01:42.000","STEVENSON ST/07TH ST/ODD FELLOWS WAY","San Francisco","94103","B02","36","2316","3","3","3","false","Alarm","1","TRUCK","1","2","6","South of Market","161023065-T01","POINT (-122.411934 37.780006)","2024-02-05T03:27:52.000","2024-02-05T10:56:25.000","34"
"160970029","E18","16038240","Medical Incident","2016-04-06T00:00:00.000","2016-04-05T00:00:00.000","2016-04-06T00:08:32.000","2016-04-06T00:10:02.000","2016-04-06T00:10:31.000","2016-04-06T00:12:30.000","2016-04-06T00:16:39.000",,,"Code 2 Transport","2016-04-06T00:31:41.000","ULLOA ST/31ST AVE","San Francisco","94116","B08","18","7527","3","3","3","true","Potentially Life-Threatening","1","ENGINE","1","8","4","Sunset/Parkside","160970029-E18","POINT (-122.48842 37.740616)","2024-02-05T03:27:52.000","2024-02-05T10:56:25.000","35"
"160952647","E13","16037693","Medical Incident","2016-04-04T00:00:00.000","2016-04-04T00:00:00.000","2016-04-04T16:15:14.000","2016-04-04T16:16:10.000","2016-04-04T16:16:35.000","2016-04-04T16:17:17.000","2016-04-04T16:19:05.000",,,"Code 2 Transport","2016-04-04T16:28:22.000","SACRAMENTO ST/KEARNY ST","San Francisco","94104","B01","13","1244","3","3","3","true","Potentially Life-Threatening","1","ENGINE","1","1","3","Chinatown","160952647-E13","POINT (-122.40461 37.793564)","2024-02-05T03:27:52.000","2024-02-05T10:56:25.000","8"
"161000915","E18","16039674","Medical Incident","2016-04-09T00:00:00.000","2016-04-09T00:00:00.000","2016-04-09T08:59:26.000","2016-04-09T08:59:45.000","2016-04-09T09:00:16.000","2016-04-09T09:02:27.000","2016-04-09T09:06:37.000",,,"Code 2 Transport","2016-04-09T09:17:37.000","LAWTON ST/48TH AVE","San Francisco","94122","B08","23","7724","3","3","3","true","Potentially Life-Threatening","1","ENGINE","2","8","4","Sunset/Parkside","161000915-E18","POINT (-122.507805 37.7566)","2024-02-05T03:27:52.000","2024-02-05T10:56:25.000","35"
"160973469","RC2","16038591","Medical Incident","2016-04-06T00:00:00.000","2016-04-06T00:00:00.000","2016-04-06T18:07:13.000","2016-04-06T18:08:41.000","2016-04-06T18:22:04.000","2016-04-06T18:22:04.000","2016-04-06T18:25:20.000",,,"Code 2 Transport","2016-04-06T18:41:13.000","30TH AVE/BALBOA ST","San Francisco","94121","B07","14","7225","2","3","3","true","Potentially Life-Threatening","1","RESCUE CAPTAIN","2","7","1","Outer Richmond","160973469-RC2","POINT (-122.489815 37.77606)","2024-02-05T03:27:52.000","2024-02-05T10:56:25.000","29"
"161033176","87","16041016","Medical Incident","2016-04-12T00:00:00.000","2016-04-12T00:00:00.000","2016-04-12T17:51:43.000","2016-04-12T17:52:24.000","2016-04-12T17:52:50.000","2016-04-12T17:53:20.000","2016-04-12T17:58:07.000","2016-04-12T18:09:40.000","2016-04-12T18:40:48.000","Code 2 Transport","2016-04-12T19:07:51.000","ALBION ST/15TH ST","San Francisco","94103","B02","06","5226","3","3","3","true","Potentially Life-Threatening","1","MEDIC","2","2","8","Mission","161033176-87","POINT (-122.42328 37.766464)","2024-02-05T03:27:52.000","2024-02-05T10:56:25.000","20"
"160970254","AM18","16038267","Medical Incident","2016-04-06T00:00:00.000","2016-04-05T00:00:00.000","2016-04-06T02:51:15.000","2016-04-06T02:51:15.000","2016-04-06T02:51:45.000","2016-04-06T02:52:07.000","2016-04-06T02:53:04.000",,,"Other","2016-04-06T03:05:07.000","VALENCIA ST/18TH ST","San Francisco","94110","B02","07","5423","3","3","3","false","Potentially Life-Threatening","1","PRIVATE","1","6","8","Mission","160970254-AM18","POINT (-122.42158 37.7617)","2024-02-05T03:27:52.000","2024-02-05T10:56:25.000","20"
"160951724","KM12","16037622","Medical Incident","2016-04-04T00:00:00.000","2016-04-04T00:00:00.000","2016-04-04T12:31:53.000","2016-04-04T12:33:07.000","2016-04-04T12:33:34.000","2016-04-04T12:34:09.000","2016-04-04T12:39:11.000","2016-04-04T12:49:08.000","2016-04-04T13:09:11.000","Code 2 Transport","2016-04-04T13:27:32.000","STEVENSON ST/06TH ST","San Francisco","94103","B02","01","2248","3","3","3","false","Potentially Life-Threatening","1","PRIVATE","3","3","6","South of Market","160951724-KM12","POINT (-122.40969 37.781754)","2024-02-05T03:27:52.000","2024-02-05T10:56:25.000","34"
"160961432","56","16037976","Medical Incident","2016-04-05T00:00:00.000","2016-04-05T00:00:00.000","2016-04-05T11:24:10.000","2016-04-05T11:26:00.000","2016-04-05T11:27:19.000","2016-04-05T11:27:42.000","2016-04-05T11:43:03.000","2016-04-05T11:53:30.000","2016-04-05T12:03:14.000","Code 2 Transport","2016-04-05T12:34:16.000","WISCONSIN ST/CAROLINA ST","San Francisco","94107","B10","37","2615","2","2","2","true","Potentially Life-Threatening","1","MEDIC","1","10","10","Potrero Hill","160961432-56","POINT (-122.39849 37.752605)","2024-02-05T03:27:52.000","2024-02-05T10:56:25.000","26"
"160951238","KM04","16037576","Medical Incident","2016-04-04T00:00:00.000","2016-04-04T00:00:00.000","2016-04-04T10:35:10.000","2016-04-04T10:35:52.000","2016-04-04T10:36:19.000","2016-04-04T10:38:37.000","2016-04-04T10:39:37.000","2016-04-04T11:05:08.000","2016-04-04T11:26:36.000","Code 2 Transport","2016-04-04T12:30:37.000","MARKET ST/11TH ST","San Francisco","94103","B02","36","2338","3","3","3","false","Potentially Life-Threatening","1","PRIVATE","1","2","6","South of Market","160951238-KM04","POINT (-122.418655 37.77556)","2024-02-05T03:27:52.000","2024-02-05T10:56:25.000","34"
"161013083","B04","16040312","Alarms","2016-04-10T00:00:00.000","2016-04-10T00:00:00.000","2016-04-10T20:01:36.000","2016-04-10T20:03:34.000","2016-04-10T20:05:10.000","2016-04-10T20:06:22.000","2016-04-10T20:13:21.000",,,"Fire","2016-04-10T20:20:27.000","MARKET ST/MCCOPPIN ST/PEARL ST","San Francisco","94103","B02","36","3416","3","3","3","false","Alarm","1","CHIEF","3","2","8","Mission","161013083-B04","POINT (-122.42397 37.77137)","2024-02-05T03:27:52.000","2024-02-05T10:56:25.000","20"
"160982525","E10","16038989","Medical Incident","2016-04-07T00:00:00.000","2016-04-07T00:00:00.000","2016-04-07T15:34:46.000","2016-04-07T15:35:45.000","2016-04-07T15:36:41.000","2016-04-07T15:37:58.000","2016-04-07T15:42:35.000",,,"Code 2 Transport","2016-04-07T15:49:44.000","ANZA ST/06TH AVE","San Francisco","94118","B07","31","7124","3","3","3","true","Potentially Life-Threatening","1","ENGINE","1","7","1","Inner Richmond","160982525-E10","POINT (-122.46414 37.77909)","2024-02-05T03:27:52.000","2024-02-05T10:56:25.000","11"
"161001622","76","16039766","Medical Incident","2016-04-09T00:00:00.000","2016-04-09T00:00:00.000","2016-04-09T13:09:55.000","2016-04-09T13:09:55.000","2016-04-09T13:11:00.000","2016-04-09T13:11:06.000","2016-04-09T13:14:00.000","2016-04-09T13:22:01.000","2016-04-09T13:35:22.000","Code 2 Transport","2016-04-09T13:59:05.000","MARKET ST/POWELL ST","San Francisco","94103","B03","01","1322","2","3","3","true","Potentially Life-Threatening","1","MEDIC","1","3","3","Financial District/South Beach","161001622-76","POINT (-122.40733 37.78456)","2024-02-05T03:27:52.000","2024-02-05T10:56:25.000","34"
"161010866","T03","16040111","Alarms","2016-04-10T00:00:00.000","2016-04-10T00:00:00.000","2016-04-10T08:15:25.000","2016-04-10T08:16:53.000","2016-04-10T08:17:07.000","2016-04-10T08:19:28.000","2016-04-10T08:22:02.000",,,"Fire","2016-04-10T08:30:20.000","TURK ST/JONES ST","San Francisco","94102","B03","01","1456","3","3","3","false","Alarm","1","TRUCK","3","2","6","Tenderloin","161010866-T03","POINT (-122.412415 37.783005)","2024-02-05T03:27:52.000","2024-02-05T10:56:25.000","36"
"161001117","61","16039698","Medical Incident","2016-04-09T00:00:00.000","2016-04-09T00:00:00.000","2016-04-09T10:07:47.000","2016-04-09T10:14:59.000","2016-04-09T10:15:15.000","2016-04-09T10:15:24.000","2016-04-09T10:41:09.000",,,"Patient Declined Transport","2016-04-09T11:22:21.000","CAPP ST/20TH ST","San Francisco","94110","B06","07","5446","2","2","2","true","Non Life-threatening","1","MEDIC","1","6","9","Mission","161001117-61","POINT (-122.41796 37.758698)","2024-02-05T03:27:52.000","2024-02-05T10:56:25.000","20"
"160981407","E13","16038868","Alarms","2016-04-07T00:00:00.000","2016-04-07T00:00:00.000","2016-04-07T10:48:33.000","2016-04-07T10:49:41.000","2016-04-07T10:49:51.000","2016-04-07T10:49:59.000","2016-04-07T10:55:13.000",,,"Fire","2016-04-07T10:57:03.000","03RD ST/MINNA ST","San Francisco","94103","B03","01","2178","3","3","3","true","Alarm","1","ENGINE","2","3","6","Financial District/South Beach","160981407-E13","POINT (-122.40149 37.785828)","2024-02-05T03:27:52.000","2024-02-05T10:56:25.000","8"
"160990144","E34","16039165","Medical Incident","2016-04-08T00:00:00.000","2016-04-07T00:00:00.000","2016-04-08T01:18:15.000","2016-04-08T01:20:00.000","2016-04-08T01:20:13.000","2016-04-08T01:21:36.000","2016-04-08T01:23:22.000",,,"SFPD","2016-04-08T01:24:23.000","42ND AVE/CLEMENT ST/VETERANS DR","San Francisco","94121","B07","34","7265","3","3","3","false","Potentially Life-Threatening","1","ENGINE","1","7","1","Outer Richmond","160990144-E34","POINT (-122.50309 37.781178)","2024-02-05T03:27:52.000","2024-02-05T10:56:25.000","17"
"161012506","E05","16040258","Medical Incident","2016-04-10T00:00:00.000","2016-04-10T00:00:00.000","2016-04-10T17:10:25.000","2016-04-10T17:11:42.000","2016-04-10T17:12:06.000","2016-04-10T17:12:45.000","2016-04-10T17:14:28.000",,,"Code 2 Transport","2016-04-10T17:20:58.000","EDDY ST/LAGUNA ST","San Francisco","94115","B02","05","3366","3","3","3","true","Potentially Life-Threatening","1","ENGINE","1","2","5","Western Addition","161012506-E05","POINT (-122.4274 37.78206)","2024-02-05T03:27:52.000","2024-02-05T10:56:25.000","39"
"160951305","57","16037583","Medical Incident","2016-04-04T00:00:00.000","2016-04-04T00:00:00.000","2016-04-04T10:54:15.000","2016-04-04T10:55:06.000","2016-04-04T10:55:49.000","2016-04-04T10:56:24.000","2016-04-04T11:00:53.000","2016-04-04T11:14:08.000","2016-04-04T11:32:44.000","Code 2 Transport","2016-04-04T11:57:30.000","ASHBURY ST/OAK ST","San Francisco","94117","B05","21","4524","3","3","3","true","Potentially Life-Threatening","1","MEDIC","2","5","5","Haight Ashbury","160951305-57","POINT (-122.44731 37.771877)","2024-02-05T03:27:52.000","2024-02-05T10:56:25.000","3"
"161033225","88","16041022","Medical Incident","2016-04-12T00:00:00.000","2016-04-12T00:00:00.000","2016-04-12T18:05:13.000","2016-04-12T18:05:45.000","2016-04-12T18:06:00.000","2016-04-12T18:06:22.000","2016-04-12T18:16:13.000","2016-04-12T18:28:14.000","2016-04-12T18:35:56.000","Code 2 Transport","2016-04-12T19:04:58.000","LILY ST/FRANKLIN ST","San Francisco","94102","B02","36","3266","3","3","3","true","Potentially Life-Threatening","1","MEDIC","2","2","5","Hayes Valley","161033225-88","POINT (-122.42086 37.77476)","2024-02-05T03:27:52.000","2024-02-05T10:56:25.000","9"
"160953923","KM03","16037812","Medical Incident","2016-04-04T00:00:00.000","2016-04-04T00:00:00.000","2016-04-04T22:12:41.000","2016-04-04T22:14:42.000","2016-04-04T22:14:53.000","2016-04-04T22:15:24.000","2016-04-04T22:22:20.000","2016-04-04T22:37:13.000","2016-04-04T22:44:59.000","Code 2 Transport","2016-04-04T23:22:20.000","FILLMORE ST/TURK ST","San Francisco","94115","B05","05","3535","3","3","3","false","Potentially Life-Threatening","1","PRIVATE","2","5","5","Western Addition","160953923-KM03","POINT (-122.432144 37.780495)","2024-02-05T03:27:52.000","2024-02-05T10:56:25.000","39"
"160991358","E36","16039269","Medical Incident","2016-04-08T00:00:00.000","2016-04-08T00:00:00.000","2016-04-08T11:30:46.000","2016-04-08T11:33:26.000","2016-04-08T11:34:10.000","2016-04-08T11:35:35.000","2016-04-08T11:39:36.000",,,"Code 2 Transport","2016-04-08T12:01:27.000","MISSION ST/09TH ST","San Francisco","94103","B02","36","2336","2","2","2","true","Non Life-threatening","1","ENGINE","1","2","6","South of Market","160991358-E36","POINT (-122.41471 37.77623)","2024-02-05T03:27:52.000","2024-02-05T10:56:25.000","34"
"160943223","AM20","16037410","Medical Incident","2016-04-03T00:00:00.000","2016-04-03T00:00:00.000","2016-04-03T20:08:12.000","2016-04-03T20:10:10.000","2016-04-03T20:10:39.000","2016-04-03T20:11:12.000",,,,"No Merit","2016-04-03T20:20:45.000","TARAVAL ST/30TH AVE","San Francisco","94116","B08","18","7531","2","2","2","false","Non Life-threatening","1","PRIVATE","2","8","4","Sunset/Parkside","160943223-AM20","POINT (-122.48748 37.74253)","2024-02-05T03:27:52.000","2024-02-05T10:56:25.000","35"
"160963278","E01","16038138","Medical Incident","2016-04-05T00:00:00.000","2016-04-05T00:00:00.000","2016-04-05T18:27:55.000","2016-04-05T18:29:29.000","2016-04-05T18:29:53.000","2016-04-05T18:31:00.000","2016-04-05T18:33:26.000",,,"Code 2 Transport","2016-04-05T18:44:19.000","TURK ST/MARKET ST/MASON ST","San Francisco","94103","B01","01","2247","3","3","3","true","Potentially Life-Threatening","1","ENGINE","1","3","6","South of Market","160963278-E01","POINT (-122.40895 37.783287)","2024-02-05T03:27:52.000","2024-02-05T10:56:25.000","34"
"161000129","71","16039565","Medical Incident","2016-04-09T00:00:00.000","2016-04-08T00:00:00.000","2016-04-09T00:49:31.000","2016-04-09T00:49:31.000","2016-04-09T00:50:17.000","2016-04-09T00:50:24.000","2016-04-09T00:59:22.000",,,"Patient Declined Transport","2016-04-09T01:40:10.000","SUNSET BLVD/KIRKHAM ST","San Francisco","94122","B08","18","7563","2","2","2","true","Non Life-threatening","1","MEDIC","1","8","4","Sunset/Parkside","161000129-71","POINT (-122.49562 37.759003)","2024-02-05T03:27:52.000","2024-02-05T10:56:25.000","35"
"160940138","E42","16037107","Medical Incident","2016-04-03T00:00:00.000","2016-04-02T00:00:00.000","2016-04-03T00:44:57.000","2016-04-03T00:44:57.000","2016-04-03T00:45:22.000","2016-04-03T00:47:52.000","2016-04-03T00:49:43.000",,,"Code 2 Transport","2016-04-03T01:00:55.000","SILVER AVE/LEDYARD ST","San Francisco","94124","B10","42","6363","3","3","3","true","Potentially Life-Threatening","1","ENGINE","1","10","10","Bayview Hunters Point","160940138-E42","POINT (-122.402855 37.734074)","2024-02-05T03:27:52.000","2024-02-05T10:56:25.000","1"
"160981139","RC1","16038837","Medical Incident","2016-04-07T00:00:00.000","2016-04-07T00:00:00.000","2016-04-07T09:31:37.000","2016-04-07T09:32:11.000","2016-04-07T09:32:43.000","2016-04-07T09:34:05.000",,,,"Medical Examiner","2016-04-07T09:38:23.000","LARKIN ST/BUSH ST","San Francisco","94109","B04","03","1636","2","2","2","true","Non Life-threatening","1","RESCUE CAPTAIN","3","4","3","Nob Hill","160981139-RC1","POINT (-122.418655 37.78891)","2024-02-05T03:27:52.000","2024-02-05T10:56:25.000","21"
"161022419","82","16040611","Medical Incident","2016-04-11T00:00:00.000","2016-04-11T00:00:00.000","2016-04-11T15:21:05.000","2016-04-11T15:22:48.000","2016-04-11T15:23:56.000","2016-04-11T15:24:06.000","2016-04-11T15:32:56.000","2016-04-11T15:44:57.000","2016-04-11T15:54:53.000","Code 2 Transport","2016-04-11T16:18:09.000","WEBSTER ST/GOLDEN GATE AVE","San Francisco","94115","B05","05","3516","2","2","2","true","Non Life-threatening","1","MEDIC","1","5","5","Western Addition","161022419-82","POINT (-122.43024 37.77978)","2024-02-05T03:27:52.000","2024-02-05T10:56:25.000","39"
"160953275","E41","16037756","Structure Fire / Smoke in Building","2016-04-04T00:00:00.000","2016-04-04T00:00:00.000","2016-04-04T18:49:04.000","2016-04-04T18:49:04.000","2016-04-04T18:49:14.000","2016-04-04T18:50:11.000","2016-04-04T18:50:11.000",,,"Fire","2016-04-04T18:53:52.000","ELLIS ST/JONES ST","San Francisco","94102","B03","03","1461","3","3","3","false","Alarm","1","ENGINE","1","2","6","Tenderloin","160953275-E41","POINT (-122.41278 37.784866)","2024-02-05T03:27:52.000","2024-02-05T10:56:25.000","36"
"160942104","54","16037287","Medical Incident","2016-04-03T00:00:00.000","2016-04-03T00:00:00.000","2016-04-03T14:26:48.000","2016-04-03T14:26:48.000","2016-04-03T14:27:13.000","2016-04-03T14:27:27.000","2016-04-03T14:48:15.000","2016-04-03T15:12:00.000","2016-04-03T15:38:12.000","Code 2 Transport","2016-04-03T16:19:45.000","LA PLAYA/CABRILLO ST","San Francisco","94121","B07","34","7277","2","2","2","true","Non Life-threatening","1","MEDIC","1","7","1","Outer Richmond","160942104-54","POINT (-122.51004 37.77326)","2024-02-05T03:27:52.000","2024-02-05T10:56:25.000","29"
"160952717","E25","16037701","Vehicle Fire","2016-04-04T00:00:00.000","2016-04-04T00:00:00.000","2016-04-04T16:33:45.000","2016-04-04T16:33:45.000","2016-04-04T16:34:18.000","2016-04-04T16:35:55.000","2016-04-04T16:37:48.000",,,"Fire","2016-04-04T16:38:39.000","03RD ST/CUSTER AVE","San Francisco","94124","B10","25","6457","3","3","3","false","Fire","1","ENGINE","1","10","10","Bayview Hunters Point","160952717-E25","POINT (-122.387375 37.74426)","2024-02-05T03:27:52.000","2024-02-05T10:56:25.000","1"
"160962586","E06","16038078","Alarms","2016-04-05T00:00:00.000","2016-04-05T00:00:00.000","2016-04-05T16:01:19.000","2016-04-05T16:02:51.000","2016-04-05T16:02:55.000","2016-04-05T16:04:35.000","2016-04-05T16:06:27.000",,,"Fire","2016-04-05T16:11:45.000","VALENCIA ST/15TH ST","San Francisco","94103","B02","06","5226","3","3","3","true","Alarm","1","ENGINE","1","2","9","Mission","160962586-E06","POINT (-122.42204 37.76654)","2024-02-05T03:27:52.000","2024-02-05T10:56:25.000","20"
"161032045","KM01","16040932","Medical Incident","2016-04-12T00:00:00.000","2016-04-12T00:00:00.000","2016-04-12T13:48:26.000","2016-04-12T13:49:53.000","2016-04-12T13:50:01.000","2016-04-12T13:50:43.000","2016-04-12T14:03:37.000","2016-04-12T14:29:34.000","2016-04-12T14:52:41.000","Code 2 Transport","2016-04-12T15:32:33.000","NATOMA ST/06TH ST","San Francisco","94103","B03","01","2252","2","2","2","false","Non Life-threatening","1","PRIVATE","1","3","6","South of Market","161032045-KM01","POINT (-122.40769 37.780163)","2024-02-05T03:27:52.000","2024-02-05T10:56:25.000","34"
"160993322","E17","16039445","Structure Fire / Smoke in Building","2016-04-08T00:00:00.000","2016-04-08T00:00:00.000","2016-04-08T19:46:54.000","2016-04-08T19:46:54.000","2016-04-08T19:47:03.000","2016-04-08T19:48:12.000","2016-04-08T19:50:47.000",,,"Fire","2016-04-08T19:51:03.000","CASHMERE ST/HUDSON AVE","San Francisco","94124","B10","25","0652","3","3","3","true","Alarm","1","ENGINE","1","10","10","Bayview Hunters Point","160993322-E17","POINT (-122.38342 37.7358)","2024-02-05T03:27:52.000","2024-02-05T10:56:25.000","1"
"160963010","T02","16038118","Medical Incident","2016-04-05T00:00:00.000","2016-04-05T00:00:00.000","2016-04-05T17:33:13.000","2016-04-05T17:33:13.000","2016-04-05T17:33:22.000","2016-04-05T17:34:57.000","2016-04-05T17:36:10.000",,,"Code 2 Transport","2016-04-05T17:47:14.000","VALLEJO ST/EMERY LN","San Francisco","94133","B01","02","1333","3","3","3","false","Potentially Life-Threatening","1","TRUCK","1","1","3","Chinatown","160963010-T02","POINT (-122.40964 37.79847)","2024-02-05T03:27:52.000","2024-02-05T10:56:25.000","6"
"160982257","77","16038961","Medical Incident","2016-04-07T00:00:00.000","2016-04-07T00:00:00.000","2016-04-07T14:27:10.000","2016-04-07T14:27:10.000","2016-04-07T14:28:07.000","2016-04-07T14:28:25.000","2016-04-07T14:37:10.000","2016-04-07T14:46:05.000","2016-04-07T15:03:52.000","Code 2 Transport","2016-04-07T15:33:24.000","FOLSOM ST/MAIN ST","San Francisco","94105","B03","35","2117","3","3","3","true","Potentially Life-Threatening","1","MEDIC","1","3","6","Financial District/South Beach","160982257-77","POINT (-122.39186 37.789368)","2024-02-05T03:27:52.000","2024-02-05T10:56:25.000","8"
"161032580","RC1","16040969","Medical Incident","2016-04-12T00:00:00.000","2016-04-12T00:00:00.000","2016-04-12T15:54:20.000","2016-04-12T15:54:53.000","2016-04-12T15:56:43.000","2016-04-12T15:59:10.000","2016-04-12T16:37:31.000",,,"Code 3 Transport","2016-04-12T16:46:37.000","ELLIS ST/LARKIN ST","San Francisco","94109","B02","03","1555","2","E","3","true","Potentially Life-Threatening","1","RESCUE CAPTAIN","3","2","6","Tenderloin","161032580-RC1","POINT (-122.41771 37.784237)","2024-02-05T03:27:52.000","2024-02-05T10:56:25.000","36"
"161042758","53","16041369","Medical Incident","2016-04-13T00:00:00.000","2016-04-13T00:00:00.000","2016-04-13T16:41:26.000","2016-04-13T16:41:26.000","2016-04-13T16:42:11.000","2016-04-13T16:42:21.000","2016-04-13T16:56:55.000","2016-04-13T17:11:40.000","2016-04-13T17:50:18.000","Code 2 Transport","2016-04-13T18:09:47.000","QUINT ST/PALOU AVE/SILVER AVE","San Francisco","94124","B10","17","6471","2","2","2","true","Non Life-threatening","1","MEDIC","2","10","10","Bayview Hunters Point","161042758-53","POINT (-122.396515 37.737156)","2024-02-05T03:27:52.000","2024-02-05T10:56:25.000","1"
"161021007","E01","16040475","Medical Incident","2016-04-11T00:00:00.000","2016-04-11T00:00:00.000","2016-04-11T09:21:06.000","2016-04-11T09:22:48.000","2016-04-11T09:59:10.000","2016-04-11T09:59:24.000","2016-04-11T10:02:05.000",,,"Code 2 Transport","2016-04-11T10:04:53.000","04TH ST/ELLIS ST/MARKET ST/STOCKTON ST","San Francisco","94103","B03","01","2212","2","3","3","true","Non Life-threatening","1","ENGINE","2","1","6","South of Market","161021007-E01","POINT (-122.40583 37.785744)","2024-02-05T03:27:52.000","2024-02-05T10:56:25.000","8"
"160940927","B01","16037194","Alarms","2016-04-03T00:00:00.000","2016-04-03T00:00:00.000","2016-04-03T08:19:06.000","2016-04-03T08:20:22.000","2016-04-03T08:21:29.000","2016-04-03T08:24:45.000",,,,"Fire","2016-04-03T08:27:22.000","WASHINGTON ST/ROSS ALY","San Francisco","94108","B01","02","1331","3","3","3","false","Alarm","1","CHIEF","3","1","3","Chinatown","160940927-B01","POINT (-122.407265 37.795044)","2024-02-05T03:27:52.000","2024-02-05T10:56:25.000","6"
"161002520","AM06","16039867","Medical Incident","2016-04-09T00:00:00.000","2016-04-09T00:00:00.000","2016-04-09T17:49:27.000","2016-04-09T17:51:52.000","2016-04-09T17:52:53.000","2016-04-09T17:54:15.000","2016-04-09T18:03:12.000","2016-04-09T18:18:58.000","2016-04-09T18:32:33.000","Code 2 Transport","2016-04-09T18:59:53.000","EDDY ST/HYDE ST","San Francisco","94102","B02","03","1554","2","2","2","false","Potentially Life-Threatening","1","PRIVATE","2","2","6","Tenderloin","161002520-AM06","POINT (-122.415886 37.783516)","2024-02-05T03:27:52.000","2024-02-05T10:56:25.000","36"
"161000649","T18","16039638","Citizen Assist / Service Call","2016-04-09T00:00:00.000","2016-04-08T00:00:00.000","2016-04-09T06:42:04.000","2016-04-09T06:43:12.000","2016-04-09T06:43:23.000","2016-04-09T06:45:14.000","2016-04-09T06:47:29.000",,,"Fire","2016-04-09T06:56:14.000","32ND AVE/QUINTARA ST","San Francisco","94116","B08","18","7532","3","3","3","false","Alarm","1","TRUCK","1","8","4","Sunset/Parkside","161000649-T18","POINT (-122.490005 37.74803)","2024-02-05T03:27:52.000","2024-02-05T10:56:25.000","35"
"161040734","E17","16041185","Medical Incident","2016-04-13T00:00:00.000","2016-04-13T00:00:00.000","2016-04-13T08:04:18.000","2016-04-13T08:05:35.000","2016-04-13T08:05:53.000","2016-04-13T08:07:31.000","2016-04-13T08:10:27.000",,,"Code 2 Transport","2016-04-13T08:14:45.000","03RD ST/ARMSTRONG AVE","San Francisco","94124","B10","17","6537","3","3","3","true","Potentially Life-Threatening","1","ENGINE","1","10","10","Bayview Hunters Point","161040734-E17","POINT (-122.39357 37.72698)","2024-02-05T03:27:52.000","2024-02-05T10:56:25.000","1"
"160961663","T11","16037998","Vehicle Fire","2016-04-05T00:00:00.000","2016-04-05T00:00:00.000","2016-04-05T12:19:58.000","2016-04-05T12:20:18.000","2016-04-05T12:21:34.000","2016-04-05T12:21:57.000",,,,"Fire","2016-04-05T12:25:09.000","WOODSIDE AVE/OSHAUGHNESSY BLVD/PORTOLA DR","San Francisco","94131","B08","39","8661","3","3","3","false","Fire","1","TRUCK","2","8","7","Twin Peaks","160961663-T11","POINT (-122.45162 37.745533)","2024-02-05T03:27:52.000","2024-02-05T10:56:25.000","10"
"160993206","71","16039435","Medical Incident","2016-04-08T00:00:00.000","2016-04-08T00:00:00.000","2016-04-08T19:06:19.000","2016-04-08T19:07:54.000","2016-04-08T19:08:12.000","2016-04-08T19:08:18.000",,,,"No Merit","2016-04-08T19:17:48.000","NOE ST/15TH ST","San Francisco","94114","B05","06","5232","2","2","2","true","Potentially Life-Threatening","1","MEDIC","2","5","8","Castro/Upper Market","160993206-71","POINT (-122.43326 37.76586)","2024-02-05T03:27:52.000","2024-02-05T10:56:25.000","5"
"161001352","E32","16039730","Medical Incident","2016-04-09T00:00:00.000","2016-04-09T00:00:00.000","2016-04-09T11:31:15.000","2016-04-09T11:34:24.000","2016-04-09T11:35:13.000","2016-04-09T11:36:03.000","2016-04-09T11:39:36.000",,,"Code 2 Transport","2016-04-09T11:48:01.000","24TH ST/OSAGE ALY","San Francisco","94110","B06","11","5525","2","2","2","false","Non Life-threatening","1","ENGINE","1","6","9","Mission","161001352-E32","POINT (-122.419014 37.752205)","2024-02-05T03:27:52.000","2024-02-05T10:56:25.000","20"
"160962241","E01","16038051","Medical Incident","2016-04-05T00:00:00.000","2016-04-05T00:00:00.000","2016-04-05T14:37:29.000","2016-04-05T14:37:29.000","2016-04-05T14:37:55.000","2016-04-05T14:38:07.000","2016-04-05T14:40:32.000",,,"Code 2 Transport","2016-04-05T14:56:53.000","ELLIS ST/POWELL ST","San Francisco","94102","B03","01","1364","3","3","3","true","Potentially Life-Threatening","1","ENGINE","1","3","3","Financial District/South Beach","160962241-E01","POINT (-122.40785 37.785492)","2024-02-05T03:27:52.000","2024-02-05T10:56:25.000","8"
"160932057","63","16036899","Medical Incident","2016-04-02T00:00:00.000","2016-04-02T00:00:00.000","2016-04-02T14:37:06.000","2016-04-02T14:39:34.000","2016-04-02T14:40:32.000","2016-04-02T14:40:40.000","2016-04-02T14:47:12.000","2016-04-02T14:53:25.000","2016-04-02T15:17:55.000","Code 3 Transport","2016-04-02T16:13:54.000","08TH ST/GROVE ST/HYDE ST/MARKET ST","San Francisco","94103","B02","36","1552","3","3","3","true","Potentially Life-Threatening","1","MEDIC","2","2","6","Tenderloin","160932057-63","POINT (-122.41474 37.77872)","2024-02-05T03:27:52.000","2024-02-05T10:56:25.000","34"
"160951879","85","16037638","Medical Incident","2016-04-04T00:00:00.000","2016-04-04T00:00:00.000","2016-04-04T13:13:00.000","2016-04-04T13:13:00.000","2016-04-04T13:13:40.000","2016-04-04T13:13:49.000","2016-04-04T13:19:29.000",,,"SFPD","2016-04-04T13:19:39.000","BATTERY ST/PINE ST","San Francisco","94111","B01","13","1167","3","3","3","true","Potentially Life-Threatening","1","MEDIC","1","1","3","Financial District/South Beach","160951879-85","POINT (-122.399765 37.79226)","2024-02-05T03:27:52.000","2024-02-05T10:56:25.000","8"
"160960365","E35","16037882","Medical Incident","2016-04-05T00:00:00.000","2016-04-04T00:00:00.000","2016-04-05T05:03:43.000","2016-04-05T05:04:04.000","2016-04-05T05:04:30.000","2016-04-05T05:06:45.000","2016-04-05T05:08:46.000",,,"Code 2 Transport","2016-04-05T05:19:52.000","BRANNAN ST/DELANCEY ST","San Francisco","94107","B03","08","2134","3","3","3","true","Potentially Life-Threatening","1","ENGINE","2","3","6","Financial District/South Beach","160960365-E35","POINT (-122.38985 37.783607)","2024-02-05T03:27:52.000","2024-02-05T10:56:25.000","8"
"161031697","89","16040905","Medical Incident","2016-04-12T00:00:00.000","2016-04-12T00:00:00.000","2016-04-12T12:28:54.000","2016-04-12T12:29:42.000","2016-04-12T12:30:00.000","2016-04-12T12:30:44.000","2016-04-12T12:37:02.000",,,"No Merit","2016-04-12T12:38:53.000","VAN NESS AVE/HAYES ST","San Francisco","94102","B02","36","0381","3","3","3","true","Potentially Life-Threatening","1","MEDIC","2","2","6","Tenderloin","161031697-89","POINT (-122.41969 37.777298)","2024-02-05T03:27:52.000","2024-02-05T10:56:25.000","36"
"160973059","D2","16038537","Structure Fire / Smoke in Building","2016-04-06T00:00:00.000","2016-04-06T00:00:00.000","2016-04-06T16:44:04.000","2016-04-06T16:44:43.000","2016-04-06T16:44:59.000","2016-04-06T16:45:37.000","2016-04-06T16:48:28.000",,,"Fire","2016-04-06T16:49:44.000","OAK ST/BRODERICK ST","San Francisco","94117","B05","21","4245","3","3","3","false","Alarm","1","CHIEF","4","5","5","Haight Ashbury","160973059-D2","POINT (-122.43909 37.772923)","2024-02-05T03:27:52.000","2024-02-05T10:56:25.000","9"
"161034286","E38","16041108","Medical Incident","2016-04-12T00:00:00.000","2016-04-12T00:00:00.000","2016-04-12T23:41:28.000","2016-04-12T23:42:45.000","2016-04-12T23:42:58.000","2016-04-12T23:44:31.000","2016-04-12T23:46:15.000",,,"Code 2 Transport","2016-04-12T23:54:28.000","LAGUNA ST/WASHINGTON ST","San Francisco","94109","B04","38","3331","3","3","3","false","Non Life-threatening","1","ENGINE","1","4","2","Pacific Heights","161034286-E38","POINT (-122.42945 37.792217)","2024-02-05T03:27:52.000","2024-02-05T10:56:25.000","30"
"160960983","E16","16037937","Alarms","2016-04-05T00:00:00.000","2016-04-05T00:00:00.000","2016-04-05T09:28:42.000","2016-04-05T09:30:05.000","2016-04-05T09:30:13.000","2016-04-05T09:31:12.000","2016-04-05T09:32:39.000",,,"Fire","2016-04-05T09:39:22.000","GREENWICH ST/DIVISADERO ST","San Francisco","94123","B04","16","4166","3","3","3","true","Alarm","1","ENGINE","1","4","2","Marina","160960983-E16","POINT (-122.44247 37.79811)","2024-02-05T03:27:52.000","2024-02-05T10:56:25.000","13"
"161003343","E39","16039961","Medical Incident","2016-04-09T00:00:00.000","2016-04-09T00:00:00.000","2016-04-09T22:06:22.000","2016-04-09T22:07:33.000","2016-04-09T22:07:54.000","2016-04-09T22:08:46.000","2016-04-09T22:11:39.000",,,"Code 2 Transport","2016-04-09T22:16:06.000","WOODSIDE AVE/IDORA AVE","San Francisco","94131","B08","39","8645","3","3","3","true","Potentially Life-Threatening","1","ENGINE","2","8","7","Twin Peaks","161003343-E39","POINT (-122.454666 37.746105)","2024-02-05T03:27:52.000","2024-02-05T10:56:25.000","41"
"161023157","E20","16040662","Alarms","2016-04-11T00:00:00.000","2016-04-11T00:00:00.000","2016-04-11T18:09:16.000","2016-04-11T18:10:55.000","2016-04-11T18:12:42.000","2016-04-11T18:14:41.000","2016-04-11T18:17:13.000",,,"Fire","2016-04-11T18:21:08.000","08TH AVE/MORAGA ST","San Francisco","94122","B08","22","7335","3","3","3","true","Alarm","1","ENGINE","1","8","7","Inner Sunset","161023157-E20","POINT (-122.46472 37.75663)","2024-02-05T03:27:52.000","2024-02-05T10:56:25.000","14"
"161033882","KM07","16041075","Medical Incident","2016-04-12T00:00:00.000","2016-04-12T00:00:00.000","2016-04-12T21:07:20.000","2016-04-12T21:08:09.000","2016-04-12T21:08:37.000","2016-04-12T21:09:09.000","2016-04-12T21:12:57.000","2016-04-12T21:21:58.000","2016-04-12T21:32:15.000","Code 2 Transport","2016-04-12T21:53:03.000","GEARY ST/POWELL ST","San Francisco","94102","B01","01","1323","3","3","3","false","Potentially Life-Threatening","1","PRIVATE","1","1","3","Financial District/South Beach","161033882-KM07","POINT (-122.408226 37.78736)","2024-02-05T03:27:52.000","2024-02-05T10:56:25.000","8"
"161030597","E31","16040810","Structure Fire / Smoke in Building","2016-04-12T00:00:00.000","2016-04-11T00:00:00.000","2016-04-12T07:30:22.000","2016-04-12T07:30:22.000","2016-04-12T07:30:33.000","2016-04-12T07:31:30.000","2016-04-12T07:34:13.000",,,"Cancelled","2016-04-12T07:41:39.000","CALIFORNIA ST/12TH AVE","San Francisco","94118","B07","31","0718","3","3","3","false","Alarm","1","ENGINE","2","7","1","Inner Richmond","161030597-E31","POINT (-122.47098 37.784523)","2024-02-05T03:27:52.000","2024-02-05T10:56:25.000","11"
"032340036","B02","03066976","Structure Fire / Smoke in Building","2003-08-22T00:00:00.000","2003-08-21T00:00:00.000","2003-08-22T03:29:54.000","2003-08-22T03:31:38.000","2003-08-22T03:31:48.000","2003-08-22T03:33:25.000",,,,"Other","2003-08-22T03:36:06.000","OCTAVIA ST/CALIFORNIA ST","SF","94109","B04","38","3254","3","3","3","false",,"1","CHIEF","10","4","5","Pacific Heights","032340036-B02","POINT (-122.42726 37.78974)","2024-02-05T03:27:52.000","2024-02-05T10:56:25.000","30"
"161042986","E17","16041391","Medical Incident","2016-04-13T00:00:00.000","2016-04-13T00:00:00.000","2016-04-13T17:27:27.000","2016-04-13T17:28:09.000","2016-04-13T17:28:20.000","2016-04-13T17:30:11.000","2016-04-13T17:31:29.000",,,"Patient Declined Transport","2016-04-13T17:45:34.000","PALOU AVE/HAWES ST","San Francisco","94124","B10","17","6647","3","3","3","true","Potentially Life-Threatening","1","ENGINE","1","10","10","Bayview Hunters Point","161042986-E17","POINT (-122.38156 37.72868)","2024-02-05T03:27:52.000","2024-02-05T10:56:25.000","1"
"160954172","AM24","16037836","Medical Incident","2016-04-04T00:00:00.000","2016-04-04T00:00:00.000","2016-04-04T23:49:58.000","2016-04-04T23:50:55.000","2016-04-04T23:51:28.000","2016-04-04T23:52:14.000","2016-04-04T23:59:29.000","2016-04-05T00:07:36.000","2016-04-05T00:15:51.000","Code 2 Transport","2016-04-05T00:46:03.000","POLK ST/EDDY ST","San Francisco","94102","B02","03","1643","3","3","3","false","Potentially Life-Threatening","1","PRIVATE","2","2","6","Tenderloin","160954172-AM24","POINT (-122.41918 37.7831)","2024-02-05T03:27:52.000","2024-02-05T10:56:25.000","36"
"160952309","61","16037666","Medical Incident","2016-04-04T00:00:00.000","2016-04-04T00:00:00.000","2016-04-04T14:52:54.000","2016-04-04T14:54:45.000","2016-04-04T14:55:26.000","2016-04-04T14:55:35.000","2016-04-04T14:57:42.000","2016-04-04T15:16:56.000","2016-04-04T15:41:36.000","Code 3 Transport","2016-04-04T16:28:58.000","SUTTER ST/POLK ST","San Francisco","94109","B04","03","3121","E","E","3","true","Potentially Life-Threatening","1","MEDIC","2","4","3","Nob Hill","160952309-61","POINT (-122.42011 37.787758)","2024-02-05T03:27:52.000","2024-02-05T10:56:25.000","21"
"161000116","68","16039562","Medical Incident","2016-04-09T00:00:00.000","2016-04-08T00:00:00.000","2016-04-09T00:40:55.000","2016-04-09T00:43:29.000","2016-04-09T00:43:53.000","2016-04-09T00:44:16.000","2016-04-09T00:51:41.000","2016-04-09T01:03:13.000","2016-04-09T01:17:22.000","Code 2 Transport","2016-04-09T01:53:37.000","OCEAN AVE/PLYMOUTH AVE","San Francisco","94112","B09","15","8474","3","3","3","true","Potentially Life-Threatening","1","MEDIC","2","9","7","Oceanview/Merced/Ingleside","161000116-68","POINT (-122.45651 37.723965)","2024-02-05T03:27:52.000","2024-02-05T10:56:25.000","24"
"161030245","RC3","16040773","Traffic Collision","2016-04-12T00:00:00.000","2016-04-11T00:00:00.000","2016-04-12T02:38:59.000","2016-04-12T02:39:27.000","2016-04-12T02:39:34.000","2016-04-12T02:41:24.000","2016-04-12T02:43:31.000",,,"Against Medical Advice","2016-04-12T03:03:25.000","SAN JOSE AVE/28TH ST/GUERRERO ST","San Francisco","94110","B06","32","5577","3","3","3","true","Potentially Life-Threatening","1","RESCUE CAPTAIN","4","6","8","Noe Valley","161030245-RC3","POINT (-122.42222 37.74558)","2024-02-05T03:27:52.000","2024-02-05T10:56:25.000","22"
"160982545","E36","16038992","Medical Incident","2016-04-07T00:00:00.000","2016-04-07T00:00:00.000","2016-04-07T15:39:46.000","2016-04-07T15:42:05.000","2016-04-07T15:44:19.000","2016-04-07T15:46:26.000","2016-04-07T15:49:45.000",,,"Code 2 Transport","2016-04-07T15:55:11.000","HOWARD ST/10TH ST","San Francisco","94103","B02","36","2342","2","3","3","true","Non Life-threatening","1","ENGINE","1","2","6","South of Market","160982545-E36","POINT (-122.41437 37.774044)","2024-02-05T03:27:52.000","2024-02-05T10:56:25.000","34"
"160933971","RS1","16037085","Structure Fire / Smoke in Building","2016-04-02T00:00:00.000","2016-04-02T00:00:00.000","2016-04-02T23:39:14.000","2016-04-02T23:40:09.000","2016-04-02T23:40:15.000","2016-04-02T23:41:54.000",,,,"Patient Declined Transport","2016-04-02T23:49:36.000","FULTON ST/20TH AVE","San Francisco","94121","B07","31","7166","3","3","3","false","Alarm","1","RESCUE SQUAD","10","7","1","Golden Gate Park","160933971-RS1","POINT (-122.478836 37.772816)","2024-02-05T03:27:52.000","2024-02-05T10:56:25.000","29"
"161022296","85","16040598","Medical Incident","2016-04-11T00:00:00.000","2016-04-11T00:00:00.000","2016-04-11T14:47:22.000","2016-04-11T14:49:23.000","2016-04-11T14:50:08.000","2016-04-11T14:50:17.000",,,,"No Merit","2016-04-11T14:54:53.000","POLK ST/CEDAR ST","San Francisco","94109","B04","03","3121","2","2","2","true","Non Life-threatening","1","MEDIC","1","4","6","Tenderloin","161022296-85","POINT (-122.41983 37.786358)","2024-02-05T03:27:52.000","2024-02-05T10:56:25.000","36"
"160962763","76","16038093","Medical Incident","2016-04-05T00:00:00.000","2016-04-05T00:00:00.000","2016-04-05T16:38:37.000","2016-04-05T16:38:37.000","2016-04-05T16:39:21.000","2016-04-05T16:39:30.000","2016-04-05T16:56:48.000",,,"Patient Declined Transport","2016-04-05T17:43:22.000","ENTERPRISE ST/FOLSOM ST","San Francisco","94110","B02","07","5237","2","2","2","true","Non Life-threatening","1","MEDIC","1","2","9","Mission","160962763-76","POINT (-122.41525 37.764706)","2024-02-05T03:27:52.000","2024-02-05T10:56:25.000","20"
"161040611","65","16041178","Medical Incident","2016-04-13T00:00:00.000","2016-04-12T00:00:00.000","2016-04-13T07:24:02.000","2016-04-13T07:25:33.000","2016-04-13T07:25:56.000","2016-04-13T07:26:06.000","2016-04-13T07:33:08.000","2016-04-13T07:41:37.000","2016-04-13T08:05:31.000","Code 2 Transport","2016-04-13T08:37:56.000","MINNA ST/09TH ST","San Francisco","94103","B02","36","2336","2","2","2","true","Non Life-threatening","1","MEDIC","1","2","6","South of Market","161040611-65","POINT (-122.41418 37.7758)","2024-02-05T03:27:52.000","2024-02-05T10:56:25.000","34"
"160940066","79","16037098","Medical Incident","2016-04-03T00:00:00.000","2016-04-02T00:00:00.000","2016-04-03T00:16:54.000","2016-04-03T00:19:02.000","2016-04-03T00:19:20.000","2016-04-03T00:19:26.000","2016-04-03T00:22:52.000","2016-04-03T00:32:10.000","2016-04-03T00:55:15.000","Code 2 Transport","2016-04-03T01:18:13.000","HAIGHT ST/MASONIC AVE","San Francisco","94117","B05","21","4466","3","3","3","true","Potentially Life-Threatening","1","MEDIC","1","5","5","Haight Ashbury","160940066-79","POINT (-122.44534 37.77021)","2024-02-05T03:27:52.000","2024-02-05T10:56:25.000","3"
"160923068","B09","16036565","Alarms","2016-04-01T00:00:00.000","2016-04-01T00:00:00.000","2016-04-01T18:43:30.000","2016-04-01T18:45:22.000","2016-04-01T18:45:37.000","2016-04-01T18:47:11.000",,,,"Fire","2016-04-01T18:52:53.000","ARGONAUT AVE/MCCARTHY AVE","San Francisco","94134","B09","44","6248","3","3","3","false","Alarm","1","CHIEF","2","9","10","Visitacion Valley","160923068-B09","POINT (-122.4139 37.710632)","2024-02-05T03:27:52.000","2024-02-05T10:56:25.000","40"
"161001667","AM02","16039774","Medical Incident","2016-04-09T00:00:00.000","2016-04-09T00:00:00.000","2016-04-09T13:23:17.000","2016-04-09T13:24:04.000","2016-04-09T13:24:17.000","2016-04-09T13:25:05.000","2016-04-09T13:29:48.000","2016-04-09T13:36:41.000","2016-04-09T14:02:40.000","Code 2 Transport","2016-04-09T14:43:02.000","16TH ST/MISSION ST","San Francisco","94103","B02","07","5236","3","3","3","false","Potentially Life-Threatening","1","PRIVATE","2","2","9","Mission","161001667-AM02","POINT (-122.41967 37.765053)","2024-02-05T03:27:52.000","2024-02-05T10:56:25.000","20"
"161021283","RB1","16040502","Water Rescue","2016-04-11T00:00:00.000","2016-04-11T00:00:00.000","2016-04-11T10:26:05.000","2016-04-11T10:26:38.000","2016-04-11T10:27:50.000","2016-04-11T10:29:59.000","2016-04-11T10:59:27.000",,,"Code 3 Transport","2016-04-11T12:08:02.000","FRANCISCO ST/MONTGOMERY ST","San Francisco","94133","B01","28","0935","3","3","3","false","Fire","1","SUPPORT","11","1","3","North Beach","161021283-RB1","POINT (-122.40536 37.805695)","2024-02-05T03:27:52.000","2024-02-05T10:56:25.000","23"
"160954124","E03","16037832","Medical Incident","2016-04-04T00:00:00.000","2016-04-04T00:00:00.000","2016-04-04T23:19:12.000","2016-04-04T23:23:30.000","2016-04-04T23:24:09.000","2016-04-04T23:25:40.000",,,,"Code 2 Transport","2016-04-04T23:31:11.000","ELLIS ST/JONES ST","San Francisco","94102","B03","03","1461","2","2","2","true","Non Life-threatening","1","ENGINE","2","2","6","Tenderloin","160954124-E03","POINT (-122.41278 37.784866)","2024-02-05T03:27:52.000","2024-02-05T10:56:25.000","36"
"160940731","B04","16037174","Alarms","2016-04-03T00:00:00.000","2016-04-02T00:00:00.000","2016-04-03T06:33:48.000","2016-04-03T06:35:10.000","2016-04-03T06:35:38.000","2016-04-03T06:39:16.000","2016-04-03T06:41:31.000",,,"Fire","2016-04-03T06:52:49.000","VAN NESS AVE/REDWOOD ST","San Francisco","94102","B02","36","3164","3","3","3","false","Alarm","1","CHIEF","3","2","6","Tenderloin","160940731-B04","POINT (-122.42026 37.780575)","2024-02-05T03:27:52.000","2024-02-05T10:56:25.000","36"
"160942642","85","16037350","Medical Incident","2016-04-03T00:00:00.000","2016-04-03T00:00:00.000","2016-04-03T17:06:18.000","2016-04-03T17:07:07.000","2016-04-03T17:07:25.000","2016-04-03T17:11:41.000","2016-04-03T17:20:15.000","2016-04-03T17:22:04.000","2016-04-03T17:20:15.000","Code 2 Transport","2016-04-03T18:17:48.000","ELLIS ST/JONES ST","San Francisco","94102","B03","03","1461","3","3","3","true","Potentially Life-Threatening","1","MEDIC","2","2","6","Tenderloin","160942642-85","POINT (-122.41278 37.784866)","2024-02-05T03:27:52.000","2024-02-05T10:56:25.000","36"
"160974257","E03","16038678","Medical Incident","2016-04-06T00:00:00.000","2016-04-06T00:00:00.000","2016-04-06T21:32:14.000","2016-04-06T21:32:43.000","2016-04-06T21:34:12.000","2016-04-06T21:34:12.000","2016-04-06T21:34:40.000",,,"Code 2 Transport","2016-04-06T21:43:35.000","POLK ST/CEDAR ST","San Francisco","94109","B04","03","3121","3","3","3","true","Potentially Life-Threatening","1","ENGINE","1","4","6","Tenderloin","160974257-E03","POINT (-122.41983 37.786358)","2024-02-05T03:27:52.000","2024-02-05T10:56:25.000","36"
"160970953","MP43","16038334","Outside Fire","2016-04-06T00:00:00.000","2016-04-06T00:00:00.000","2016-04-06T09:07:54.000","2016-04-06T09:09:25.000","2016-04-06T09:18:35.000","2016-04-06T09:19:33.000",,,,"Fire","2016-04-06T10:36:06.000","UNDERWOOD AVE/HAWES ST","San Francisco","94124","B10","17","6651","3","3","3","false","Fire","1","SUPPORT","7","10","10","Bayview Hunters Point","160970953-MP43","POINT (-122.384384 37.725624)","2024-02-05T03:27:52.000","2024-02-05T10:56:25.000","1"
"161001298","AM08","16039722","Medical Incident","2016-04-09T00:00:00.000","2016-04-09T00:00:00.000","2016-04-09T11:17:01.000","2016-04-09T11:17:01.000","2016-04-09T11:19:42.000","2016-04-09T11:20:12.000","2016-04-09T11:27:16.000","2016-04-09T11:43:45.000","2016-04-09T11:43:58.000","Code 2 Transport","2016-04-09T12:01:48.000","MASON ST/NOB HILL PL","San Francisco","94108","B01","41","1418","2","2","2","false","Non Life-threatening","1","PRIVATE","1","1","3","Nob Hill","161001298-AM08","POINT (-122.41076 37.79153)","2024-02-05T03:27:52.000","2024-02-05T10:56:25.000","21"
"160950309","E24","16037503","Alarms","2016-04-04T00:00:00.000","2016-04-03T00:00:00.000","2016-04-04T04:04:18.000","2016-04-04T04:05:24.000","2016-04-04T04:05:29.000","2016-04-04T04:07:32.000","2016-04-04T04:11:39.000",,,"Fire","2016-04-04T04:23:39.000","PARKRIDGE DR/BURNETT AVE","San Francisco","94131","B06","24","5282","3","3","3","false","Alarm","1","ENGINE","2","6","8","Twin Peaks","160950309-E24","POINT (-122.44578 37.750504)","2024-02-05T03:27:52.000","2024-02-05T10:56:25.000","38"
"161013239","E07","16040333","Alarms","2016-04-10T00:00:00.000","2016-04-10T00:00:00.000","2016-04-10T21:03:04.000","2016-04-10T21:04:22.000","2016-04-10T21:04:32.000","2016-04-10T21:06:48.000","2016-04-10T21:07:19.000",,,"Fire","2016-04-10T21:15:02.000","FOLSOM ST/19TH ST","San Francisco","94110","B06","07","5432","3","3","3","true","Alarm","1","ENGINE","1","6","9","Mission","161013239-E07","POINT (-122.41484 37.760498)","2024-02-05T03:27:52.000","2024-02-05T10:56:25.000","20"
"160980174","E22","16038738","Medical Incident","2016-04-07T00:00:00.000","2016-04-06T00:00:00.000","2016-04-07T01:16:01.000","2016-04-07T01:17:21.000","2016-04-07T01:17:56.000","2016-04-07T01:19:36.000",,,,"Code 2 Transport","2016-04-07T01:24:27.000","WARREN DR/07TH AVE/LAWTON ST","San Francisco","94122","B08","22","7331","3","3","3","false","Potentially Life-Threatening","1","ENGINE","3","8","7","Inner Sunset","160980174-E22","POINT (-122.46378 37.758537)","2024-02-05T03:27:52.000","2024-02-05T10:56:25.000","14"
"160991691","73","16039294","Medical Incident","2016-04-08T00:00:00.000","2016-04-08T00:00:00.000","2016-04-08T13:06:02.000","2016-04-08T13:06:02.000","2016-04-08T13:06:13.000","2016-04-08T13:06:40.000","2016-04-08T13:19:39.000","2016-04-08T13:32:04.000","2016-04-08T13:49:07.000","Code 2 Transport","2016-04-08T15:18:35.000","HAIGHT ST/WEBSTER ST","San Francisco","94102","B02","06","3524","2","2","2","true","Non Life-threatening","1","MEDIC","1","2","5","Hayes Valley","160991691-73","POINT (-122.4288 37.772316)","2024-02-05T03:27:52.000","2024-02-05T10:56:25.000","9"
"161001309","B01","16039724","Alarms","2016-04-09T00:00:00.000","2016-04-09T00:00:00.000","2016-04-09T11:19:40.000","2016-04-09T11:21:06.000","2016-04-09T11:22:02.000","2016-04-09T11:23:29.000","2016-04-09T11:29:44.000",,,"Fire","2016-04-09T11:36:39.000","TOWNSEND ST/CLARENCE PL","San Francisco","94107","B03","08","2154","3","3","3","false","Alarm","1","CHIEF","3","3","6","Financial District/South Beach","161001309-B01","POINT (-122.39221 37.779278)","2024-02-05T03:27:52.000","2024-02-05T10:56:25.000","8"
"160970829","KM06","16038318","Medical Incident","2016-04-06T00:00:00.000","2016-04-06T00:00:00.000","2016-04-06T08:32:39.000","2016-04-06T08:33:08.000","2016-04-06T08:33:52.000","2016-04-06T08:35:17.000","2016-04-06T08:40:08.000","2016-04-06T09:00:54.000",,"Code 2 Transport","2016-04-06T11:01:35.000","GEARY BLVD/09TH AVE","San Francisco","94118","B07","31","7135","3","3","3","false","Potentially Life-Threatening","1","PRIVATE","2","7","1","Inner Richmond","160970829-KM06","POINT (-122.46749 37.78088)","2024-02-05T03:27:52.000","2024-02-05T10:56:25.000","11"
"160960630","D2","16037910","Structure Fire / Smoke in Building","2016-04-05T00:00:00.000","2016-04-04T00:00:00.000","2016-04-05T07:49:15.000","2016-04-05T07:53:24.000","2016-04-05T07:53:40.000","2016-04-05T07:54:54.000","2016-04-05T07:55:59.000",,,"Fire","2016-04-05T08:00:48.000","GOLDEN GATE AVE/PIERCE ST","San Francisco","94115","B05","05","3625","3","3","3","false","Alarm","1","CHIEF","1","5","5","Western Addition","160960630-D2","POINT (-122.43524 37.779144)","2024-02-05T03:27:52.000","2024-02-05T10:56:25.000","39"
"161041698","T03","16041265","Medical Incident","2016-04-13T00:00:00.000","2016-04-13T00:00:00.000","2016-04-13T12:05:25.000","2016-04-13T12:06:50.000","2016-04-13T12:06:58.000","2016-04-13T12:10:43.000","2016-04-13T12:10:43.000",,,"Code 2 Transport","2016-04-13T12:13:41.000","ELLIS ST/JONES ST","San Francisco","94102","B03","03","1461","3","A","2","false","Potentially Life-Threatening","1","TRUCK","2","2","6","Tenderloin","161041698-T03","POINT (-122.41278 37.784866)","2024-02-05T03:27:52.000","2024-02-05T10:56:25.000","36"
"161040831","E44","16041194","Medical Incident","2016-04-13T00:00:00.000","2016-04-13T00:00:00.000","2016-04-13T08:31:16.000","2016-04-13T08:34:01.000","2016-04-13T08:34:21.000","2016-04-13T08:36:35.000","2016-04-13T08:38:49.000",,,"Code 2 Transport","2016-04-13T08:53:13.000","ORDWAY ST/SAN BRUNO AVE","San Francisco","94134","B10","44","6277","3","3","3","true","Potentially Life-Threatening","1","ENGINE","2","10","10","Portola","161040831-E44","POINT (-122.400734 37.72041)","2024-02-05T03:27:52.000","2024-02-05T10:56:25.000","25"
"161042703","RC1","16041362","Medical Incident","2016-04-13T00:00:00.000","2016-04-13T00:00:00.000","2016-04-13T16:29:20.000","2016-04-13T16:30:23.000","2016-04-13T16:31:25.000","2016-04-13T16:31:25.000","2016-04-13T16:34:18.000",,,"Code 2 Transport","2016-04-13T16:51:58.000","VAN NESS AVE/ALICE B TOKLAS PL","San Francisco","94109","B04","03","3162","3","3","3","true","Potentially Life-Threatening","1","RESCUE CAPTAIN","2","4","5","Tenderloin","161042703-RC1","POINT (-122.42122 37.785233)","2024-02-05T03:27:52.000","2024-02-05T10:56:25.000","36"
"160931092","71","16036785","Medical Incident","2016-04-02T00:00:00.000","2016-04-02T00:00:00.000","2016-04-02T09:53:52.000","2016-04-02T09:55:12.000","2016-04-02T09:56:06.000","2016-04-02T09:56:13.000","2016-04-02T10:01:52.000","2016-04-02T10:34:21.000",,"Code 2 Transport","2016-04-02T11:02:51.000","MAGELLAN AVE/SOLA AVE","San Francisco","94116","B08","39","8624","2","2","2","true","Non Life-threatening","1","MEDIC","1","8","7","West of Twin Peaks","160931092-71","POINT (-122.45997 37.747753)","2024-02-05T03:27:52.000","2024-02-05T10:56:25.000","41"
"161041382","RA48","16041236","Traffic Collision","2016-04-13T00:00:00.000","2016-04-13T00:00:00.000","2016-04-13T10:55:23.000","2016-04-13T10:55:33.000","2016-04-13T10:58:16.000","2016-04-13T11:01:23.000",,,,"Code 2 Transport","2016-04-13T11:44:29.000","RINCON ST/BRYANT ST","San Francisco","94107","B03","35","2136","2","2","2","false","Non Life-threatening","1","MEDIC","3","3","6","Financial District/South Beach","161041382-RA48","POINT (-122.39212 37.784206)","2024-02-05T03:27:52.000","2024-02-05T10:56:25.000","8"
"161022331","E03","16040603","Medical Incident","2016-04-11T00:00:00.000","2016-04-11T00:00:00.000","2016-04-11T15:00:51.000","2016-04-11T15:01:40.000","2016-04-11T15:02:01.000","2016-04-11T15:04:07.000","2016-04-11T15:07:01.000",,,"Code 2 Transport","2016-04-11T15:07:25.000","LARKIN ST/HAYES ST","San Francisco","94102","B02","36","1552","3","3","3","true","Potentially Life-Threatening","1","ENGINE","2","2","6","Tenderloin","161022331-E03","POINT (-122.416405 37.77772)","2024-02-05T03:27:52.000","2024-02-05T10:56:25.000","36"
"160932429","KM11","16036939","Medical Incident","2016-04-02T00:00:00.000","2016-04-02T00:00:00.000","2016-04-02T16:25:02.000","2016-04-02T16:25:57.000","2016-04-02T16:28:01.000","2016-04-02T16:28:58.000","2016-04-02T16:40:09.000",,,"Cancelled","2016-04-02T16:41:23.000","ELLIS ST/POWELL ST","San Francisco","94102","B03","01","2209","2","2","2","false","Potentially Life-Threatening","1","PRIVATE","2","3","3","Financial District/South Beach","160932429-KM11","POINT (-122.40785 37.785492)","2024-02-05T03:27:52.000","2024-02-05T10:56:25.000","8"
"160990072","70","16039155","Medical Incident","2016-04-08T00:00:00.000","2016-04-07T00:00:00.000","2016-04-08T00:33:41.000","2016-04-08T00:34:25.000","2016-04-08T00:34:57.000","2016-04-08T00:35:05.000","2016-04-08T00:45:32.000",,,"No Merit","2016-04-08T01:04:11.000","MARKET ST/POWELL ST","San Francisco","94103","B03","01","2209","2","2","2","true","Non Life-threatening","1","MEDIC","1","3","3","Financial District/South Beach","160990072-70","POINT (-122.40733 37.78456)","2024-02-05T03:27:52.000","2024-02-05T10:56:25.000","34"
"161011264","RC2","16040156","Medical Incident","2016-04-10T00:00:00.000","2016-04-10T00:00:00.000","2016-04-10T10:51:54.000","2016-04-10T10:52:22.000","2016-04-10T10:55:30.000","2016-04-10T10:55:30.000",,,,"Unable to Locate","2016-04-10T10:59:58.000","08TH ST/GROVE ST/HYDE ST/MARKET ST","San Francisco","94103","B02","36","1646","E","E","3","true","Potentially Life-Threatening","1","RESCUE CAPTAIN","3","2","6","Tenderloin","161011264-RC2","POINT (-122.41474 37.77872)","2024-02-05T03:27:52.000","2024-02-05T10:56:25.000","34"
"160952743","E11","16037706","Medical Incident","2016-04-04T00:00:00.000","2016-04-04T00:00:00.000","2016-04-04T16:39:09.000","2016-04-04T16:39:09.000","2016-04-04T16:40:14.000","2016-04-04T16:40:50.000","2016-04-04T16:42:36.000",,,"Code 3 Transport","2016-04-04T16:56:59.000","NOE ST/23RD ST","San Francisco","94114","B06","11","5514","A","E","3","true","Potentially Life-Threatening","1","ENGINE","1","6","8","Noe Valley","160952743-E11","POINT (-122.43202 37.753025)","2024-02-05T03:27:52.000","2024-02-05T10:56:25.000","22"
"161000049","76","16039553","Medical Incident","2016-04-09T00:00:00.000","2016-04-08T00:00:00.000","2016-04-09T00:16:14.000","2016-04-09T00:16:14.000","2016-04-09T00:17:14.000","2016-04-09T00:17:21.000","2016-04-09T00:21:38.000","2016-04-09T00:30:22.000","2016-04-09T00:52:10.000","Code 2 Transport","2016-04-09T01:01:38.000","TOWNSEND ST/CLYDE ST","San Francisco","94107","B03","08","2172","3","3","3","true","Potentially Life-Threatening","1","MEDIC","2","3","6","South of Market","161000049-76","POINT (-122.39354 37.77823)","2024-02-05T03:27:52.000","2024-02-05T10:56:25.000","34"
"160940662","71","16037161","Medical Incident","2016-04-03T00:00:00.000","2016-04-02T00:00:00.000","2016-04-03T05:19:26.000","2016-04-03T05:20:14.000","2016-04-03T05:23:12.000","2016-04-03T05:23:12.000","2016-04-03T05:34:14.000","2016-04-03T05:52:56.000","2016-04-03T05:58:36.000","Code 2 Transport","2016-04-03T06:31:35.000","BROADWAY/OCTAVIA ST","San Francisco","94109","B04","38","3251","3","3","3","true","Potentially Life-Threatening","1","MEDIC","2","4","2","Pacific Heights","160940662-71","POINT (-122.428345 37.795105)","2024-02-05T03:27:52.000","2024-02-05T10:56:25.000","30"
"160952774","63","16037709","Medical Incident","2016-04-04T00:00:00.000","2016-04-04T00:00:00.000","2016-04-04T16:44:10.000","2016-04-04T16:45:11.000","2016-04-04T16:51:08.000","2016-04-04T16:52:12.000","2016-04-04T17:18:05.000",,,"No Merit","2016-04-04T17:20:06.000","COLUMBUS AVE/JONES ST","San Francisco","94133","B01","28","1425","2","2","2","true","Potentially Life-Threatening","1","MEDIC","2","1","2","Russian Hill","160952774-63","POINT (-122.41682 37.804886)","2024-02-05T03:27:52.000","2024-02-05T10:56:25.000","32"
"160943069","KM02","16037387","Medical Incident","2016-04-03T00:00:00.000","2016-04-03T00:00:00.000","2016-04-03T19:16:07.000","2016-04-03T19:18:07.000","2016-04-03T19:18:28.000","2016-04-03T19:18:50.000","2016-04-03T19:26:59.000","2016-04-03T19:53:46.000","2016-04-03T20:00:29.000","Code 3 Transport","2016-04-03T20:24:54.000","UNION ST/JONES ST","San Francisco","94133","B01","28","1513","2","2","2","false","Non Life-threatening","1","PRIVATE","1","1","3","Russian Hill","160943069-KM02","POINT (-122.415764 37.799618)","2024-02-05T03:27:52.000","2024-02-05T10:56:25.000","32"
"160970824","73","16038317","Medical Incident","2016-04-06T00:00:00.000","2016-04-06T00:00:00.000","2016-04-06T08:28:47.000","2016-04-06T08:31:01.000","2016-04-06T08:32:35.000","2016-04-06T08:32:49.000","2016-04-06T08:51:37.000","2016-04-06T09:08:44.000","2016-04-06T09:22:58.000","Code 2 Transport","2016-04-06T10:04:24.000","MCALLISTER ST/LARKIN ST","San Francisco","94102","B02","01","1551","2","2","2","true","Non Life-threatening","1","MEDIC","1","2","6","Tenderloin","160970824-73","POINT (-122.41695 37.78047)","2024-02-05T03:27:52.000","2024-02-05T10:56:25.000","36"
"160991069","RC1","16039242","Medical Incident","2016-04-08T00:00:00.000","2016-04-08T00:00:00.000","2016-04-08T10:10:25.000","2016-04-08T10:10:45.000","2016-04-08T10:18:24.000","2016-04-08T10:19:29.000","2016-04-08T10:30:45.000",,,"Code 3 Transport","2016-04-08T11:34:00.000","LEIDESDORFF ST/CALIFORNIA ST","San Francisco","94104","B01","13","1234","3","E","3","true","Potentially Life-Threatening","1","RESCUE CAPTAIN","3","1","3","Financial District/South Beach","160991069-RC1","POINT (-122.401955 37.792953)","2024-02-05T03:27:52.000","2024-02-05T10:56:25.000","8"
"161033947","KM03","16041081","Medical Incident","2016-04-12T00:00:00.000","2016-04-12T00:00:00.000","2016-04-12T21:26:33.000","2016-04-12T21:30:58.000","2016-04-12T21:31:10.000","2016-04-12T21:31:49.000","2016-04-12T21:37:15.000",,,"Unable to Locate","2016-04-12T21:41:12.000","CALL BOX: ACADEMY OF SCIENCES","San Francisco","94118","B07","22","7744","3","3","3","false","Potentially Life-Threatening","1","PRIVATE","2","7","7","Golden Gate Park","161033947-KM03","POINT (-122.464357976 37.769734903)","2024-02-05T03:27:52.000","2024-02-05T10:56:25.000","12"
"160981976","E02","16038925","Medical Incident","2016-04-07T00:00:00.000","2016-04-07T00:00:00.000","2016-04-07T13:12:44.000","2016-04-07T13:14:28.000","2016-04-07T13:14:42.000","2016-04-07T13:15:53.000","2016-04-07T13:17:49.000",,,"Code 2 Transport","2016-04-07T13:27:07.000","VALLEJO ST/KEARNY ST","San Francisco","94133","B01","02","1251","3","3","3","true","Potentially Life-Threatening","1","ENGINE","1","1","3","North Beach","160981976-E02","POINT (-122.40565 37.79897)","2024-02-05T03:27:52.000","2024-02-05T10:56:25.000","23"
"161020524","RC3","16040432","Medical Incident","2016-04-11T00:00:00.000","2016-04-10T00:00:00.000","2016-04-11T06:56:39.000","2016-04-11T06:57:29.000","2016-04-11T07:01:01.000","2016-04-11T07:02:02.000","2016-04-11T07:33:03.000",,,"Code 2 Transport","2016-04-11T08:01:59.000","ARELIOUS WALKER DR/INNES AVE","San Francisco","94124","B10","25","6632","2","3","3","true","Non Life-threatening","1","RESCUE CAPTAIN","3","10","10","Bayview Hunters Point","161020524-RC3","POINT (-122.37389 37.730938)","2024-02-05T03:27:52.000","2024-02-05T10:56:25.000","1"
"160980860","82","16038815","Medical Incident","2016-04-07T00:00:00.000","2016-04-07T00:00:00.000","2016-04-07T08:14:34.000","2016-04-07T08:15:08.000","2016-04-07T08:15:21.000","2016-04-07T08:16:09.000","2016-04-07T08:19:31.000",,,"Against Medical Advice","2016-04-07T08:56:28.000","TURK ST/TAYLOR ST","San Francisco","94102","B03","01","1456","3","3","3","true","Potentially Life-Threatening","1","MEDIC","2","3","6","Tenderloin","160980860-82","POINT (-122.41077 37.783215)","2024-02-05T03:27:52.000","2024-02-05T10:56:25.000","36"
"160993727","E40","16039496","Medical Incident","2016-04-08T00:00:00.000","2016-04-08T00:00:00.000","2016-04-08T21:50:57.000","2016-04-08T21:50:57.000","2016-04-08T21:52:14.000","2016-04-08T21:53:26.000","2016-04-08T21:56:02.000",,,"Code 2 Transport","2016-04-08T22:05:12.000","SANTIAGO ST/24TH AVE","San Francisco","94116","B08","40","7471","3","3","3","false","Potentially Life-Threatening","1","ENGINE","1","8","4","Sunset/Parkside","160993727-E40","POINT (-122.48118 37.744682)","2024-02-05T03:27:52.000","2024-02-05T10:56:25.000","35"
"161003497","T02","16039980","Elevator / Escalator Rescue","2016-04-09T00:00:00.000","2016-04-09T00:00:00.000","2016-04-09T22:43:50.000","2016-04-09T22:44:52.000","2016-04-09T22:46:07.000","2016-04-09T22:47:31.000","2016-04-09T22:49:29.000",,,"Patient Declined Transport","2016-04-09T23:06:53.000","STOCKTON ST/BROADWAY","San Francisco","94133","B01","02","1311","3","3","3","false","Alarm","1","TRUCK","1","1","3","Chinatown","161003497-T02","POINT (-122.408615 37.797626)","2024-02-05T03:27:52.000","2024-02-05T10:56:25.000","6"
"161001235","E43","16039712","Medical Incident","2016-04-09T00:00:00.000","2016-04-09T00:00:00.000","2016-04-09T10:53:54.000","2016-04-09T10:56:20.000","2016-04-09T10:56:42.000","2016-04-09T10:57:08.000","2016-04-09T10:59:58.000",,,"SFPD","2016-04-09T11:03:18.000","NAVAJO AVE/CAYUGA AVE","San Francisco","94112","B09","15","8332","3","3","3","true","Potentially Life-Threatening","1","ENGINE","1","9","11","Outer Mission","161001235-E43","POINT (-122.443085 37.719383)","2024-02-05T03:27:52.000","2024-02-05T10:56:25.000","28"
"160921452","RS2","16036416","Medical Incident","2016-04-01T00:00:00.000","2016-04-01T00:00:00.000","2016-04-01T11:52:44.000","2016-04-01T11:54:01.000","2016-04-01T11:54:28.000","2016-04-01T11:56:44.000",,,,"Code 2 Transport","2016-04-01T11:59:54.000","TREAT AVE/16TH ST/HARRISON ST","San Francisco","94110","B02","29","5217","E","E","3","false","Potentially Life-Threatening","1","RESCUE SQUAD","4","2","9","Mission","160921452-RS2","POINT (-122.41311 37.765446)","2024-02-05T03:27:52.000","2024-02-05T10:56:25.000","20"
"160941607","KM06","16037245","Medical Incident","2016-04-03T00:00:00.000","2016-04-03T00:00:00.000","2016-04-03T11:51:44.000","2016-04-03T11:51:44.000","2016-04-03T11:52:11.000","2016-04-03T11:52:57.000","2016-04-03T11:56:31.000","2016-04-03T12:14:07.000","2016-04-03T12:22:31.000","Code 2 Transport","2016-04-03T12:50:13.000","TAYLOR ST/06TH ST/GOLDEN GATE AVE/MARKET ST","San Francisco","94103","B03","01","1454","3","3","3","false","Potentially Life-Threatening","1","PRIVATE","2","3","6","South of Market","160941607-KM06","POINT (-122.41029 37.78223)","2024-02-05T03:27:52.000","2024-02-05T10:56:25.000","34"
"161031811","E39","16040911","Medical Incident","2016-04-12T00:00:00.000","2016-04-12T00:00:00.000","2016-04-12T12:56:45.000","2016-04-12T13:00:01.000","2016-04-12T13:01:21.000","2016-04-12T13:03:49.000","2016-04-12T13:06:55.000",,,"Code 2 Transport","2016-04-12T13:20:04.000","WAWONA ST/15TH AVE","San Francisco","94127","B08","39","7356","2","2","2","true","Non Life-threatening","1","ENGINE","1","8","7","West of Twin Peaks","161031811-E39","POINT (-122.47096 37.737648)","2024-02-05T03:27:52.000","2024-02-05T10:56:25.000","41"
"161002974","68","16039920","Medical Incident","2016-04-09T00:00:00.000","2016-04-09T00:00:00.000","2016-04-09T20:12:56.000","2016-04-09T20:14:29.000","2016-04-09T20:20:47.000","2016-04-09T20:21:37.000","2016-04-09T20:36:00.000",,,"Patient Declined Transport","2016-04-09T21:26:17.000","JERROLD AVE/DORMITORY RD/NORTHRIDGE RD","San Francisco","94124","B10","17","6633","2","2","2","true","Non Life-threatening","1","MEDIC","1","10","10","Bayview Hunters Point","161002974-68","POINT (-122.374214 37.730175)","2024-02-05T03:27:52.000","2024-02-05T10:56:25.000","1"
"161042628","54","16041353","Medical Incident","2016-04-13T00:00:00.000","2016-04-13T00:00:00.000","2016-04-13T16:11:45.000","2016-04-13T16:13:46.000","2016-04-13T16:14:07.000","2016-04-13T16:18:14.000","2016-04-13T16:37:19.000",,,"Patient Declined Transport","2016-04-13T17:00:12.000","MYRTLE ST/LARKIN ST","San Francisco","94109","B04","03","1642","2","2","2","true","Non Life-threatening","1","MEDIC","1","4","6","Tenderloin","161042628-54","POINT (-122.418 37.78564)","2024-02-05T03:27:52.000","2024-02-05T10:56:25.000","36"
"161021201","E36","16040497","Medical Incident","2016-04-11T00:00:00.000","2016-04-11T00:00:00.000","2016-04-11T10:09:49.000","2016-04-11T10:10:52.000","2016-04-11T10:11:08.000","2016-04-11T10:11:29.000",,,,"Code 2 Transport","2016-04-11T10:17:18.000","GEARY ST/LARKIN ST","San Francisco","94109","B04","03","1556","3","3","3","true","Potentially Life-Threatening","1","ENGINE","2","4","6","Tenderloin","161021201-E36","POINT (-122.41809 37.786102)","2024-02-05T03:27:52.000","2024-02-05T10:56:25.000","36"
"160960682","AM02","16037914","Medical Incident","2016-04-05T00:00:00.000","2016-04-05T00:00:00.000","2016-04-05T08:10:39.000","2016-04-05T08:12:09.000","2016-04-05T08:14:32.000","2016-04-05T08:15:07.000","2016-04-05T08:41:27.000","2016-04-05T09:24:28.000","2016-04-05T09:44:57.000","Code 2 Transport","2016-04-05T10:16:24.000","29TH AVE/CLEMENT ST","San Francisco","94121","B07","14","7226","2","2","2","false","Non Life-threatening","1","PRIVATE","1","7","1","Outer Richmond","160960682-AM02","POINT (-122.48916 37.781826)","2024-02-05T03:27:52.000","2024-02-05T10:56:25.000","29"
"160993799","78","16039503","Medical Incident","2016-04-08T00:00:00.000","2016-04-08T00:00:00.000","2016-04-08T22:07:51.000","2016-04-08T22:07:51.000","2016-04-08T22:16:04.000","2016-04-08T22:16:14.000","2016-04-08T22:29:36.000","2016-04-08T22:47:01.000","2016-04-08T22:56:53.000","Code 2 Transport","2016-04-08T23:44:07.000","QUESADA AVE/INDUSTRIAL ST","San Francisco","94124","B10","09","6426","2","3","3","true","Potentially Life-Threatening","1","MEDIC","2","10","10","Bayview Hunters Point","160993799-78","POINT (-122.401955 37.7393)","2024-02-05T03:27:52.000","2024-02-05T10:56:25.000","1"
"161042910","E02","16041383","Structure Fire / Smoke in Building","2016-04-13T00:00:00.000","2016-04-13T00:00:00.000","2016-04-13T17:11:33.000","2016-04-13T17:11:33.000","2016-04-13T17:11:55.000",,,,,"Fire","2016-04-13T17:13:08.000","TAYLOR ST/EDDY ST","San Francisco","94102","B03","01","1453","3","3","3","true","Alarm","1","ENGINE","2","3","6","Tenderloin","161042910-E02","POINT (-122.41095 37.78414)","2024-02-05T03:27:52.000","2024-02-05T10:56:25.000","36"
"161002823","52","16039896","Medical Incident","2016-04-09T00:00:00.000","2016-04-09T00:00:00.000","2016-04-09T19:25:03.000","2016-04-09T19:25:03.000","2016-04-09T19:28:36.000","2016-04-09T19:28:44.000",,,,"Cancelled","2016-04-09T19:35:01.000","JACKSON ST/LEAVENWORTH ST","San Francisco","94109","B01","41","1535","2","2","2","true","Non Life-threatening","1","MEDIC","2","1","3","Nob Hill","161002823-52","POINT (-122.41647 37.794777)","2024-02-05T03:27:52.000","2024-02-05T10:56:25.000","21"
"161020410","71","16040413","Medical Incident","2016-04-11T00:00:00.000","2016-04-10T00:00:00.000","2016-04-11T05:28:06.000","2016-04-11T05:30:42.000","2016-04-11T05:35:17.000","2016-04-11T05:35:17.000","2016-04-11T05:42:42.000","2016-04-11T06:00:29.000","2016-04-11T06:09:33.000","Code 2 Transport","2016-04-11T06:45:29.000","LAGUNA ST/BUSH ST","San Francisco","94109","B04","38","3363","2","2","2","true","Non Life-threatening","1","MEDIC","2","4","5","Pacific Heights","161020410-71","POINT (-122.42853 37.78765)","2024-02-05T03:27:52.000","2024-02-05T10:56:25.000","30"
"160974325","70","16038685","Medical Incident","2016-04-06T00:00:00.000","2016-04-06T00:00:00.000","2016-04-06T21:50:34.000","2016-04-06T21:51:50.000","2016-04-06T21:52:45.000","2016-04-06T21:53:00.000","2016-04-06T21:56:06.000",,,"No Merit","2016-04-06T22:26:47.000","VAN NESS AVE/DANIEL BURNHAM CT","San Francisco","94109","B04","03","3161","3","3","3","true","Non Life-threatening","1","MEDIC","2","4","2","Nob Hill","160974325-70","POINT (-122.42177 37.78706)","2024-02-05T03:27:52.000","2024-02-05T10:56:25.000","39"
"161001456","E08","16039740","Alarms","2016-04-09T00:00:00.000","2016-04-09T00:00:00.000","2016-04-09T12:06:25.000","2016-04-09T12:07:17.000","2016-04-09T12:07:51.000","2016-04-09T12:08:40.000","2016-04-09T12:12:09.000",,,"Fire","2016-04-09T12:37:49.000","03RD ST/FOLSOM ST","San Francisco","94107","B03","01","2176","3","3","3","true","Alarm","1","ENGINE","1","3","6","South of Market","161001456-E08","POINT (-122.39893 37.783787)","2024-02-05T03:27:52.000","2024-02-05T10:56:25.000","8"
"161032584","RS1","16040970","Structure Fire / Smoke in Building","2016-04-12T00:00:00.000","2016-04-12T00:00:00.000","2016-04-12T15:54:57.000","2016-04-12T15:55:23.000","2016-04-12T15:57:47.000","2016-04-12T15:57:47.000",,,,"Fire","2016-04-12T16:37:42.000","06TH ST/TEHAMA ST","San Francisco","94103","B03","01","2252","3","3","3","false","Fire","1","RESCUE SQUAD","16","3","6","South of Market","161032584-RS1","POINT (-122.40663 37.779316)","2024-02-05T03:27:52.000","2024-02-05T10:56:25.000","34"
"160973784","B09","16038629","Structure Fire / Smoke in Building","2016-04-06T00:00:00.000","2016-04-06T00:00:00.000","2016-04-06T19:18:57.000","2016-04-06T19:18:57.000","2016-04-06T19:19:06.000","2016-04-06T19:21:50.000",,,,"Fire","2016-04-06T19:26:48.000","MISSION ST/MORSE ST/WHITTIER ST","San Francisco","94112","B09","33","0621","3","3","3","false","Alarm","1","CHIEF","3","9","11","Excelsior","160973784-B09","POINT (-122.44838 37.710373)","2024-02-05T03:27:52.000","2024-02-05T10:56:25.000","28"
"160992069","E38","16039332","Medical Incident","2016-04-08T00:00:00.000","2016-04-08T00:00:00.000","2016-04-08T14:36:15.000","2016-04-08T14:36:47.000","2016-04-08T14:37:04.000","2016-04-08T14:37:54.000","2016-04-08T14:38:41.000",,,"Code 2 Transport","2016-04-08T14:52:40.000","BUCHANAN ST/SACRAMENTO ST","San Francisco","94115","B04","38","3435","2","2","2","false","Non Life-threatening","1","ENGINE","1","4","2","Pacific Heights","160992069-E38","POINT (-122.43074 37.790253)","2024-02-05T03:27:52.000","2024-02-05T10:56:25.000","30"
"160931657","KM12","16036847","Medical Incident","2016-04-02T00:00:00.000","2016-04-02T00:00:00.000","2016-04-02T12:41:18.000","2016-04-02T12:41:18.000","2016-04-02T12:53:29.000","2016-04-02T12:56:33.000",,,,"Medical Examiner","2016-04-02T13:04:41.000","ARBALLO DR/VIDAL DR","San Francisco","94132","B08","19","8582","2","2","2","false","Non Life-threatening","1","PRIVATE","2","8","7","Lakeshore","160931657-KM12","POINT (-122.483025 37.721207)","2024-02-05T03:27:52.000","2024-02-05T10:56:25.000","16"
"160960289","E16","16037869","Structure Fire / Smoke in Building","2016-04-05T00:00:00.000","2016-04-04T00:00:00.000","2016-04-05T03:44:59.000","2016-04-05T03:44:59.000","2016-04-05T03:45:13.000","2016-04-05T03:46:48.000","2016-04-05T03:47:55.000",,,"Fire","2016-04-05T03:51:09.000","UNION ST/FILLMORE ST","San Francisco","94123","B04","16","3552","3","3","3","true","Alarm","1","ENGINE","1","4","2","Marina","160960289-E16","POINT (-122.43549 37.79709)","2024-02-05T03:27:52.000","2024-02-05T10:56:25.000","13"
"160933076","T02","16037001","Alarms","2016-04-02T00:00:00.000","2016-04-02T00:00:00.000","2016-04-02T19:17:43.000","2016-04-02T19:19:36.000","2016-04-02T19:19:55.000","2016-04-02T19:21:08.000","2016-04-02T19:23:56.000",,,"Fire","2016-04-02T19:31:03.000","MASON ST/COLUMBUS AVE","San Francisco","94133","B01","28","1423","3","3","3","false","Alarm","1","TRUCK","2","1","3","Russian Hill","160933076-T02","POINT (-122.41291 37.802185)","2024-02-05T03:27:52.000","2024-02-05T10:56:25.000","32"
"161041479","E28","16041247","Alarms","2016-04-13T00:00:00.000","2016-04-13T00:00:00.000","2016-04-13T11:14:10.000","2016-04-13T11:16:05.000","2016-04-13T11:16:11.000","2016-04-13T11:18:45.000","2016-04-13T11:20:03.000",,,"Fire","2016-04-13T11:32:05.000","POLK ST/NORTH POINT ST","San Francisco","94109","B01","28","3135","3","3","3","false","Alarm","1","ENGINE","2","1","2","Russian Hill","161041479-E28","POINT (-122.42365 37.805286)","2024-02-05T03:27:52.000","2024-02-05T10:56:25.000","32"
"160923842","E01","16036641","Medical Incident","2016-04-01T00:00:00.000","2016-04-01T00:00:00.000","2016-04-01T22:44:22.000","2016-04-01T22:45:45.000","2016-04-01T22:45:58.000","2016-04-01T22:47:00.000","2016-04-01T22:50:38.000",,,"Code 2 Transport","2016-04-01T23:01:32.000","06TH ST/TEHAMA ST","San Francisco","94103","B03","01","2252","2","2","2","true","Non Life-threatening","1","ENGINE","1","3","6","South of Market","160923842-E01","POINT (-122.40663 37.779316)","2024-02-05T03:27:52.000","2024-02-05T10:56:25.000","34"
"161030278","75","16040779","Medical Incident","2016-04-12T00:00:00.000","2016-04-11T00:00:00.000","2016-04-12T03:10:38.000","2016-04-12T03:14:09.000","2016-04-12T03:15:00.000","2016-04-12T03:15:08.000","2016-04-12T03:21:35.000",,,"Against Medical Advice","2016-04-12T04:27:27.000","WELSH ST/05TH ST","San Francisco","94107","B03","08","2242","2","2","2","true","Non Life-threatening","1","MEDIC","1","3","6","South of Market","161030278-75","POINT (-122.399765 37.77737)","2024-02-05T03:27:52.000","2024-02-05T10:56:25.000","34"
"160922059","KM12","16036471","Medical Incident","2016-04-01T00:00:00.000","2016-04-01T00:00:00.000","2016-04-01T14:40:40.000","2016-04-01T14:41:32.000","2016-04-01T14:41:55.000","2016-04-01T14:42:37.000","2016-04-01T14:53:48.000","2016-04-01T15:05:10.000","2016-04-01T15:32:02.000","Code 2 Transport","2016-04-01T16:06:30.000","VICENTE ST/29TH AVE","San Francisco","94116","B08","18","7523","2","2","2","false","Non Life-threatening","1","PRIVATE","2","8","4","Sunset/Parkside","160922059-KM12","POINT (-122.48614 37.738853)","2024-02-05T03:27:52.000","2024-02-05T10:56:25.000","35"
"160943428","AM18","16037430","Medical Incident","2016-04-03T00:00:00.000","2016-04-03T00:00:00.000","2016-04-03T21:25:48.000","2016-04-03T21:29:54.000","2016-04-03T21:31:26.000","2016-04-03T21:32:29.000","2016-04-03T21:36:04.000","2016-04-03T21:47:23.000","2016-04-03T22:13:05.000","Code 2 Transport","2016-04-03T22:21:21.000","GEARY ST/SHANNON ST","San Francisco","94102","B01","03","1462","3","3","3","false","Potentially Life-Threatening","1","PRIVATE","2","1","6","Tenderloin","160943428-AM18","POINT (-122.41234 37.786835)","2024-02-05T03:27:52.000","2024-02-05T10:56:25.000","36"
"161013502","T15","16040358","Structure Fire / Smoke in Building","2016-04-10T00:00:00.000","2016-04-10T00:00:00.000","2016-04-10T22:40:05.000","2016-04-10T22:40:55.000","2016-04-10T22:41:27.000","2016-04-10T22:45:01.000","2016-04-10T22:45:49.000",,,"Fire","2016-04-10T22:58:44.000","GENNESSEE ST/MANGELS AVE","San Francisco","94127","B09","15","8241","3","3","3","false","Alarm","1","TRUCK","2","9","7","West of Twin Peaks","161013502-T15","POINT (-122.451164 37.73306)","2024-02-05T03:27:52.000","2024-02-05T10:56:25.000","41"
"160982194","E38","16038951","Structure Fire / Smoke in Building","2016-04-07T00:00:00.000","2016-04-07T00:00:00.000","2016-04-07T14:12:19.000","2016-04-07T14:12:19.000","2016-04-07T14:13:02.000","2016-04-07T14:13:36.000","2016-04-07T14:16:00.000",,,"Fire","2016-04-07T14:19:01.000","HEMLOCK ST/LAGUNA ST","San Francisco","94109","B04","38","3364","3","3","3","false","Alarm","1","ENGINE","2","4","5","Japantown","160982194-E38","POINT (-122.42824 37.786247)","2024-02-05T03:27:52.000","2024-02-05T10:56:25.000","15"
"160950470","E10","16037523","Medical Incident","2016-04-04T00:00:00.000","2016-04-03T00:00:00.000","2016-04-04T06:39:15.000","2016-04-04T06:39:53.000","2016-04-04T06:40:16.000","2016-04-04T06:42:30.000","2016-04-04T06:43:49.000",,,"Code 2 Transport","2016-04-04T06:50:12.000","WALNUT ST/SACRAMENTO ST","San Francisco","94118","B04","10","4412","2","2","2","true","Non Life-threatening","1","ENGINE","2","4","2","Presidio Heights","160950470-E10","POINT (-122.448654 37.787975)","2024-02-05T03:27:52.000","2024-02-05T10:56:25.000","31"
"160922665","AM16","16036535","Medical Incident","2016-04-01T00:00:00.000","2016-04-01T00:00:00.000","2016-04-01T17:12:00.000","2016-04-01T17:13:33.000","2016-04-01T17:15:28.000","2016-04-01T17:16:17.000","2016-04-01T17:47:57.000","2016-04-01T17:47:58.000","2016-04-01T18:21:04.000","Code 2 Transport","2016-04-01T18:49:12.000","MERCURY ST/LEDYARD ST","San Francisco","94124","B10","42","6447","3","3","3","false","Potentially Life-Threatening","1","PRIVATE","2","10","10","Bayview Hunters Point","160922665-AM16","POINT (-122.40127 37.732464)","2024-02-05T03:27:52.000","2024-02-05T10:56:25.000","1"
"160940780","E35","16037183","Medical Incident","2016-04-03T00:00:00.000","2016-04-02T00:00:00.000","2016-04-03T07:00:35.000","2016-04-03T07:02:18.000","2016-04-03T07:02:59.000","2016-04-03T07:04:15.000","2016-04-03T07:09:40.000",,,"Code 2 Transport","2016-04-03T07:18:57.000","FREMONT ST/HOWARD ST","San Francisco","94105","B03","35","2141","2","2","2","true","Non Life-threatening","1","ENGINE","1","3","6","Financial District/South Beach","160940780-E35","POINT (-122.39515 37.789234)","2024-02-05T03:27:52.000","2024-02-05T10:56:25.000","8"
"160990312","T03","16039178","Alarms","2016-04-08T00:00:00.000","2016-04-07T00:00:00.000","2016-04-08T03:24:58.000","2016-04-08T03:26:27.000","2016-04-08T03:26:33.000","2016-04-08T03:28:45.000","2016-04-08T03:30:12.000",,,"Fire","2016-04-08T03:38:17.000","HYDE ST/TURK ST","San Francisco","94102","B02","03","1554","3","3","3","false","Alarm","1","TRUCK","1","2","6","Tenderloin","160990312-T03","POINT (-122.415695 37.782585)","2024-02-05T03:27:52.000","2024-02-05T10:56:25.000","36"
"161003375","E22","16039966","Medical Incident","2016-04-09T00:00:00.000","2016-04-09T00:00:00.000","2016-04-09T22:12:06.000","2016-04-09T22:13:00.000","2016-04-09T22:13:19.000","2016-04-09T22:14:36.000","2016-04-09T22:16:34.000",,,"Code 2 Transport","2016-04-09T23:23:05.000","LAWTON ST/10TH AVE","San Francisco","94122","B08","22","7335","3","3","3","false","Potentially Life-Threatening","1","ENGINE","1","8","7","Inner Sunset","161003375-E22","POINT (-122.466995 37.758396)","2024-02-05T03:27:52.000","2024-02-05T10:56:25.000","14"
"161030993","RC1","16040844","Medical Incident","2016-04-12T00:00:00.000","2016-04-12T00:00:00.000","2016-04-12T09:26:00.000","2016-04-12T09:27:26.000","2016-04-12T09:28:39.000","2016-04-12T09:28:39.000","2016-04-12T09:31:51.000",,,"Code 2 Transport","2016-04-12T09:39:33.000","FOLSOM ST/RAUSCH ST","San Francisco","94103","B02","29","2322","3","3","3","true","Potentially Life-Threatening","1","RESCUE CAPTAIN","2","2","6","South of Market","161030993-RC1","POINT (-122.40894 37.775875)","2024-02-05T03:27:52.000","2024-02-05T10:56:25.000","34"
"160994120","E09","16039545","Medical Incident","2016-04-08T00:00:00.000","2016-04-08T00:00:00.000","2016-04-08T23:53:15.000","2016-04-08T23:54:00.000","2016-04-08T23:54:13.000","2016-04-08T23:54:48.000","2016-04-08T23:54:48.000",,,"Code 2 Transport","2016-04-09T00:10:27.000","GIANTS DR/EGBERT AVE","San Francisco","94124","B10","17","6573","3","3","3","true","Potentially Life-Threatening","1","ENGINE","1","10","10","Bayview Hunters Point","160994120-E09","POINT (-122.38603 37.719124)","2024-02-05T03:27:52.000","2024-02-05T10:56:25.000","1"
"160943484","T19","16037436","Alarms","2016-04-03T00:00:00.000","2016-04-03T00:00:00.000","2016-04-03T21:47:33.000","2016-04-03T21:48:39.000","2016-04-03T21:49:14.000","2016-04-03T21:53:38.000","2016-04-03T21:53:38.000",,,"Fire","2016-04-03T22:02:41.000","TAPIA DR/SERRANO DR","San Francisco","94132","B08","19","8581","3","3","3","false","Alarm","1","TRUCK","2","8","7","Lakeshore","160943484-T19","POINT (-122.48142 37.719055)","2024-02-05T03:27:52.000","2024-02-05T10:56:25.000","16"
"160983046","E06","16039047","Traffic Collision","2016-04-07T00:00:00.000","2016-04-07T00:00:00.000","2016-04-07T18:01:06.000","2016-04-07T18:01:06.000","2016-04-07T18:01:20.000","2016-04-07T18:02:52.000","2016-04-07T18:04:19.000",,,"Code 2 Transport","2016-04-07T18:11:34.000","16TH ST/DOLORES ST","San Francisco","94103","B02","06","5235","3","3","3","true","Potentially Life-Threatening","1","ENGINE","2","2","8","Mission","160983046-E06","POINT (-122.426384 37.764645)","2024-02-05T03:27:52.000","2024-02-05T10:56:25.000","5"
"160953568","55","16037784","Medical Incident","2016-04-04T00:00:00.000","2016-04-04T00:00:00.000","2016-04-04T20:25:17.000","2016-04-04T20:25:17.000","2016-04-04T20:27:25.000","2016-04-04T20:27:34.000","2016-04-04T20:33:15.000","2016-04-04T20:45:58.000","2016-04-04T20:55:46.000","Code 2 Transport","2016-04-04T21:59:25.000","06TH ST/MINNA ST","San Francisco","94103","B03","01","2251","2","3","3","true","Potentially Life-Threatening","1","MEDIC","2","3","6","South of Market","160953568-55","POINT (-122.40816 37.780537)","2024-02-05T03:27:52.000","2024-02-05T10:56:25.000","34"
"160932763","AM16","16036972","Medical Incident","2016-04-02T00:00:00.000","2016-04-02T00:00:00.000","2016-04-02T17:46:26.000","2016-04-02T17:47:45.000","2016-04-02T18:09:30.000","2016-04-02T18:09:30.000","2016-04-02T18:17:23.000","2016-04-02T18:37:49.000","2016-04-02T18:54:48.000","Code 2 Transport","2016-04-02T19:33:30.000","CAPP ST/15TH ST","San Francisco","94103","B02","07","5225","2","2","2","false","Non Life-threatening","1","PRIVATE","2","2","9","Mission","160932763-AM16","POINT (-122.41873 37.76674)","2024-02-05T03:27:52.000","2024-02-05T10:56:25.000","20"
"160923420","RC1","16036602","Medical Incident","2016-04-01T00:00:00.000","2016-04-01T00:00:00.000","2016-04-01T20:46:56.000","2016-04-01T20:47:22.000","2016-04-01T20:47:33.000","2016-04-01T20:48:45.000",,,,"Code 2 Transport","2016-04-01T20:51:23.000","POLK ST/SACRAMENTO ST","San Francisco","94109","B04","41","3123","3","3","3","true","Potentially Life-Threatening","1","RESCUE CAPTAIN","4","4","3","Nob Hill","160923420-RC1","POINT (-122.420876 37.791496)","2024-02-05T03:27:52.000","2024-02-05T10:56:25.000","21"
"160933343","E04","16037031","Traffic Collision","2016-04-02T00:00:00.000","2016-04-02T00:00:00.000","2016-04-02T20:33:53.000","2016-04-02T20:36:06.000","2016-04-02T20:36:57.000","2016-04-02T20:38:37.000","2016-04-02T20:39:21.000",,,"Unable to Locate","2016-04-02T20:43:37.000","04TH ST/MISSION BAY BLVD","San Francisco","94158","B03","04","2231","2","2","2","false","Non Life-threatening","1","ENGINE","1","3","6","Mission Bay","160933343-E04","POINT (-122.39116 37.770557)","2024-02-05T03:27:52.000","2024-02-05T10:56:25.000","4"
"161011962","62","16040209","Medical Incident","2016-04-10T00:00:00.000","2016-04-10T00:00:00.000","2016-04-10T14:16:25.000","2016-04-10T14:18:11.000","2016-04-10T14:18:50.000","2016-04-10T14:19:01.000","2016-04-10T14:22:19.000","2016-04-10T14:55:18.000","2016-04-10T15:08:30.000","Code 2 Transport","2016-04-10T15:37:47.000","TAYLOR ST/06TH ST/GOLDEN GATE AVE/MARKET ST","San Francisco","94103","B03","01","1454","3","3","3","true","Potentially Life-Threatening","1","MEDIC","1","3","6","South of Market","161011962-62","POINT (-122.41029 37.78223)","2024-02-05T03:27:52.000","2024-02-05T10:56:25.000","34"
"160931673","76","16036850","Traffic Collision","2016-04-02T00:00:00.000","2016-04-02T00:00:00.000","2016-04-02T12:44:43.000","2016-04-02T12:45:24.000","2016-04-02T12:46:42.000","2016-04-02T12:46:48.000","2016-04-02T12:55:17.000","2016-04-02T13:03:30.000","2016-04-02T13:10:33.000","Code 2 Transport","2016-04-02T13:26:15.000","CHARTER OAK AVE/SILVER AVE","San Francisco","94124","B10","42","6362","3","3","3","true","Potentially Life-Threatening","1","MEDIC","2","10","10","Bayview Hunters Point","160931673-76","POINT (-122.40434 37.733143)","2024-02-05T03:27:52.000","2024-02-05T10:56:25.000","1"
"160972869","RC2","16038514","Medical Incident","2016-04-06T00:00:00.000","2016-04-06T00:00:00.000","2016-04-06T16:08:01.000","2016-04-06T16:09:17.000","2016-04-06T16:09:35.000","2016-04-06T16:11:56.000",,,,"Other","2016-04-06T16:17:47.000","HAIGHT ST/MASONIC AVE","San Francisco","94117","B05","21","4466","3","3","3","true","Potentially Life-Threatening","1","RESCUE CAPTAIN","3","5","5","Haight Ashbury","160972869-RC2","POINT (-122.44534 37.77021)","2024-02-05T03:27:52.000","2024-02-05T10:56:25.000","3"
"160982377","E19","16038974","Alarms","2016-04-07T00:00:00.000","2016-04-07T00:00:00.000","2016-04-07T14:57:10.000","2016-04-07T14:59:09.000","2016-04-07T14:59:41.000","2016-04-07T15:00:47.000","2016-04-07T15:04:15.000",,,"Fire","2016-04-07T15:13:13.000","TAPIA DR/SERRANO DR","San Francisco","94132","B08","19","8581","3","3","3","true","Alarm","1","ENGINE","1","8","7","Lakeshore","160982377-E19","POINT (-122.48142 37.719055)","2024-02-05T03:27:52.000","2024-02-05T10:56:25.000","16"
"160923789","70","16036635","Medical Incident","2016-04-01T00:00:00.000","2016-04-01T00:00:00.000","2016-04-01T22:31:34.000","2016-04-01T22:31:34.000","2016-04-01T22:31:56.000","2016-04-01T22:32:10.000","2016-04-01T22:35:13.000",,,"Against Medical Advice","2016-04-01T22:51:59.000","TURK ST/MARKET ST/MASON ST","San Francisco","94103","B02","01","2248","2","2","2","true","Non Life-threatening","1","MEDIC","1","3","6","South of Market","160923789-70","POINT (-122.40895 37.783287)","2024-02-05T03:27:52.000","2024-02-05T10:56:25.000","34"
"160930738","T03","16036742","Structure Fire / Smoke in Building","2016-04-02T00:00:00.000","2016-04-01T00:00:00.000","2016-04-02T07:48:03.000","2016-04-02T07:49:50.000","2016-04-02T07:50:12.000","2016-04-02T07:51:55.000",,,,"Fire","2016-04-02T08:04:29.000","TURK ST/DODGE ST","San Francisco","94102","B02","03","1554","3","3","3","false","Alarm","1","TRUCK","8","2","6","Tenderloin","160930738-T03","POINT (-122.416985 37.78242)","2024-02-05T03:27:52.000","2024-02-05T10:56:25.000","36"
"160962959","T08","16038111","Traffic Collision","2016-04-05T00:00:00.000","2016-04-05T00:00:00.000","2016-04-05T17:22:12.000","2016-04-05T17:22:37.000","2016-04-05T17:22:56.000","2016-04-05T17:23:54.000","2016-04-05T17:25:31.000",,,"Code 2 Transport","2016-04-05T17:31:51.000","WELSH ST/05TH ST","San Francisco","94107","B03","08","2242","3","3","3","false","Potentially Life-Threatening","1","TRUCK","1","3","6","South of Market","160962959-T08","POINT (-122.399765 37.77737)","2024-02-05T03:27:52.000","2024-02-05T10:56:25.000","34"
"160930121","E08","16036677","Medical Incident","2016-04-02T00:00:00.000","2016-04-01T00:00:00.000","2016-04-02T00:46:41.000","2016-04-02T00:46:41.000","2016-04-02T00:48:41.000","2016-04-02T00:50:55.000",,,,"Code 2 Transport","2016-04-02T00:53:32.000","03RD ST/MISSION BAY BLVD","San Francisco","94158","B03","04","2231","2","3","3","true","Potentially Life-Threatening","1","ENGINE","3","3","6","Mission Bay","160930121-E08","POINT (-122.38953 37.77111)","2024-02-05T03:27:52.000","2024-02-05T10:56:25.000","4"
"160972307","E07","16038457","Medical Incident","2016-04-06T00:00:00.000","2016-04-06T00:00:00.000","2016-04-06T14:09:21.000","2016-04-06T14:10:19.000","2016-04-06T14:11:05.000","2016-04-06T14:12:05.000",,,,"Code 2 Transport","2016-04-06T14:12:53.000","23RD ST/MISSION ST","San Francisco","94110","B06","11","5525","3","3","3","true","Potentially Life-Threatening","1","ENGINE","3","6","9","Mission","160972307-E07","POINT (-122.418594 37.753838)","2024-02-05T03:27:52.000","2024-02-05T10:56:25.000","20"
"160951238","E03","16037576","Medical Incident","2016-04-04T00:00:00.000","2016-04-04T00:00:00.000","2016-04-04T10:35:10.000","2016-04-04T10:35:52.000","2016-04-04T10:36:19.000","2016-04-04T10:38:12.000","2016-04-04T10:42:33.000",,,"Code 2 Transport","2016-04-04T10:46:05.000","MARKET ST/11TH ST","San Francisco","94103","B02","36","2338","3","3","3","true","Potentially Life-Threatening","1","ENGINE","2","2","6","South of Market","160951238-E03","POINT (-122.418655 37.77556)","2024-02-05T03:27:52.000","2024-02-05T10:56:25.000","34"
"161002736","RS1","16039888","Medical Incident","2016-04-09T00:00:00.000","2016-04-09T00:00:00.000","2016-04-09T18:56:21.000","2016-04-09T18:57:46.000","2016-04-09T18:58:04.000","2016-04-09T18:59:09.000",,,,"Code 2 Transport","2016-04-09T19:00:39.000","08TH ST/HOWARD ST","San Francisco","94103","B02","29","2322","3","3","3","false","Potentially Life-Threatening","1","RESCUE SQUAD","4","2","6","South of Market","161002736-RS1","POINT (-122.411606 37.776222)","2024-02-05T03:27:52.000","2024-02-05T10:56:25.000","34"
"160942827","KM02","16037366","Medical Incident","2016-04-03T00:00:00.000","2016-04-03T00:00:00.000","2016-04-03T17:57:49.000","2016-04-03T17:58:11.000","2016-04-03T17:58:43.000","2016-04-03T17:59:26.000","2016-04-03T18:00:52.000","2016-04-03T18:20:27.000","2016-04-03T18:33:23.000","Code 2 Transport","2016-04-03T19:08:26.000","30TH AVE/IRVING ST","San Francisco","94122","B08","23","7536","3","3","3","false","Potentially Life-Threatening","1","PRIVATE","1","8","4","Sunset/Parkside","160942827-KM02","POINT (-122.48891 37.763042)","2024-02-05T03:27:52.000","2024-02-05T10:56:25.000","35"
"161023963","60","16040725","Medical Incident","2016-04-11T00:00:00.000","2016-04-11T00:00:00.000","2016-04-11T22:26:01.000","2016-04-11T22:26:01.000","2016-04-11T22:27:24.000","2016-04-11T22:27:46.000","2016-04-11T22:33:02.000",,,"No Merit","2016-04-11T22:55:38.000","POLK ST/AUSTIN ST/FRANK NORRIS ST","San Francisco","94109","B04","03","3122","2","2","2","true","Non Life-threatening","1","MEDIC","1","4","3","Nob Hill","161023963-60","POINT (-122.4204 37.789165)","2024-02-05T03:27:52.000","2024-02-05T10:56:25.000","21"
"161011552","AM10","16040179","Medical Incident","2016-04-10T00:00:00.000","2016-04-10T00:00:00.000","2016-04-10T12:19:24.000","2016-04-10T12:20:08.000","2016-04-10T12:20:54.000","2016-04-10T12:22:31.000","2016-04-10T12:28:14.000",,,"Medical Examiner","2016-04-10T14:24:56.000","TOPAZ WAY/GOLD MINE DR","San Francisco","94131","B06","26","8154","E","E","3","false","Potentially Life-Threatening","1","PRIVATE","3","6","8","Glen Park","161011552-AM10","POINT (-122.43866 37.74066)","2024-02-05T03:27:52.000","2024-02-05T10:56:25.000","10"
"161033131","E13","16041007","Medical Incident","2016-04-12T00:00:00.000","2016-04-12T00:00:00.000","2016-04-12T17:41:06.000","2016-04-12T17:41:49.000","2016-04-12T17:42:01.000","2016-04-12T17:43:15.000","2016-04-12T17:46:22.000",,,"Code 2 Transport","2016-04-12T17:55:14.000","GRANT AVE/MAIDEN LN","San Francisco","94108","B01","01","1241","3","3","3","true","Potentially Life-Threatening","1","ENGINE","2","1","3","Financial District/South Beach","161033131-E13","POINT (-122.40513 37.78823)","2024-02-05T03:27:52.000","2024-02-05T10:56:25.000","8"
"161010466","65","16040053","Medical Incident","2016-04-10T00:00:00.000","2016-04-09T00:00:00.000","2016-04-10T02:53:39.000","2016-04-10T02:54:24.000","2016-04-10T02:55:06.000","2016-04-10T02:55:34.000",,,,"Unable to Locate","2016-04-10T03:04:02.000","CALIFORNIA ST/DRUMM ST","San Francisco","94111","B01","13","1113","3","3","3","true","Potentially Life-Threatening","1","MEDIC","3","1","3","Financial District/South Beach","161010466-65","POINT (-122.39639 37.793663)","2024-02-05T03:27:52.000","2024-02-05T10:56:25.000","8"
"160990443","88","16039192","Medical Incident","2016-04-08T00:00:00.000","2016-04-07T00:00:00.000","2016-04-08T05:56:16.000","2016-04-08T05:57:57.000","2016-04-08T05:59:35.000","2016-04-08T05:59:56.000","2016-04-08T06:04:23.000","2016-04-08T06:23:16.000","2016-04-08T06:36:55.000","Code 2 Transport","2016-04-08T07:10:05.000","BACON ST/HAMILTON ST","San Francisco","94134","B10","42","6335","2","3","3","true","Potentially Life-Threatening","1","MEDIC","2","9","9","Portola","160990443-88","POINT (-122.40953 37.72608)","2024-02-05T03:27:52.000","2024-02-05T10:56:25.000","25"
"160942012","E23","16037278","Electrical Hazard","2016-04-03T00:00:00.000","2016-04-03T00:00:00.000","2016-04-03T14:00:27.000","2016-04-03T14:01:27.000","2016-04-03T14:01:36.000","2016-04-03T14:02:34.000","2016-04-03T14:05:49.000",,,"Fire","2016-04-03T14:16:30.000","44TH AVE/PACHECO ST","San Francisco","94116","B08","23","7663","3","3","3","false","Alarm","1","ENGINE","1","8","4","Sunset/Parkside","160942012-E23","POINT (-122.503006 37.74933)","2024-02-05T03:27:52.000","2024-02-05T10:56:25.000","35"
"160973843","78","16038634","Traffic Collision","2016-04-06T00:00:00.000","2016-04-06T00:00:00.000","2016-04-06T19:30:36.000","2016-04-06T19:31:01.000","2016-04-06T19:31:27.000","2016-04-06T19:31:38.000","2016-04-06T19:36:36.000","2016-04-06T20:08:57.000","2016-04-06T20:25:03.000","Code 2 Transport","2016-04-06T20:51:45.000","02ND ST/BRYANT ST","San Francisco","94107","B03","08","2152","3","3","3","true","Potentially Life-Threatening","1","MEDIC","3","3","6","Financial District/South Beach","160973843-78","POINT (-122.393616 37.783077)","2024-02-05T03:27:52.000","2024-02-05T10:56:25.000","8"
"160962481","E17","16038068","Medical Incident","2016-04-05T00:00:00.000","2016-04-05T00:00:00.000","2016-04-05T15:37:07.000","2016-04-05T15:37:07.000","2016-04-05T15:37:22.000","2016-04-05T15:38:57.000","2016-04-05T15:41:21.000",,,"Code 2 Transport","2016-04-05T15:46:18.000","BERTHA LN/HUDSON AVE","San Francisco","94124","B10","17","6631","3","3","3","true","Potentially Life-Threatening","1","ENGINE","2","10","10","Bayview Hunters Point","160962481-E17","POINT (-122.38019 37.73242)","2024-02-05T03:27:52.000","2024-02-05T10:56:25.000","1"
"160953606","81","16037791","Medical Incident","2016-04-04T00:00:00.000","2016-04-04T00:00:00.000","2016-04-04T20:34:54.000","2016-04-04T20:36:16.000","2016-04-04T20:53:34.000","2016-04-04T20:53:43.000","2016-04-04T21:01:10.000","2016-04-04T21:17:32.000","2016-04-04T21:33:28.000","Code 2 Transport","2016-04-04T21:56:47.000","EDDY ST/HYDE ST","San Francisco","94102","B02","03","1555","2","2","2","true","Non Life-threatening","1","MEDIC","1","2","6","Tenderloin","160953606-81","POINT (-122.415886 37.783516)","2024-02-05T03:27:52.000","2024-02-05T10:56:25.000","36"
"160940614","70","16037156","Medical Incident","2016-04-03T00:00:00.000","2016-04-02T00:00:00.000","2016-04-03T04:47:01.000","2016-04-03T04:47:57.000","2016-04-03T04:48:26.000","2016-04-03T04:49:01.000","2016-04-03T05:00:20.000","2016-04-03T05:11:33.000","2016-04-03T05:21:42.000","Code 2 Transport","2016-04-03T06:24:37.000","ESSEX ST/FOLSOM ST","San Francisco","94105","B03","35","2136","3","3","3","true","Potentially Life-Threatening","1","MEDIC","2","3","6","Financial District/South Beach","160940614-70","POINT (-122.395645 37.78638)","2024-02-05T03:27:52.000","2024-02-05T10:56:25.000","8"
"160982243","82","16038957","Medical Incident","2016-04-07T00:00:00.000","2016-04-07T00:00:00.000","2016-04-07T14:23:37.000","2016-04-07T14:24:13.000","2016-04-07T14:25:01.000","2016-04-07T14:25:39.000","2016-04-07T14:45:47.000","2016-04-07T15:13:17.000","2016-04-07T15:35:23.000","Code 2 Transport","2016-04-07T16:19:08.000","BAKER ST/MCALLISTER ST","San Francisco","94117","B05","21","4254","2","2","2","true","Non Life-threatening","1","MEDIC","1","5","5","Lone Mountain/USF","160982243-82","POINT (-122.44168 37.777374)","2024-02-05T03:27:52.000","2024-02-05T10:56:25.000","18"
"161021733","E03","16040544","Medical Incident","2016-04-11T00:00:00.000","2016-04-11T00:00:00.000","2016-04-11T12:20:20.000","2016-04-11T12:21:18.000","2016-04-11T12:25:02.000","2016-04-11T12:25:02.000","2016-04-11T12:28:49.000",,,"Code 2 Transport","2016-04-11T13:16:18.000","LARKIN ST/PINE ST","San Francisco","94109","B04","41","1562","3","3","3","true","Potentially Life-Threatening","1","ENGINE","2","4","3","Nob Hill","161021733-E03","POINT (-122.418846 37.78983)","2024-02-05T03:27:52.000","2024-02-05T10:56:25.000","21"
"161042851","RC1","16041375","Medical Incident","2016-04-13T00:00:00.000","2016-04-13T00:00:00.000","2016-04-13T16:57:36.000","2016-04-13T16:58:32.000","2016-04-13T17:10:59.000","2016-04-13T17:10:59.000","2016-04-13T17:10:59.000",,,"Code 3 Transport","2016-04-13T17:21:49.000","HYDE ST/BUSH ST","San Francisco","94109","B04","03","1561","3","3","3","true","Potentially Life-Threatening","1","RESCUE CAPTAIN","4","4","3","Nob Hill","161042851-RC1","POINT (-122.417015 37.78911)","2024-02-05T03:27:52.000","2024-02-05T10:56:25.000","21"
"160930559","62","16036725","Medical Incident","2016-04-02T00:00:00.000","2016-04-01T00:00:00.000","2016-04-02T05:36:07.000","2016-04-02T05:37:41.000","2016-04-02T05:37:50.000","2016-04-02T05:37:55.000","2016-04-02T05:40:44.000",,,"Medical Examiner","2016-04-02T07:03:36.000","VAN NESS AVE/ALICE B TOKLAS PL","San Francisco","94109","B04","03","3162","3","E","3","true","Potentially Life-Threatening","1","MEDIC","1","4","5","Tenderloin","160930559-62","POINT (-122.42122 37.785233)","2024-02-05T03:27:52.000","2024-02-05T10:56:25.000","36"
"160941369","E40","16037228","Medical Incident","2016-04-03T00:00:00.000","2016-04-03T00:00:00.000","2016-04-03T10:53:00.000","2016-04-03T10:53:00.000","2016-04-03T10:54:07.000","2016-04-03T10:54:57.000","2016-04-03T10:57:24.000",,,"Code 2 Transport","2016-04-03T11:16:40.000","25TH AVE/ULLOA ST","San Francisco","94116","B08","40","7462","3","3","3","false","Potentially Life-Threatening","1","ENGINE","1","8","4","Sunset/Parkside","160941369-E40","POINT (-122.48199 37.740902)","2024-02-05T03:27:52.000","2024-02-05T10:56:25.000","35"
"161023871","62","16040718","Medical Incident","2016-04-11T00:00:00.000","2016-04-11T00:00:00.000","2016-04-11T21:50:51.000","2016-04-11T21:52:57.000","2016-04-11T21:53:46.000","2016-04-11T21:53:51.000",,,,"No Merit","2016-04-11T21:59:25.000","SANCHEZ ST/14TH ST","San Francisco","94114","B05","06","5131","3","3","3","true","Non Life-threatening","1","MEDIC","2","5","8","Castro/Upper Market","161023871-62","POINT (-122.43119 37.767593)","2024-02-05T03:27:52.000","2024-02-05T10:56:25.000","5"
"160973913","E03","16038639","Medical Incident","2016-04-06T00:00:00.000","2016-04-06T00:00:00.000","2016-04-06T19:46:29.000","2016-04-06T19:48:17.000","2016-04-06T19:50:19.000","2016-04-06T19:50:19.000","2016-04-06T19:52:02.000",,,"Code 2 Transport","2016-04-06T20:04:28.000","GOLDEN GATE AVE/LEAVENWORTH ST","San Francisco","94102","B02","01","1546","2","2","2","true","Non Life-threatening","1","ENGINE","1","2","6","Tenderloin","160973913-E03","POINT (-122.413864 37.781864)","2024-02-05T03:27:52.000","2024-02-05T10:56:25.000","36"
"161042075","E10","16041299","Alarms","2016-04-13T00:00:00.000","2016-04-13T00:00:00.000","2016-04-13T13:50:06.000","2016-04-13T13:50:40.000","2016-04-13T13:51:32.000","2016-04-13T13:53:58.000","2016-04-13T13:54:27.000",,,"Fire","2016-04-13T14:01:28.000","GEARY BLVD/MASONIC AVE","San Francisco","94118","B05","10","4365","3","3","3","true","Alarm","1","ENGINE","1","5","2","Lone Mountain/USF","161042075-E10","POINT (-122.4473 37.78239)","2024-02-05T03:27:52.000","2024-02-05T10:56:25.000","18"
"161032189","KM04","16040943","Medical Incident","2016-04-12T00:00:00.000","2016-04-12T00:00:00.000","2016-04-12T14:25:12.000","2016-04-12T14:26:13.000","2016-04-12T14:26:51.000","2016-04-12T14:27:42.000","2016-04-12T14:34:20.000","2016-04-12T15:04:16.000","2016-04-12T15:40:23.000","Code 2 Transport","2016-04-12T16:08:46.000","VERNON ST/RANDOLPH ST","San Francisco","94132","B09","33","8411","2","2","2","false","Non Life-threatening","1","PRIVATE","2","9","11","Oceanview/Merced/Ingleside","161032189-KM04","POINT (-122.467995 37.714268)","2024-02-05T03:27:52.000","2024-02-05T10:56:25.000","24"
"160973121","B04","16038542","Alarms","2016-04-06T00:00:00.000","2016-04-06T00:00:00.000","2016-04-06T16:54:33.000","2016-04-06T16:55:44.000","2016-04-06T16:55:53.000","2016-04-06T16:56:22.000","2016-04-06T16:58:09.000",,,"Fire","2016-04-06T17:11:46.000","SACRAMENTO ST/DIVISADERO ST","San Francisco","94115","B04","10","4161","3","3","3","false","Alarm","1","CHIEF","1","4","2","Pacific Heights","160973121-B04","POINT (-122.44062 37.788994)","2024-02-05T03:27:52.000","2024-02-05T10:56:25.000","30"
"160992268","T03","16039356","Structure Fire / Smoke in Building","2016-04-08T00:00:00.000","2016-04-08T00:00:00.000","2016-04-08T15:30:05.000","2016-04-08T15:30:05.000","2016-04-08T15:30:36.000","2016-04-08T15:31:32.000",,,,"Fire","2016-04-08T15:33:01.000","EDDY ST/LARKIN ST","San Francisco","94109","B02","03","1643","3","3","3","false","Alarm","1","TRUCK","2","2","6","Tenderloin","160992268-T03","POINT (-122.41753 37.78331)","2024-02-05T03:27:52.000","2024-02-05T10:56:25.000","36"
"160983642","E02","16039105","Medical Incident","2016-04-07T00:00:00.000","2016-04-07T00:00:00.000","2016-04-07T20:55:54.000","2016-04-07T20:56:59.000","2016-04-07T20:57:17.000","2016-04-07T20:58:47.000","2016-04-07T21:02:00.000",,,"Code 2 Transport","2016-04-07T21:14:11.000","THE EMBARCADERO/BEACH ST/GRANT AVE","San Francisco","94133","B01","28","0939","3","3","3","true","Potentially Life-Threatening","1","ENGINE","2","1","3","North Beach","160983642-E02","POINT (-122.40905 37.80811)","2024-02-05T03:27:52.000","2024-02-05T10:56:25.000","23"
"160980978","E29","16038822","Medical Incident","2016-04-07T00:00:00.000","2016-04-07T00:00:00.000","2016-04-07T08:44:36.000","2016-04-07T08:46:14.000","2016-04-07T08:46:34.000","2016-04-07T08:47:29.000","2016-04-07T08:51:44.000",,,"Gone on Arrival","2016-04-07T08:53:59.000","MCLEA CT/09TH ST","San Francisco","94103","B03","29","2333","2","2","2","true","Potentially Life-Threatening","1","ENGINE","1","2","6","South of Market","160980978-E29","POINT (-122.40908 37.771732)","2024-02-05T03:27:52.000","2024-02-05T10:56:25.000","34"
"160922816","52","16036545","Medical Incident","2016-04-01T00:00:00.000","2016-04-01T00:00:00.000","2016-04-01T17:43:58.000","2016-04-01T17:43:58.000","2016-04-01T17:45:42.000","2016-04-01T17:46:06.000","2016-04-01T18:00:55.000","2016-04-01T18:21:30.000","2016-04-01T18:37:25.000","Code 2 Transport","2016-04-01T19:12:39.000","WELSH ST/05TH ST","San Francisco","94107","B03","08","2242","2","2","2","true","Non Life-threatening","1","MEDIC","1","3","6","South of Market","160922816-52","POINT (-122.399765 37.77737)","2024-02-05T03:27:52.000","2024-02-05T10:56:25.000","34"
"160930800","79","16036753","Medical Incident","2016-04-02T00:00:00.000","2016-04-02T00:00:00.000","2016-04-02T08:17:07.000","2016-04-02T08:17:40.000","2016-04-02T08:18:52.000","2016-04-02T08:19:05.000","2016-04-02T08:25:13.000","2016-04-02T08:35:14.000","2016-04-02T08:44:41.000","Code 2 Transport","2016-04-02T09:07:41.000","02ND AVE/CABRILLO ST","San Francisco","94118","B07","31","7121","3","3","3","true","Potentially Life-Threatening","1","MEDIC","2","7","1","Inner Richmond","160930800-79","POINT (-122.45959 37.775566)","2024-02-05T03:27:52.000","2024-02-05T10:56:25.000","11"
"161041613","KM09","16041258","Medical Incident","2016-04-13T00:00:00.000","2016-04-13T00:00:00.000","2016-04-13T11:46:35.000","2016-04-13T11:46:35.000","2016-04-13T11:47:18.000","2016-04-13T11:48:08.000","2016-04-13T12:11:08.000","2016-04-13T12:11:11.000","2016-04-13T12:20:29.000","Code 2 Transport","2016-04-13T12:57:22.000","EDDY ST/CYRIL MAGNIN ST","San Francisco","94102","B03","01","1364","3","3","3","false","Potentially Life-Threatening","1","PRIVATE","3","3","6","Tenderloin","161041613-KM09","POINT (-122.40849 37.784454)","2024-02-05T03:27:52.000","2024-02-05T10:56:25.000","36"
"161012984","E09","16040300","Medical Incident","2016-04-10T00:00:00.000","2016-04-10T00:00:00.000","2016-04-10T19:18:32.000","2016-04-10T19:20:39.000","2016-04-10T19:21:34.000","2016-04-10T19:23:02.000","2016-04-10T19:25:32.000",,,"Code 2 Transport","2016-04-10T19:26:26.000","INNES AVE/NEWHALL ST","San Francisco","94124","B10","25","6532","3","3","3","true","Potentially Life-Threatening","1","ENGINE","2","10","10","Bayview Hunters Point","161012984-E09","POINT (-122.38883 37.73942)","2024-02-05T03:27:52.000","2024-02-05T10:56:25.000","1"
"161000583","E28","16039631","Medical Incident","2016-04-09T00:00:00.000","2016-04-08T00:00:00.000","2016-04-09T05:27:11.000","2016-04-09T05:28:52.000","2016-04-09T05:29:09.000","2016-04-09T05:30:33.000","2016-04-09T05:33:03.000",,,"No Merit","2016-04-09T05:53:04.000","COLUMBUS AVE/JONES ST","San Francisco","94133","B01","28","1425","3","3","3","false","Non Life-threatening","1","ENGINE","1","1","2","Russian Hill","161000583-E28","POINT (-122.41682 37.804886)","2024-02-05T03:27:52.000","2024-02-05T10:56:25.000","32"
"161003432","E41","16039971","Medical Incident","2016-04-09T00:00:00.000","2016-04-09T00:00:00.000","2016-04-09T22:29:42.000","2016-04-09T22:30:34.000","2016-04-09T22:31:24.000","2016-04-09T22:32:45.000","2016-04-09T22:34:52.000",,,"Code 2 Transport","2016-04-09T22:39:36.000","POLK ST/PINE ST","San Francisco","94109","B04","03","3122","3","3","3","false","Potentially Life-Threatening","1","ENGINE","1","4","3","Nob Hill","161003432-E41","POINT (-122.420494 37.78962)","2024-02-05T03:27:52.000","2024-02-05T10:56:25.000","21"
"161024195","E01","16040745","Medical Incident","2016-04-11T00:00:00.000","2016-04-11T00:00:00.000","2016-04-11T23:41:28.000","2016-04-11T23:42:12.000","2016-04-11T23:45:43.000","2016-04-11T23:45:43.000","2016-04-11T23:46:50.000",,,"Code 2 Transport","2016-04-12T00:02:55.000","08TH ST/GROVE ST/HYDE ST/MARKET ST","San Francisco","94103","B02","01","2317","3","E","3","true","Potentially Life-Threatening","1","ENGINE","2","2","6","Tenderloin","161024195-E01","POINT (-122.41474 37.77872)","2024-02-05T03:27:52.000","2024-02-05T10:56:25.000","34"
"160982733","AM16","16039018","Medical Incident","2016-04-07T00:00:00.000","2016-04-07T00:00:00.000","2016-04-07T16:25:36.000","2016-04-07T16:27:17.000","2016-04-07T17:08:42.000","2016-04-07T17:09:11.000","2016-04-07T17:33:25.000","2016-04-07T17:55:39.000","2016-04-07T18:19:38.000","Code 2 Transport","2016-04-07T18:42:49.000","05TH ST/CLEMENTINA ST","San Francisco","94103","B03","01","2244","2","2","2","false","Non Life-threatening","1","PRIVATE","1","3","6","South of Market","160982733-AM16","POINT (-122.40392 37.7807)","2024-02-05T03:27:52.000","2024-02-05T10:56:25.000","34"
"160982956","E37","16039037","Medical Incident","2016-04-07T00:00:00.000","2016-04-07T00:00:00.000","2016-04-07T17:33:10.000","2016-04-07T17:34:24.000","2016-04-07T17:35:44.000","2016-04-07T17:36:49.000","2016-04-07T17:40:23.000",,,"Code 2 Transport","2016-04-07T17:40:49.000","ILLINOIS ST/MARIN ST","San Francisco","94124","B10","25","2641","3","3","3","false","Potentially Life-Threatening","1","ENGINE","1","10","10","Bayview Hunters Point","160982956-E37","POINT (-122.38643 37.749065)","2024-02-05T03:27:52.000","2024-02-05T10:56:25.000","1"
"160992217","64","16039349","Medical Incident","2016-04-08T00:00:00.000","2016-04-08T00:00:00.000","2016-04-08T15:16:16.000","2016-04-08T15:17:24.000","2016-04-08T15:17:48.000","2016-04-08T15:21:48.000","2016-04-08T15:57:14.000",,,"Patient Declined Transport","2016-04-08T15:58:19.000","SUNNYDALE AVE/HAHN ST","San Francisco","94134","B09","43","6241","3","3","3","true","Potentially Life-Threatening","1","MEDIC","2","9","10","Visitacion Valley","160992217-64","POINT (-122.416 37.711914)","2024-02-05T03:27:52.000","2024-02-05T10:56:25.000","40"
"161002855","E03","16039901","Medical Incident","2016-04-09T00:00:00.000","2016-04-09T00:00:00.000","2016-04-09T19:39:35.000","2016-04-09T19:40:32.000","2016-04-09T19:40:55.000","2016-04-09T19:42:23.000","2016-04-09T19:44:45.000",,,"Medical Examiner","2016-04-09T19:56:39.000","TAYLOR ST/EDDY ST","San Francisco","94102","B03","01","1453","E","E","3","true","Potentially Life-Threatening","1","ENGINE","1","3","6","Tenderloin","161002855-E03","POINT (-122.41095 37.78414)","2024-02-05T03:27:52.000","2024-02-05T10:56:25.000","36"
"161030825","E14","16040826","Medical Incident","2016-04-12T00:00:00.000","2016-04-12T00:00:00.000","2016-04-12T08:45:02.000","2016-04-12T08:45:25.000","2016-04-12T08:46:13.000","2016-04-12T08:48:28.000","2016-04-12T08:52:13.000",,,"Cancelled","2016-04-12T08:54:21.000","FULTON ST/08TH AVE","San Francisco","94122","B07","31","7133","3","3","3","true","Potentially Life-Threatening","1","ENGINE","2","7","1","Inner Richmond","161030825-E14","POINT (-122.46588 37.7734)","2024-02-05T03:27:52.000","2024-02-05T10:56:25.000","11"
"160933430","E23","16037046","Medical Incident","2016-04-02T00:00:00.000","2016-04-02T00:00:00.000","2016-04-02T21:08:53.000","2016-04-02T21:09:17.000","2016-04-02T21:09:58.000","2016-04-02T21:11:15.000","2016-04-02T21:12:44.000",,,"Code 3 Transport","2016-04-02T21:59:05.000","48TH AVE/IRVING ST","San Francisco","94122","B08","23","7721","3","3","3","true","Potentially Life-Threatening","1","ENGINE","1","8","4","Sunset/Parkside","160933430-E23","POINT (-122.5082 37.76219)","2024-02-05T03:27:52.000","2024-02-05T10:56:25.000","35"
"161034206","E17","16041104","Medical Incident","2016-04-12T00:00:00.000","2016-04-12T00:00:00.000","2016-04-12T23:10:40.000","2016-04-12T23:11:12.000","2016-04-12T23:11:37.000","2016-04-12T23:13:41.000","2016-04-12T23:16:57.000",,,"Code 2 Transport","2016-04-12T23:30:00.000","CAMERON WAY/DOUBLE ROCK ST","San Francisco","94124","B10","17","6573","2","2","2","true","Potentially Life-Threatening","1","ENGINE","1","10","10","Bayview Hunters Point","161034206-E17","POINT (-122.388054 37.72069)","2024-02-05T03:27:52.000","2024-02-05T10:56:25.000","1"
"160922458","KM12","16036514","Medical Incident","2016-04-01T00:00:00.000","2016-04-01T00:00:00.000","2016-04-01T16:22:37.000","2016-04-01T16:24:25.000","2016-04-01T16:24:50.000","2016-04-01T16:25:40.000","2016-04-01T16:36:20.000","2016-04-01T16:54:02.000","2016-04-01T17:11:14.000","Code 2 Transport","2016-04-01T17:41:48.000","ULLOA ST/FOREST SIDE AVE","San Francisco","94127","B08","39","8614","2","2","2","false","Non Life-threatening","1","PRIVATE","2","8","7","West of Twin Peaks","160922458-KM12","POINT (-122.46856 37.741505)","2024-02-05T03:27:52.000","2024-02-05T10:56:25.000","41"
"161020849","T13","16040458","Structure Fire / Smoke in Building","2016-04-11T00:00:00.000","2016-04-11T00:00:00.000","2016-04-11T08:40:21.000","2016-04-11T08:40:21.000","2016-04-11T08:41:23.000","2016-04-11T08:42:33.000",,,,"Fire","2016-04-11T08:45:23.000","SUTTER ST/SANSOME ST","San Francisco","94104","B01","13","1164","3","3","3","false","Alarm","1","TRUCK","2","1","3","Financial District/South Beach","161020849-T13","POINT (-122.40056 37.79025)","2024-02-05T03:27:52.000","2024-02-05T10:56:25.000","8"
"160930494","E36","16036715","Medical Incident","2016-04-02T00:00:00.000","2016-04-01T00:00:00.000","2016-04-02T04:05:17.000","2016-04-02T04:06:31.000","2016-04-02T04:06:44.000","2016-04-02T04:09:21.000","2016-04-02T04:11:38.000",,,"Code 2 Transport","2016-04-02T04:24:41.000","MCALLISTER ST/LEAVENWORTH ST","San Francisco","94102","B02","03","1553","3","3","3","true","Potentially Life-Threatening","1","ENGINE","2","2","6","Tenderloin","160930494-E36","POINT (-122.41367 37.780926)","2024-02-05T03:27:52.000","2024-02-05T10:56:25.000","36"
"160984110","AM18","16039147","Medical Incident","2016-04-07T00:00:00.000","2016-04-07T00:00:00.000","2016-04-07T23:33:09.000","2016-04-07T23:37:25.000","2016-04-07T23:37:44.000","2016-04-07T23:38:21.000","2016-04-07T23:42:23.000","2016-04-08T00:07:00.000","2016-04-08T00:11:19.000","Code 2 Transport","2016-04-08T01:00:30.000","BELDEN ST/PINE ST","San Francisco","94104","B01","13","1235","3","3","3","false","Non Life-threatening","1","PRIVATE","2","1","3","Financial District/South Beach","160984110-AM18","POINT (-122.40387 37.791737)","2024-02-05T03:27:52.000","2024-02-05T10:56:25.000","8"
"161031967","62","16040924","Medical Incident","2016-04-12T00:00:00.000","2016-04-12T00:00:00.000","2016-04-12T13:30:55.000","2016-04-12T13:32:54.000","2016-04-12T13:33:08.000","2016-04-12T13:33:16.000","2016-04-12T13:50:38.000","2016-04-12T14:03:55.000","2016-04-12T14:28:25.000","Code 2 Transport","2016-04-12T15:04:40.000","JUDAH ST/31ST AVE","San Francisco","94122","B08","23","7541","2","2","2","true","Non Life-threatening","1","MEDIC","1","8","4","Sunset/Parkside","161031967-62","POINT (-122.48985 37.761135)","2024-02-05T03:27:52.000","2024-02-05T10:56:25.000","35"
"161040221","AM18","16041134","Medical Incident","2016-04-13T00:00:00.000","2016-04-12T00:00:00.000","2016-04-13T01:59:08.000","2016-04-13T02:04:00.000","2016-04-13T02:04:26.000","2016-04-13T02:04:58.000","2016-04-13T02:10:24.000","2016-04-13T02:23:16.000","2016-04-13T02:51:22.000","Code 2 Transport","2016-04-13T03:36:39.000","TREAT AVE/16TH ST/HARRISON ST","San Francisco","94110","B02","29","5217","2","2","2","false","Non Life-threatening","1","PRIVATE","1","2","9","Mission","161040221-AM18","POINT (-122.41311 37.765446)","2024-02-05T03:27:52.000","2024-02-05T10:56:25.000","20"
"160974562","E08","16038709","Medical Incident","2016-04-06T00:00:00.000","2016-04-06T00:00:00.000","2016-04-06T23:00:19.000","2016-04-06T23:01:15.000","2016-04-06T23:02:30.000","2016-04-06T23:03:33.000","2016-04-06T23:05:28.000",,,"Code 2 Transport","2016-04-06T23:07:24.000","WELSH ST/05TH ST","San Francisco","94107","B03","08","2242","2","3","3","true","Potentially Life-Threatening","1","ENGINE","1","3","6","South of Market","160974562-E08","POINT (-122.399765 37.77737)","2024-02-05T03:27:52.000","2024-02-05T10:56:25.000","34"
"160940124","B04","16037105","Alarms","2016-04-03T00:00:00.000","2016-04-02T00:00:00.000","2016-04-03T00:36:18.000","2016-04-03T00:38:08.000","2016-04-03T00:38:18.000","2016-04-03T00:39:38.000","2016-04-03T00:42:38.000",,,"Fire","2016-04-03T00:42:43.000","EDDY ST/BUCHANAN ST","San Francisco","94115","B02","05","3366","3","3","3","false","Alarm","1","CHIEF","3","2","5","Western Addition","160940124-B04","POINT (-122.42904 37.78185)","2024-02-05T03:27:52.000","2024-02-05T10:56:25.000","39"
"161030671","KM08","16040816","Medical Incident","2016-04-12T00:00:00.000","2016-04-11T00:00:00.000","2016-04-12T07:53:47.000","2016-04-12T07:55:26.000","2016-04-12T07:55:55.000","2016-04-12T07:56:34.000","2016-04-12T08:01:31.000","2016-04-12T08:14:22.000","2016-04-12T08:40:33.000","Code 2 Transport","2016-04-12T09:11:13.000","MARKET ST/POWELL ST","San Francisco","94103","B03","01","2209","3","3","3","false","Potentially Life-Threatening","1","PRIVATE","2","3","3","Financial District/South Beach","161030671-KM08","POINT (-122.40733 37.78456)","2024-02-05T03:27:52.000","2024-02-05T10:56:25.000","34"
"160973376","62","16038579","Medical Incident","2016-04-06T00:00:00.000","2016-04-06T00:00:00.000","2016-04-06T17:48:33.000","2016-04-06T17:49:46.000","2016-04-06T17:50:27.000","2016-04-06T17:50:35.000","2016-04-06T17:57:39.000","2016-04-06T18:07:23.000","2016-04-06T18:24:45.000","Code 2 Transport","2016-04-06T19:16:22.000","NEWHALL ST/HUDSON AVE","San Francisco","94124","B10","25","6467","2","2","2","true","Non Life-threatening","1","MEDIC","2","10","10","Bayview Hunters Point","160973376-62","POINT (-122.388275 37.740044)","2024-02-05T03:27:52.000","2024-02-05T10:56:25.000","1"
"161000167","E07","16039572","Medical Incident","2016-04-09T00:00:00.000","2016-04-08T00:00:00.000","2016-04-09T01:04:28.000","2016-04-09T01:05:50.000","2016-04-09T01:06:12.000","2016-04-09T01:07:39.000","2016-04-09T01:09:37.000",,,"No Merit","2016-04-09T01:10:38.000","SOUTH VAN NESS AVE/17TH ST","San Francisco","94110","B02","07","5246","3","3","3","true","Potentially Life-Threatening","1","ENGINE","1","2","9","Mission","161000167-E07","POINT (-122.417336 37.763573)","2024-02-05T03:27:52.000","2024-02-05T10:56:25.000","20"
"161001081","B02","16039694","Alarms","2016-04-09T00:00:00.000","2016-04-09T00:00:00.000","2016-04-09T10:00:08.000","2016-04-09T10:01:10.000","2016-04-09T10:01:38.000","2016-04-09T10:02:29.000",,,,"Fire","2016-04-09T10:07:59.000","MCALLISTER ST/CHARLES J BRENHAM PL","San Francisco","94102","B03","01","1455","3","3","3","false","Alarm","1","CHIEF","3","2","6","Tenderloin","161001081-B02","POINT (-122.41315 37.780994)","2024-02-05T03:27:52.000","2024-02-05T10:56:25.000","36"
"160973717","E36","16038625","Medical Incident","2016-04-06T00:00:00.000","2016-04-06T00:00:00.000","2016-04-06T19:03:22.000","2016-04-06T19:03:22.000","2016-04-06T19:04:16.000","2016-04-06T19:07:48.000","2016-04-06T19:07:48.000",,,"No Merit","2016-04-06T19:12:53.000","GOUGH ST/HAIGHT ST/MARKET ST","San Francisco","94103","B02","36","3311","3","3","3","true","Non Life-threatening","1","ENGINE","3","2","5","Hayes Valley","160973717-E36","POINT (-122.42194 37.773037)","2024-02-05T03:27:52.000","2024-02-05T10:56:25.000","20"
"161031461","65","16040883","Medical Incident","2016-04-12T00:00:00.000","2016-04-12T00:00:00.000","2016-04-12T11:21:45.000","2016-04-12T11:21:56.000","2016-04-12T11:22:21.000","2016-04-12T11:22:31.000","2016-04-12T11:30:16.000","2016-04-12T11:58:42.000","2016-04-12T12:26:01.000","Code 2 Transport","2016-04-12T12:48:51.000","LYELL ST/CAYUGA AVE","San Francisco","94112","B09","32","8136","2","2","2","true","Potentially Life-Threatening","1","MEDIC","1","9","8","Outer Mission","161031461-65","POINT (-122.4314 37.73101)","2024-02-05T03:27:52.000","2024-02-05T10:56:25.000","28"
"160993287","T10","16039441","Structure Fire / Smoke in Building","2016-04-08T00:00:00.000","2016-04-08T00:00:00.000","2016-04-08T19:35:46.000","2016-04-08T19:35:46.000","2016-04-08T19:35:55.000","2016-04-08T19:37:18.000","2016-04-08T19:41:38.000",,,"Fire","2016-04-08T19:42:26.000","07TH AVE/CLEMENT ST","San Francisco","94118","B07","31","7127","3","3","3","false","Alarm","1","TRUCK","1","7","1","Inner Richmond","160993287-T10","POINT (-122.46549 37.78289)","2024-02-05T03:27:52.000","2024-02-05T10:56:25.000","11"
"161030039","85","16040752","Medical Incident","2016-04-12T00:00:00.000","2016-04-11T00:00:00.000","2016-04-12T00:13:19.000","2016-04-12T00:18:37.000","2016-04-12T00:19:57.000","2016-04-12T00:20:14.000","2016-04-12T00:29:34.000","2016-04-12T00:43:14.000","2016-04-12T00:54:22.000","Code 2 Transport","2016-04-12T01:16:41.000","24TH ST/YORK ST","San Francisco","94110","B06","09","5531","2","2","2","true","Non Life-threatening","1","MEDIC","1","6","9","Mission","161030039-85","POINT (-122.40819 37.752853)","2024-02-05T03:27:52.000","2024-02-05T10:56:25.000","20"
"160932308","AM10","16036925","Medical Incident","2016-04-02T00:00:00.000","2016-04-02T00:00:00.000","2016-04-02T15:50:26.000","2016-04-02T15:50:26.000","2016-04-02T15:50:31.000","2016-04-02T15:52:08.000","2016-04-02T15:54:10.000","2016-04-02T16:09:19.000","2016-04-02T16:30:59.000","Code 2 Transport","2016-04-02T17:29:14.000","JESSIE ST/06TH ST","San Francisco","94103","B03","01","2251","3","3","3","false","Potentially Life-Threatening","1","PRIVATE","1","3","6","South of Market","160932308-AM10","POINT (-122.40925 37.7814)","2024-02-05T03:27:52.000","2024-02-05T10:56:25.000","34"
"160931609","E18","16036842","Medical Incident","2016-04-02T00:00:00.000","2016-04-02T00:00:00.000","2016-04-02T12:26:48.000","2016-04-02T12:27:34.000","2016-04-02T12:27:58.000","2016-04-02T12:28:51.000","2016-04-02T12:30:32.000",,,"No Merit","2016-04-02T12:58:18.000","NORIEGA ST/30TH AVE","San Francisco","94122","B08","18","7515","3","3","3","true","Potentially Life-Threatening","1","ENGINE","1","8","4","Sunset/Parkside","160931609-E18","POINT (-122.488266 37.75372)","2024-02-05T03:27:52.000","2024-02-05T10:56:25.000","35"
"160962311","KM06","16038055","Medical Incident","2016-04-05T00:00:00.000","2016-04-05T00:00:00.000","2016-04-05T14:54:54.000","2016-04-05T14:55:23.000","2016-04-05T14:56:03.000","2016-04-05T14:57:07.000","2016-04-05T15:05:28.000",,,"Medical Examiner","2016-04-05T15:53:53.000","FOOTE AVE/ELLINGTON AVE","San Francisco","94112","B09","33","8345","3","E","3","false","Potentially Life-Threatening","1","PRIVATE","3","9","11","Outer Mission","160962311-KM06","POINT (-122.44546 37.713196)","2024-02-05T03:27:52.000","2024-02-05T10:56:25.000","28"
"160973338","E22","16038573","Medical Incident","2016-04-06T00:00:00.000","2016-04-06T00:00:00.000","2016-04-06T17:39:24.000","2016-04-06T17:40:19.000","2016-04-06T17:41:22.000","2016-04-06T17:42:57.000","2016-04-06T17:45:31.000",,,"Code 2 Transport","2016-04-06T17:55:12.000","27TH AVE/IRVING ST","San Francisco","94122","B08","22","7511","3","3","3","false","Potentially Life-Threatening","1","ENGINE","1","8","4","Sunset/Parkside","160973338-E22","POINT (-122.4857 37.763184)","2024-02-05T03:27:52.000","2024-02-05T10:56:25.000","35"
"160993195","70","16039433","Medical Incident","2016-04-08T00:00:00.000","2016-04-08T00:00:00.000","2016-04-08T19:03:50.000","2016-04-08T19:04:54.000","2016-04-08T19:06:29.000","2016-04-08T19:06:53.000","2016-04-08T19:15:23.000","2016-04-08T19:19:04.000","2016-04-08T19:32:09.000","Code 2 Transport","2016-04-08T19:46:39.000","FOLSOM ST/RUSS ST","San Francisco","94103","B03","08","2312","3","3","3","true","Potentially Life-Threatening","1","MEDIC","2","3","6","South of Market","160993195-70","POINT (-122.40672 37.77763)","2024-02-05T03:27:52.000","2024-02-05T10:56:25.000","34"
"160932984","E38","16036987","Alarms","2016-04-02T00:00:00.000","2016-04-02T00:00:00.000","2016-04-02T18:49:11.000","2016-04-02T18:50:43.000","2016-04-02T18:51:03.000","2016-04-02T18:52:28.000","2016-04-02T18:53:26.000",,,"Fire","2016-04-02T18:59:06.000","OCTAVIA ST/CALIFORNIA ST","San Francisco","94109","B04","38","3326","3","3","3","false","Alarm","1","ENGINE","1","4","5","Pacific Heights","160932984-E38","POINT (-122.42726 37.78974)","2024-02-05T03:27:52.000","2024-02-05T10:56:25.000","30"
"160940332","85","16037129","Medical Incident","2016-04-03T00:00:00.000","2016-04-02T00:00:00.000","2016-04-03T01:53:20.000","2016-04-03T01:53:20.000","2016-04-03T01:59:18.000","2016-04-03T01:59:29.000",,,,"Other","2016-04-03T02:11:07.000","GREEN ST/POWELL ST","San Francisco","94133","B01","02","1352","2","2","2","true","Potentially Life-Threatening","1","MEDIC","2","1","3","Chinatown","160940332-85","POINT (-122.410645 37.7993)","2024-02-05T03:27:52.000","2024-02-05T10:56:25.000","6"
"160973515","T01","16038598","Structure Fire / Smoke in Building","2016-04-06T00:00:00.000","2016-04-06T00:00:00.000","2016-04-06T18:17:42.000","2016-04-06T18:17:42.000","2016-04-06T18:18:58.000","2016-04-06T18:20:19.000",,,,"Fire","2016-04-06T18:22:33.000","ELLIS ST/JONES ST","San Francisco","94102","B03","03","1461","3","3","3","false","Alarm","1","TRUCK","2","2","6","Tenderloin","160973515-T01","POINT (-122.41278 37.784866)","2024-02-05T03:27:52.000","2024-02-05T10:56:25.000","36"
"160993668","T09","16039484","Alarms","2016-04-08T00:00:00.000","2016-04-08T00:00:00.000","2016-04-08T21:33:25.000","2016-04-08T21:34:56.000","2016-04-08T21:36:15.000","2016-04-08T21:37:42.000","2016-04-08T21:41:11.000",,,"Fire","2016-04-08T22:02:33.000","OAKDALE AVE/RANKIN ST","San Francisco","94124","B10","09","6425","3","3","3","false","Alarm","1","TRUCK","3","10","10","Bayview Hunters Point","160993668-T09","POINT (-122.39781 37.738846)","2024-02-05T03:27:52.000","2024-02-05T10:56:25.000","1"
"161011721","50","16040195","Medical Incident","2016-04-10T00:00:00.000","2016-04-10T00:00:00.000","2016-04-10T13:08:00.000","2016-04-10T13:08:00.000","2016-04-10T13:08:55.000","2016-04-10T13:09:02.000","2016-04-10T13:21:12.000","2016-04-10T13:40:28.000","2016-04-10T13:47:46.000","Code 2 Transport","2016-04-10T14:47:38.000","TRUMBULL ST/NEY ST","San Francisco","94112","B09","32","5682","3","3","3","true","Potentially Life-Threatening","1","MEDIC","2","9","11","Excelsior","161011721-50","POINT (-122.42324 37.73082)","2024-02-05T03:27:52.000","2024-02-05T10:56:25.000","7"
"161041084","B03","16041212","Alarms","2016-04-13T00:00:00.000","2016-04-13T00:00:00.000","2016-04-13T09:36:08.000","2016-04-13T09:37:29.000","2016-04-13T09:37:42.000","2016-04-13T09:38:27.000",,,,"Fire","2016-04-13T09:42:12.000","MAIN ST/HARRISON ST","San Francisco","94105","B03","35","2123","3","3","3","false","Alarm","1","CHIEF","2","3","6","Financial District/South Beach","161041084-B03","POINT (-122.39032 37.788136)","2024-02-05T03:27:52.000","2024-02-05T10:56:25.000","8"
"160983488","83","16039090","Medical Incident","2016-04-07T00:00:00.000","2016-04-07T00:00:00.000","2016-04-07T19:58:03.000","2016-04-07T19:59:39.000","2016-04-07T20:00:00.000","2016-04-07T20:01:38.000","2016-04-07T20:10:01.000","2016-04-07T20:32:24.000","2016-04-07T21:17:35.000","Code 2 Transport","2016-04-07T22:04:19.000","BERKELEY WAY/ONIQUE LN","San Francisco","94131","B06","26","8173","2","2","2","true","Potentially Life-Threatening","1","MEDIC","1","6","8","Glen Park","160983488-83","POINT (-122.43906 37.739166)","2024-02-05T03:27:52.000","2024-02-05T10:56:25.000","10"
"160971685","E29","16038394","Vehicle Fire","2016-04-06T00:00:00.000","2016-04-06T00:00:00.000","2016-04-06T11:51:01.000","2016-04-06T11:51:41.000","2016-04-06T11:54:09.000","2016-04-06T11:54:09.000","2016-04-06T11:56:39.000",,,"Fire","2016-04-06T11:57:57.000","18TH ST/POTRERO AVE","San Francisco","94110","B10","09","6375","3","3","3","true","Fire","1","ENGINE","2","2","10","Mission","160971685-E29","POINT (-122.40719 37.761936)","2024-02-05T03:27:52.000","2024-02-05T10:56:25.000","20"
"161011593","E08","16040184","Vehicle Fire","2016-04-10T00:00:00.000","2016-04-10T00:00:00.000","2016-04-10T12:31:23.000","2016-04-10T12:31:35.000","2016-04-10T12:31:51.000","2016-04-10T12:33:01.000","2016-04-10T12:33:51.000",,,"Fire","2016-04-10T12:45:02.000","04TH ST/KING ST","San Francisco","94107","B03","08","2224","3","3","3","true","Fire","1","ENGINE","1","3","6","Mission Bay","161011593-E08","POINT (-122.394035 37.776333)","2024-02-05T03:27:52.000","2024-02-05T10:56:25.000","4"
"160970461","AM24","16038285","Medical Incident","2016-04-06T00:00:00.000","2016-04-05T00:00:00.000","2016-04-06T05:54:57.000","2016-04-06T05:56:50.000","2016-04-06T05:57:35.000","2016-04-06T05:57:59.000","2016-04-06T06:08:19.000","2016-04-06T06:48:46.000","2016-04-06T07:13:55.000","Code 2 Transport","2016-04-06T08:00:55.000","BAY ST/BAKER ST","San Francisco","94123","B04","16","4315","2","3","3","false","Potentially Life-Threatening","1","PRIVATE","1","4","2","Marina","160970461-AM24","POINT (-122.44653 37.80142)","2024-02-05T03:27:52.000","2024-02-05T10:56:25.000","13"
"161020556","T19","16040435","Other","2016-04-11T00:00:00.000","2016-04-10T00:00:00.000","2016-04-11T07:06:44.000","2016-04-11T07:07:12.000","2016-04-11T07:07:22.000","2016-04-11T07:10:37.000","2016-04-11T07:12:31.000",,,"Fire","2016-04-11T07:16:02.000","21ST AVE/SLOAT BLVD","San Francisco","94132","B08","19","7413","3","3","3","false","Alarm","1","TRUCK","1","8","7","Sunset/Parkside","161020556-T19","POINT (-122.47708 37.73462)","2024-02-05T03:27:52.000","2024-02-05T10:56:25.000","35"
"160940428","63","16037137","Medical Incident","2016-04-03T00:00:00.000","2016-04-02T00:00:00.000","2016-04-03T02:34:10.000","2016-04-03T02:34:56.000","2016-04-03T03:25:20.000","2016-04-03T03:25:20.000","2016-04-03T03:30:19.000",,,"Code 2 Transport","2016-04-03T03:30:48.000","MAIN ST/MISSION ST","San Francisco","94105","B03","35","2116","3","3","3","true","Potentially Life-Threatening","1","MEDIC","3","3","6","Financial District/South Beach","160940428-63","POINT (-122.39494 37.791843)","2024-02-05T03:27:52.000","2024-02-05T10:56:25.000","8"
"160921488","T01","16036418","Alarms","2016-04-01T00:00:00.000","2016-04-01T00:00:00.000","2016-04-01T12:02:26.000","2016-04-01T12:04:26.000","2016-04-01T12:04:34.000",,,,,"Fire","2016-04-01T12:05:16.000","ANGELOS ALY/JULIA ST/MISSION ST","San Francisco","94103","B02","36","2318","3","3","3","false","Alarm","1","TRUCK","3","2","6","South of Market","160921488-T01","POINT (-122.412415 37.778046)","2024-02-05T03:27:52.000","2024-02-05T10:56:25.000","34"
"160950086","E42","16037477","Medical Incident","2016-04-04T00:00:00.000","2016-04-03T00:00:00.000","2016-04-04T00:53:23.000","2016-04-04T00:53:40.000","2016-04-04T00:53:57.000","2016-04-04T00:56:07.000","2016-04-04T00:57:58.000",,,"Code 2 Transport","2016-04-04T01:12:00.000","HALE ST/BARNEVELD AVE","San Francisco","94134","B10","42","6362","3","3","3","true","Potentially Life-Threatening","1","ENGINE","1","10","9","Portola","160950086-E42","POINT (-122.40702 37.73262)","2024-02-05T03:27:52.000","2024-02-05T10:56:25.000","25"
"160941460","B06","16037235","Structure Fire / Smoke in Building","2016-04-03T00:00:00.000","2016-04-03T00:00:00.000","2016-04-03T11:12:26.000","2016-04-03T11:15:03.000","2016-04-03T11:15:51.000","2016-04-03T11:19:33.000",,,,"Fire","2016-04-03T11:21:47.000","DUBOCE AVE/NOE ST","San Francisco","94114","B05","06","5212","3","3","3","false","Alarm","1","CHIEF","6","5","8","Haight Ashbury","160941460-B06","POINT (-122.43357 37.769176)","2024-02-05T03:27:52.000","2024-02-05T10:56:25.000","5"
"160960292","E34","16037871","Medical Incident","2016-04-05T00:00:00.000","2016-04-04T00:00:00.000","2016-04-05T03:45:44.000","2016-04-05T03:46:56.000","2016-04-05T03:47:20.000","2016-04-05T03:49:03.000","2016-04-05T03:52:16.000",,,"Code 2 Transport","2016-04-05T03:57:07.000","34TH AVE/CABRILLO ST","San Francisco","94121","B07","34","7252","3","3","3","false","Potentially Life-Threatening","1","ENGINE","2","7","1","Outer Richmond","160960292-E34","POINT (-122.493965 37.773994)","2024-02-05T03:27:52.000","2024-02-05T10:56:25.000","29"
"160973544","E36","16038602","Citizen Assist / Service Call","2016-04-06T00:00:00.000","2016-04-06T00:00:00.000","2016-04-06T18:21:44.000","2016-04-06T18:22:47.000","2016-04-06T18:23:02.000","2016-04-06T18:31:38.000","2016-04-06T18:33:17.000",,,"Fire","2016-04-06T18:39:31.000","FOLSOM ST/DORE ST","San Francisco","94103","B02","36","2342","3","3","3","true","Alarm","1","ENGINE","1","2","6","South of Market","160973544-E36","POINT (-122.412224 37.773285)","2024-02-05T03:27:52.000","2024-02-05T10:56:25.000","34"
"161000309","52","16039594","Medical Incident","2016-04-09T00:00:00.000","2016-04-08T00:00:00.000","2016-04-09T02:13:59.000","2016-04-09T02:16:10.000","2016-04-09T02:16:57.000","2016-04-09T02:17:05.000",,,,"No Merit","2016-04-09T02:24:52.000","TOWNSEND ST/STANFORD ST","San Francisco","94107","B03","08","2154","3","3","3","true","Potentially Life-Threatening","1","MEDIC","2","3","6","Financial District/South Beach","161000309-52","POINT (-122.39107 37.78018)","2024-02-05T03:27:52.000","2024-02-05T10:56:25.000","8"
"160991929","E10","16039323","Structure Fire / Smoke in Building","2016-04-08T00:00:00.000","2016-04-08T00:00:00.000","2016-04-08T14:06:03.000","2016-04-08T14:06:03.000","2016-04-08T14:06:29.000","2016-04-08T14:07:20.000","2016-04-08T14:10:07.000",,,"Fire","2016-04-08T14:10:40.000","VALLEJO ST/LYON ST","San Francisco","94123","B04","10","4333","3","3","3","true","Alarm","1","ENGINE","1","4","2","Pacific Heights","160991929-E10","POINT (-122.44659 37.793766)","2024-02-05T03:27:52.000","2024-02-05T10:56:25.000","27"
"160983093","KM05","16039054","Medical Incident","2016-04-07T00:00:00.000","2016-04-07T00:00:00.000","2016-04-07T18:09:46.000","2016-04-07T18:11:21.000","2016-04-07T18:11:54.000","2016-04-07T18:12:35.000","2016-04-07T18:23:15.000","2016-04-07T18:39:11.000","2016-04-07T19:21:06.000","Code 2 Transport","2016-04-07T19:36:08.000","TOWNSEND ST/STANFORD ST","San Francisco","94107","B03","08","2154","3","3","3","false","Potentially Life-Threatening","1","PRIVATE","2","3","6","Financial District/South Beach","160983093-KM05","POINT (-122.39107 37.78018)","2024-02-05T03:27:52.000","2024-02-05T10:56:25.000","8"
"160983749","E12","16039116","Medical Incident","2016-04-07T00:00:00.000","2016-04-07T00:00:00.000","2016-04-07T21:31:23.000","2016-04-07T21:31:50.000","2016-04-07T21:32:25.000","2016-04-07T21:34:27.000",,,,"Code 2 Transport","2016-04-07T21:36:38.000","KIRKHAM ST/08TH AVE","San Francisco","94122","B08","22","7331","3","3","3","true","Non Life-threatening","1","ENGINE","3","8","5","Inner Sunset","160983749-E12","POINT (-122.46498 37.760357)","2024-02-05T03:27:52.000","2024-02-05T10:56:25.000","14"
"161041116","KM14","16041214","Medical Incident","2016-04-13T00:00:00.000","2016-04-13T00:00:00.000","2016-04-13T09:45:40.000","2016-04-13T09:48:26.000","2016-04-13T09:48:41.000","2016-04-13T09:49:14.000","2016-04-13T09:55:26.000",,,"Gone on Arrival","2016-04-13T09:56:25.000","FRANCISCO ST/FRANKLIN ST","San Francisco","94123","B04","16","3235","2","2","2","false","Potentially Life-Threatening","1","PRIVATE","2","4","2","Marina","161041116-KM14","POINT (-122.42657 37.802998)","2024-02-05T03:27:52.000","2024-02-05T10:56:25.000","13"
"160932465","E10","16036942","Outside Fire","2016-04-02T00:00:00.000","2016-04-02T00:00:00.000","2016-04-02T16:32:32.000","2016-04-02T16:32:57.000","2016-04-02T16:33:33.000","2016-04-02T16:37:03.000","2016-04-02T16:39:59.000",,,"Fire","2016-04-02T16:44:32.000","BAKER ST/GEARY BLVD/SAINT JOSEPHS AVE","San Francisco","94115","B05","10","4261","3","3","3","true","Fire","1","ENGINE","1","5","2","Presidio Heights","160932465-E10","POINT (-122.442795 37.782887)","2024-02-05T03:27:52.000","2024-02-05T10:56:25.000","31"
"160941967","KM04","16037274","Medical Incident","2016-04-03T00:00:00.000","2016-04-03T00:00:00.000","2016-04-03T13:47:20.000","2016-04-03T13:47:44.000","2016-04-03T13:48:50.000","2016-04-03T13:49:23.000","2016-04-03T13:54:33.000",,,"No Merit","2016-04-03T13:58:43.000","POST ST/SCOTT ST","San Francisco","94115","B04","10","4131","2","2","2","false","Non Life-threatening","1","PRIVATE","1","5","5","Japantown","160941967-KM04","POINT (-122.43802 37.78453)","2024-02-05T03:27:52.000","2024-02-05T10:56:25.000","15"
"160981637","E51","16038893","Medical Incident","2016-04-07T00:00:00.000","2016-04-07T00:00:00.000","2016-04-07T11:49:04.000","2016-04-07T11:49:37.000","2016-04-07T11:50:07.000","2016-04-07T11:50:42.000","2016-04-07T11:52:32.000",,,"Patient Declined Transport","2016-04-07T12:00:51.000","BUCHANAN ST/CHESTNUT ST","San Francisco","94123","B04","16","3445","3","3","3","true","Potentially Life-Threatening","1","ENGINE","1","4","2","Marina","160981637-E51","POINT (-122.43296 37.801235)","2024-02-05T03:27:52.000","2024-02-05T10:56:25.000","13"
"160940070","T05","16037099","Medical Incident","2016-04-03T00:00:00.000","2016-04-02T00:00:00.000","2016-04-03T00:19:34.000","2016-04-03T00:19:48.000","2016-04-03T00:20:08.000","2016-04-03T00:21:49.000","2016-04-03T00:34:16.000",,,"Code 2 Transport","2016-04-03T00:34:18.000","FILLMORE ST/TURK ST","San Francisco","94115","B05","05","3535","3","3","3","false","Potentially Life-Threatening","1","TRUCK","3","5","5","Western Addition","160940070-T05","POINT (-122.432144 37.780495)","2024-02-05T03:27:52.000","2024-02-05T10:56:25.000","39"
"161002016","71","16039807","Medical Incident","2016-04-09T00:00:00.000","2016-04-09T00:00:00.000","2016-04-09T15:20:53.000","2016-04-09T15:20:53.000","2016-04-09T15:21:14.000","2016-04-09T15:21:49.000",,,,"Cancelled","2016-04-09T15:27:45.000","03RD ST/25TH ST","San Francisco","94107","B10","25","2574","2","2","2","true","Non Life-threatening","1","MEDIC","1","10","10","Bayview Hunters Point","161002016-71","POINT (-122.38776 37.752834)","2024-02-05T03:27:52.000","2024-02-05T10:56:25.000","1"
"160961395","KM11","16037970","Traffic Collision","2016-04-05T00:00:00.000","2016-04-05T00:00:00.000","2016-04-05T11:14:38.000","2016-04-05T11:15:47.000","2016-04-05T11:16:06.000","2016-04-05T11:16:39.000","2016-04-05T11:24:54.000",,,"Patient Declined Transport","2016-04-05T12:07:48.000","INGALLS ST/OAKDALE AVE","San Francisco","94124","B10","17","6572","2","2","2","false","Non Life-threatening","1","PRIVATE","2","10","10","Bayview Hunters Point","160961395-KM11","POINT (-122.38289 37.730343)","2024-02-05T03:27:52.000","2024-02-05T10:56:25.000","1"
"160963104","T08","16038125","Medical Incident","2016-04-05T00:00:00.000","2016-04-05T00:00:00.000","2016-04-05T17:52:43.000","2016-04-05T17:54:03.000","2016-04-05T17:54:30.000",,,,,"No Merit","2016-04-05T17:56:05.000","GILBERT ST/BRYANT ST","San Francisco","94103","B03","08","0231","3","3","3","false","Potentially Life-Threatening","1","TRUCK","5","3","6","South of Market","160963104-T08","POINT (-122.40421 37.774704)","2024-02-05T03:27:52.000","2024-02-05T10:56:25.000","34"
"160993629","E36","16039477","Medical Incident","2016-04-08T00:00:00.000","2016-04-08T00:00:00.000","2016-04-08T21:21:58.000","2016-04-08T21:23:26.000","2016-04-08T21:23:48.000","2016-04-08T21:24:57.000","2016-04-08T21:27:09.000",,,"Code 2 Transport","2016-04-08T21:37:21.000","PAGE ST/BUCHANAN ST","San Francisco","94102","B02","36","3422","3","3","3","true","Potentially Life-Threatening","1","ENGINE","1","2","5","Hayes Valley","160993629-E36","POINT (-122.42736 37.773457)","2024-02-05T03:27:52.000","2024-02-05T10:56:25.000","9"
"160991155","E29","16039251","Medical Incident","2016-04-08T00:00:00.000","2016-04-08T00:00:00.000","2016-04-08T10:34:49.000","2016-04-08T10:35:55.000","2016-04-08T10:36:38.000","2016-04-08T10:36:54.000","2016-04-08T10:44:35.000",,,"Code 2 Transport","2016-04-08T10:58:02.000","BRYANT ST/15TH ST","San Francisco","94103","B02","29","5222","2","2","2","true","Non Life-threatening","1","ENGINE","2","2","10","Mission","160991155-E29","POINT (-122.41061 37.766903)","2024-02-05T03:27:52.000","2024-02-05T10:56:25.000","20"
"161040909","E40","16041203","Medical Incident","2016-04-13T00:00:00.000","2016-04-13T00:00:00.000","2016-04-13T08:45:18.000","2016-04-13T08:58:38.000","2016-04-13T08:58:47.000","2016-04-13T09:00:06.000","2016-04-13T09:08:08.000",,,"Patient Declined Transport","2016-04-13T09:16:25.000","20TH AVE/EUCALYPTUS DR","San Francisco","94132","B08","19","8731","2","2","2","false","Non Life-threatening","1","ENGINE","1","8","7","Lakeshore","161040909-E40","POINT (-122.47593 37.731102)","2024-02-05T03:27:52.000","2024-02-05T10:56:25.000","16"
"160972447","T07","16038466","Structure Fire / Smoke in Building","2016-04-06T00:00:00.000","2016-04-06T00:00:00.000","2016-04-06T14:35:41.000","2016-04-06T14:35:41.000","2016-04-06T14:35:48.000","2016-04-06T14:38:12.000",,,,"Fire","2016-04-06T14:38:28.000","ALABAMA ST/16TH ST","San Francisco","94110","B02","29","5241","3","3","3","false","Alarm","1","TRUCK","2","2","9","Mission","160972447-T07","POINT (-122.412415 37.76549)","2024-02-05T03:27:52.000","2024-02-05T10:56:25.000","20"
"161030988","B01","16040842","Alarms","2016-04-12T00:00:00.000","2016-04-12T00:00:00.000","2016-04-12T09:23:45.000","2016-04-12T09:25:38.000","2016-04-12T09:25:54.000","2016-04-12T09:29:02.000",,,,"Fire","2016-04-12T09:31:58.000","TAYLOR ST/JEFFERSON ST","San Francisco","94133","B01","28","1521","3","3","3","false","Alarm","1","CHIEF","2","1","3","North Beach","161030988-B01","POINT (-122.4158 37.808212)","2024-02-05T03:27:52.000","2024-02-05T10:56:25.000","23"
"160941245","RC1","16037216","Medical Incident","2016-04-03T00:00:00.000","2016-04-03T00:00:00.000","2016-04-03T10:17:42.000","2016-04-03T10:17:42.000","2016-04-03T10:17:42.000","2016-04-03T10:17:42.000","2016-04-03T10:17:42.000",,,"Other","2016-04-03T10:18:58.000","MCALLISTER ST/MARKET ST","San Francisco","94102","B01","01","2248","2","2","2","true","Non Life-threatening","1","RESCUE CAPTAIN","1","3","6","Tenderloin","160941245-RC1","POINT (-122.4117 37.781178)","2024-02-05T03:27:52.000","2024-02-05T10:56:25.000","36"
"161042806","T07","16041371","Structure Fire / Smoke in Building","2016-04-13T00:00:00.000","2016-04-13T00:00:00.000","2016-04-13T16:51:12.000","2016-04-13T16:51:12.000","2016-04-13T16:51:37.000","2016-04-13T16:52:36.000",,,,"Fire","2016-04-13T16:55:02.000","21ST ST/POTRERO AVE","San Francisco","94110","B10","07","2553","3","3","3","false","Alarm","1","TRUCK","2","10","10","Mission","161042806-T07","POINT (-122.4068 37.757763)","2024-02-05T03:27:52.000","2024-02-05T10:56:25.000","20"
"161022611","E35","16040623","Alarms","2016-04-11T00:00:00.000","2016-04-11T00:00:00.000","2016-04-11T16:05:10.000","2016-04-11T16:06:43.000","2016-04-11T16:06:58.000","2016-04-11T16:08:04.000","2016-04-11T16:11:39.000",,,"Fire","2016-04-11T16:35:19.000","TEHAMA ST/MALDEN ALY","San Francisco","94105","B03","01","2146","3","3","3","true","Alarm","1","ENGINE","1","3","6","Financial District/South Beach","161022611-E35","POINT (-122.39738 37.786594)","2024-02-05T03:27:52.000","2024-02-05T10:56:25.000","8"
"160981270","T09","16038853","Structure Fire / Smoke in Building","2016-04-07T00:00:00.000","2016-04-07T00:00:00.000","2016-04-07T10:08:41.000","2016-04-07T10:08:41.000","2016-04-07T10:09:29.000","2016-04-07T10:09:45.000","2016-04-07T10:11:34.000",,,"Fire","2016-04-07T10:22:34.000","PRECITA AVE/HARRISON ST","San Francisco","94110","B06","09","0562","3","3","3","false","Alarm","1","TRUCK","1","6","9","Bernal Heights","160981270-T09","POINT (-122.411385 37.7473)","2024-02-05T03:27:52.000","2024-02-05T10:56:25.000","2"
"160970223","E41","16038260","Structure Fire / Smoke in Building","2016-04-06T00:00:00.000","2016-04-05T00:00:00.000","2016-04-06T02:23:43.000","2016-04-06T02:24:27.000","2016-04-06T02:24:59.000","2016-04-06T02:25:56.000",,,,"Fire","2016-04-06T02:32:20.000","SUTTER ST/HYDE ST","San Francisco","94109","B04","03","1557","3","3","3","false","Alarm","1","ENGINE","10","4","3","Nob Hill","160970223-E41","POINT (-122.416824 37.788177)","2024-02-05T03:27:52.000","2024-02-05T10:56:25.000","21"
"160993995","AM20","16039526","Medical Incident","2016-04-08T00:00:00.000","2016-04-08T00:00:00.000","2016-04-08T23:16:07.000","2016-04-08T23:16:27.000","2016-04-08T23:17:11.000","2016-04-08T23:17:47.000","2016-04-08T23:27:38.000","2016-04-08T23:47:57.000","2016-04-09T00:15:11.000","Code 2 Transport","2016-04-09T00:55:56.000","ROLPH ST/MUNICH ST","San Francisco","94112","B09","43","6226","3","3","3","false","Potentially Life-Threatening","1","PRIVATE","2","9","11","Excelsior","160993995-AM20","POINT (-122.43343 37.71211)","2024-02-05T03:27:52.000","2024-02-05T10:56:25.000","7"
"160940892","64","16037190","Medical Incident","2016-04-03T00:00:00.000","2016-04-03T00:00:00.000","2016-04-03T08:01:40.000","2016-04-03T08:03:18.000","2016-04-03T08:03:43.000","2016-04-03T08:04:12.000","2016-04-03T08:14:47.000","2016-04-03T08:34:28.000","2016-04-03T08:49:00.000","Code 2 Transport","2016-04-03T09:39:50.000","ILLINOIS ST/MARIN ST","San Francisco","94124","B10","25","0980","2","2","2","true","Potentially Life-Threatening","1","MEDIC","1","10","10","Bayview Hunters Point","160940892-64","POINT (-122.38643 37.749065)","2024-02-05T03:27:52.000","2024-02-05T10:56:25.000","1"
"161013605","T17","16040363","Citizen Assist / Service Call","2016-04-10T00:00:00.000","2016-04-10T00:00:00.000","2016-04-10T23:28:20.000","2016-04-10T23:29:11.000","2016-04-10T23:29:34.000","2016-04-10T23:35:14.000","2016-04-10T23:43:59.000",,,"Fire","2016-04-10T23:55:57.000","PALOU AVE/INGALLS ST","San Francisco","94124","B10","17","6572","3","3","3","false","Alarm","1","TRUCK","1","10","10","Bayview Hunters Point","161013605-T17","POINT (-122.38343 37.729736)","2024-02-05T03:27:52.000","2024-02-05T10:56:25.000","1"
"161033530","88","16041045","Medical Incident","2016-04-12T00:00:00.000","2016-04-12T00:00:00.000","2016-04-12T19:21:07.000","2016-04-12T19:21:07.000","2016-04-12T19:21:14.000","2016-04-12T19:21:35.000","2016-04-12T19:26:23.000","2016-04-12T19:45:33.000","2016-04-12T19:48:54.000","Code 2 Transport","2016-04-12T20:20:37.000","POLK ST/POST ST","San Francisco","94109","B04","03","3121","2","2","2","true","Non Life-threatening","1","MEDIC","1","4","3","Tenderloin","161033530-88","POINT (-122.41993 37.786827)","2024-02-05T03:27:52.000","2024-02-05T10:56:25.000","36"
"161013155","64","16040322","Medical Incident","2016-04-10T00:00:00.000","2016-04-10T00:00:00.000","2016-04-10T20:30:25.000","2016-04-10T20:31:22.000","2016-04-10T20:31:45.000","2016-04-10T20:35:38.000","2016-04-10T20:41:49.000","2016-04-10T20:56:05.000","2016-04-10T21:19:20.000","Code 2 Transport","2016-04-10T21:47:35.000","SWEENY ST/PRINCETON ST","San Francisco","94134","B09","42","6354","3","3","3","true","Potentially Life-Threatening","1","MEDIC","2","9","9","Portola","161013155-64","POINT (-122.41624 37.730286)","2024-02-05T03:27:52.000","2024-02-05T10:56:25.000","25"
"160973944","E39","16038643","Medical Incident","2016-04-06T00:00:00.000","2016-04-06T00:00:00.000","2016-04-06T19:55:08.000","2016-04-06T19:56:41.000","2016-04-06T19:57:54.000","2016-04-06T19:59:46.000","2016-04-06T20:03:56.000",,,"Code 2 Transport","2016-04-06T20:17:30.000","BURNETT AVE/PEREGO TER","San Francisco","94131","B06","24","5282","3","3","3","true","Potentially Life-Threatening","1","ENGINE","2","6","8","Twin Peaks","160973944-E39","POINT (-122.44472 37.75096)","2024-02-05T03:27:52.000","2024-02-05T10:56:25.000","38"
"160973081","T05","16038539","Structure Fire / Smoke in Building","2016-04-06T00:00:00.000","2016-04-06T00:00:00.000","2016-04-06T16:48:54.000","2016-04-06T16:48:54.000","2016-04-06T16:50:26.000","2016-04-06T16:50:26.000",,,,"Fire","2016-04-06T16:52:55.000","EDDY ST/LAGUNA ST","San Francisco","94115","B02","05","3366","3","3","3","false","Alarm","1","TRUCK","4","2","5","Western Addition","160973081-T05","POINT (-122.4274 37.78206)","2024-02-05T03:27:52.000","2024-02-05T10:56:25.000","39"
"160962693","74","16038087","Medical Incident","2016-04-05T00:00:00.000","2016-04-05T00:00:00.000","2016-04-05T16:22:06.000","2016-04-05T16:23:39.000","2016-04-05T16:24:44.000","2016-04-05T16:25:20.000","2016-04-05T16:33:33.000","2016-04-05T16:51:30.000","2016-04-05T17:23:38.000","Code 2 Transport","2016-04-05T17:49:19.000","CALL BOX: FS TI","Treasure Isla","94130","B03","48","2931","3","3","3","true","Potentially Life-Threatening","1","MEDIC","2","None","6","Treasure Island","160962693-74","POINT (-122.371537519 37.822568226)","2024-02-05T03:27:52.000","2024-02-05T10:56:25.000","37"
"160923437","E04","16036605","Medical Incident","2016-04-01T00:00:00.000","2016-04-01T00:00:00.000","2016-04-01T20:53:17.000","2016-04-01T20:55:22.000","2016-04-01T20:55:37.000","2016-04-01T20:56:46.000","2016-04-01T20:59:04.000",,,"Code 2 Transport","2016-04-01T21:05:53.000","ILLINOIS ST/16TH ST","San Francisco","94158","B03","04","2374","3","3","3","false","Potentially Life-Threatening","1","ENGINE","1","3","6","Potrero Hill","160923437-E04","POINT (-122.38816 37.766956)","2024-02-05T03:27:52.000","2024-02-05T10:56:25.000","4"
"161001198","74","16039706","Medical Incident","2016-04-09T00:00:00.000","2016-04-09T00:00:00.000","2016-04-09T10:41:55.000","2016-04-09T10:43:59.000","2016-04-09T10:55:17.000","2016-04-09T10:55:17.000","2016-04-09T11:02:15.000","2016-04-09T11:10:36.000","2016-04-09T11:25:51.000","Code 2 Transport","2016-04-09T11:58:44.000","GIRARD ST/MANSELL ST","San Francisco","94134","B10","44","6277","3","3","3","true","Potentially Life-Threatening","1","MEDIC","2","10","9","Portola","161001198-74","POINT (-122.402054 37.72128)","2024-02-05T03:27:52.000","2024-02-05T10:56:25.000","25"
"161022793","E12","16040637","Medical Incident","2016-04-11T00:00:00.000","2016-04-11T00:00:00.000","2016-04-11T16:47:44.000","2016-04-11T16:47:44.000","2016-04-11T16:48:16.000","2016-04-11T16:50:23.000","2016-04-11T16:53:27.000",,,"Code 2 Transport","2016-04-11T17:07:08.000","CONSERVATORY DR EAST/CONSERVATORY DR/JOHN F KENNEDY DR","San Francisco","94122","B05","12","7743","3","3","3","true","Potentially Life-Threatening","1","ENGINE","1","7","1","Golden Gate Park","161022793-E12","POINT (-122.45684 37.770992)","2024-02-05T03:27:52.000","2024-02-05T10:56:25.000","12"
"160923437","76","16036605","Medical Incident","2016-04-01T00:00:00.000","2016-04-01T00:00:00.000","2016-04-01T20:53:17.000","2016-04-01T20:55:22.000","2016-04-01T20:55:37.000","2016-04-01T20:55:45.000","2016-04-01T21:00:07.000","2016-04-01T21:13:21.000","2016-04-01T21:25:47.000","Code 2 Transport","2016-04-01T21:52:24.000","ILLINOIS ST/16TH ST","San Francisco","94158","B03","04","2374","3","3","3","true","Potentially Life-Threatening","1","MEDIC","3","3","6","Potrero Hill","160923437-76","POINT (-122.38816 37.766956)","2024-02-05T03:27:52.000","2024-02-05T10:56:25.000","4"
"160921697","52","16036439","Traffic Collision","2016-04-01T00:00:00.000","2016-04-01T00:00:00.000","2016-04-01T13:04:13.000","2016-04-01T13:04:13.000","2016-04-01T13:04:55.000","2016-04-01T13:05:05.000","2016-04-01T13:12:45.000","2016-04-01T13:44:39.000","2016-04-01T14:25:24.000","Code 2 Transport","2016-04-01T15:08:01.000","BAY ST/HYDE ST","San Francisco","94109","B01","28","1614","2","2","2","true","Non Life-threatening","1","MEDIC","2","1","2","Russian Hill","160921697-52","POINT (-122.42018 37.80479)","2024-02-05T03:27:52.000","2024-02-05T10:56:25.000","32"
"160971646","AM04","16038389","Medical Incident","2016-04-06T00:00:00.000","2016-04-06T00:00:00.000","2016-04-06T11:40:21.000","2016-04-06T11:42:35.000","2016-04-06T11:42:43.000","2016-04-06T11:43:53.000","2016-04-06T11:47:48.000",,,"No Merit","2016-04-06T11:51:36.000","FULTON ST/06TH AVE","San Francisco","94122","B07","31","7132","3","3","3","false","Potentially Life-Threatening","1","PRIVATE","2","7","1","Inner Richmond","160971646-AM04","POINT (-122.46375 37.773624)","2024-02-05T03:27:52.000","2024-02-05T10:56:25.000","11"
"160941191","E28","16037210","Medical Incident","2016-04-03T00:00:00.000","2016-04-03T00:00:00.000","2016-04-03T10:00:00.000","2016-04-03T10:03:01.000","2016-04-03T10:19:04.000","2016-04-03T10:20:35.000","2016-04-03T10:22:09.000",,,"Code 2 Transport","2016-04-03T10:35:50.000","GREENWICH ST/CHILD ST","San Francisco","94133","B01","28","1335","2","3","3","false","Potentially Life-Threatening","1","ENGINE","2","1","3","North Beach","160941191-E28","POINT (-122.40742 37.80257)","2024-02-05T03:27:52.000","2024-02-05T10:56:25.000","23"
"160982836","E03","16039026","Smoke Investigation (Outside)","2016-04-07T00:00:00.000","2016-04-07T00:00:00.000","2016-04-07T16:55:52.000","2016-04-07T16:57:33.000","2016-04-07T16:58:46.000","2016-04-07T17:00:36.000","2016-04-07T17:02:05.000",,,"No Merit","2016-04-07T17:08:02.000","GEARY ST/HYDE ST","San Francisco","94109","B04","03","1556","3","3","3","true","Alarm","1","ENGINE","1","4","6","Tenderloin","160982836-E03","POINT (-122.41645 37.786312)","2024-02-05T03:27:52.000","2024-02-05T10:56:25.000","36"
"161024079","E03","16040736","Medical Incident","2016-04-11T00:00:00.000","2016-04-11T00:00:00.000","2016-04-11T22:56:37.000","2016-04-11T23:00:28.000","2016-04-11T23:01:04.000","2016-04-11T23:02:03.000","2016-04-11T23:04:16.000",,,"Unable to Locate","2016-04-11T23:07:08.000","MASON ST/DERBY ST","San Francisco","94102","B01","03","1411","E","E","3","true","Potentially Life-Threatening","1","ENGINE","2","1","3","Tenderloin","161024079-E03","POINT (-122.40993 37.78743)","2024-02-05T03:27:52.000","2024-02-05T10:56:25.000","36"
"161031156","E14","16040855","Medical Incident","2016-04-12T00:00:00.000","2016-04-12T00:00:00.000","2016-04-12T10:08:29.000","2016-04-12T10:08:29.000","2016-04-12T10:08:29.000","2016-04-12T10:08:29.000","2016-04-12T10:08:29.000",,,"Code 2 Transport","2016-04-12T10:34:09.000","48TH AVE/CABRILLO ST","San Francisco","94121","B07","34","7311","3","3","3","true","Non Life-threatening","1","ENGINE","1","7","1","Outer Richmond","161031156-E14","POINT (-122.50896 37.773308)","2024-02-05T03:27:52.000","2024-02-05T10:56:25.000","29"
"161032914","E14","16040988","Medical Incident","2016-04-12T00:00:00.000","2016-04-12T00:00:00.000","2016-04-12T16:58:37.000","2016-04-12T16:58:37.000","2016-04-12T17:00:01.000","2016-04-12T17:01:32.000","2016-04-12T17:03:49.000",,,"Code 2 Transport","2016-04-12T17:18:59.000","GEARY BLVD/19TH AVE","San Francisco","94121","B07","14","7172","3","3","3","true","Potentially Life-Threatening","1","ENGINE","1","7","1","Outer Richmond","161032914-E14","POINT (-122.4783 37.78038)","2024-02-05T03:27:52.000","2024-02-05T10:56:25.000","29"
"160960709","T06","16037919","Alarms","2016-04-05T00:00:00.000","2016-04-05T00:00:00.000","2016-04-05T08:21:00.000","2016-04-05T08:22:32.000","2016-04-05T08:22:41.000","2016-04-05T08:24:18.000","2016-04-05T08:27:52.000",,,"Fire","2016-04-05T08:33:23.000","WALLER ST/BUCHANAN ST","San Francisco","94102","B02","06","3421","3","3","3","false","Alarm","1","TRUCK","1","2","8","Hayes Valley","160960709-T06","POINT (-122.42697 37.77159)","2024-02-05T03:27:52.000","2024-02-05T10:56:25.000","9"
"161000247","KM06","16039585","Medical Incident","2016-04-09T00:00:00.000","2016-04-08T00:00:00.000","2016-04-09T01:42:12.000","2016-04-09T01:43:58.000","2016-04-09T01:46:16.000","2016-04-09T01:48:13.000","2016-04-09T01:56:19.000",,,"No Merit","2016-04-09T02:11:54.000","FILLMORE ST/DUBOCE AVE","San Francisco","94114","B02","06","3525","2","2","2","false","Potentially Life-Threatening","1","PRIVATE","1","2","8","Castro/Upper Market","161000247-KM06","POINT (-122.42991 37.76941)","2024-02-05T03:27:52.000","2024-02-05T10:56:25.000","9"
"160962669","AM08","16038083","Medical Incident","2016-04-05T00:00:00.000","2016-04-05T00:00:00.000","2016-04-05T16:18:33.000","2016-04-05T16:19:30.000","2016-04-05T16:19:47.000","2016-04-05T16:20:37.000","2016-04-05T16:26:14.000","2016-04-05T16:35:47.000","2016-04-05T16:50:42.000","Code 2 Transport","2016-04-05T17:23:33.000","GOLDEN GATE AVE/HYDE ST","San Francisco","94102","B02","03","1644","E","E","3","false","Potentially Life-Threatening","1","PRIVATE","2","2","6","Tenderloin","160962669-AM08","POINT (-122.415504 37.781654)","2024-02-05T03:27:52.000","2024-02-05T10:56:25.000","36"
"161020631","E38","16040442","Medical Incident","2016-04-11T00:00:00.000","2016-04-10T00:00:00.000","2016-04-11T07:34:21.000","2016-04-11T07:36:33.000","2016-04-11T07:38:29.000","2016-04-11T07:40:18.000",,,,"Code 2 Transport","2016-04-11T07:42:33.000","WEBSTER ST/GOLDEN GATE AVE","San Francisco","94115","B05","05","3516","2","2","2","false","Non Life-threatening","1","ENGINE","2","5","5","Western Addition","161020631-E38","POINT (-122.43024 37.77978)","2024-02-05T03:27:52.000","2024-02-05T10:56:25.000","39"
"161032584","B03","16040970","Structure Fire / Smoke in Building","2016-04-12T00:00:00.000","2016-04-12T00:00:00.000","2016-04-12T15:54:57.000","2016-04-12T15:55:23.000","2016-04-12T15:55:36.000","2016-04-12T15:59:14.000","2016-04-12T15:59:14.000",,,"Fire","2016-04-12T18:05:58.000","06TH ST/TEHAMA ST","San Francisco","94103","B03","01","2252","3","3","3","false","Fire","1","CHIEF","5","3","6","South of Market","161032584-B03","POINT (-122.40663 37.779316)","2024-02-05T03:27:52.000","2024-02-05T10:56:25.000","34"
"161002841","E11","16039898","Medical Incident","2016-04-09T00:00:00.000","2016-04-09T00:00:00.000","2016-04-09T19:34:36.000","2016-04-09T19:34:36.000","2016-04-09T19:34:55.000","2016-04-09T19:36:02.000","2016-04-09T19:37:53.000",,,"Code 2 Transport","2016-04-09T19:44:43.000","24TH ST/OSAGE ALY","San Francisco","94110","B06","11","5525","3","3","3","true","Potentially Life-Threatening","1","ENGINE","1","6","9","Mission","161002841-E11","POINT (-122.419014 37.752205)","2024-02-05T03:27:52.000","2024-02-05T10:56:25.000","20"
"160994055","76","16039535","Medical Incident","2016-04-08T00:00:00.000","2016-04-08T00:00:00.000","2016-04-08T23:33:13.000","2016-04-08T23:33:13.000","2016-04-08T23:34:42.000","2016-04-08T23:34:51.000","2016-04-08T23:39:27.000",,,"Fire","2016-04-08T23:41:33.000","PINE ST/OCTAVIA ST","San Francisco","94109","B04","38","3325","2","2","2","true","Non Life-threatening","1","MEDIC","2","4","5","Pacific Heights","160994055-76","POINT (-122.42706 37.788788)","2024-02-05T03:27:52.000","2024-02-05T10:56:25.000","30"
"160983827","68","16039123","Traffic Collision","2016-04-07T00:00:00.000","2016-04-07T00:00:00.000","2016-04-07T21:55:52.000","2016-04-07T21:55:52.000","2016-04-07T21:56:12.000","2016-04-07T21:56:23.000","2016-04-07T22:03:20.000","2016-04-07T22:21:27.000","2016-04-07T22:30:18.000","Code 2 Transport","2016-04-07T23:06:49.000","VAN NESS AVE/SUTTER ST","San Francisco","94109","B04","03","3161","2","2","2","true","Non Life-threatening","1","MEDIC","2","4","2","Nob Hill","160983827-68","POINT (-122.42176 37.787548)","2024-02-05T03:27:52.000","2024-02-05T10:56:25.000","39"
"161021672","E36","16040538","Medical Incident","2016-04-11T00:00:00.000","2016-04-11T00:00:00.000","2016-04-11T12:07:02.000","2016-04-11T12:07:02.000","2016-04-11T12:07:12.000",,,,,"Code 2 Transport","2016-04-11T12:07:52.000","EDDY ST/JONES ST","San Francisco","94102","B02","03","1540","3","3","3","true","Potentially Life-Threatening","1","ENGINE","3","2","6","Tenderloin","161021672-E36","POINT (-122.4126 37.78393)","2024-02-05T03:27:52.000","2024-02-05T10:56:25.000","36"
"160960389","E21","16037887","Medical Incident","2016-04-05T00:00:00.000","2016-04-04T00:00:00.000","2016-04-05T05:37:39.000","2016-04-05T05:39:06.000","2016-04-05T05:39:13.000","2016-04-05T05:40:38.000","2016-04-05T05:40:46.000",,,"Medical Examiner","2016-04-05T05:55:23.000","GROVE ST/BAKER ST","San Francisco","94117","B05","21","4253","E","E","3","false","Potentially Life-Threatening","1","ENGINE","1","5","5","Lone Mountain/USF","160960389-E21","POINT (-122.4413 37.775505)","2024-02-05T03:27:52.000","2024-02-05T10:56:25.000","9"
"160964231","63","16038234","Medical Incident","2016-04-05T00:00:00.000","2016-04-05T00:00:00.000","2016-04-05T23:48:22.000","2016-04-05T23:49:04.000","2016-04-05T23:49:22.000","2016-04-05T23:50:13.000","2016-04-06T00:02:25.000","2016-04-06T00:12:29.000","2016-04-06T00:42:59.000","Code 2 Transport","2016-04-06T00:56:38.000","GATEVIEW AVE/NORTHPOINT DR","Treasure Isla","94130","B03","48","2931","3","3","3","true","Potentially Life-Threatening","1","MEDIC","3","None","6","Treasure Island","160964231-63","POINT (-122.374596 37.82999)","2024-02-05T03:27:52.000","2024-02-05T10:56:25.000","37"
"161012507","E33","16040259","Medical Incident","2016-04-10T00:00:00.000","2016-04-10T00:00:00.000","2016-04-10T17:10:43.000","2016-04-10T17:11:49.000","2016-04-10T17:12:55.000","2016-04-10T17:13:34.000","2016-04-10T17:16:43.000",,,"Code 2 Transport","2016-04-10T17:33:30.000","JUNIPERO SERRA BLVD OFF RAMP/BROTHERHOOD WAY","San Francisco","94132","B08","33","8773","3","3","3","true","Potentially Life-Threatening","1","ENGINE","1","8","7","Lakeshore","161012507-E33","POINT (-122.47175 37.71268)","2024-02-05T03:27:52.000","2024-02-05T10:56:25.000","16"
"160973160","65","16038548","Medical Incident","2016-04-06T00:00:00.000","2016-04-06T00:00:00.000","2016-04-06T17:05:14.000","2016-04-06T17:05:59.000","2016-04-06T17:06:14.000","2016-04-06T17:07:19.000","2016-04-06T17:18:14.000","2016-04-06T17:40:13.000","2016-04-06T18:26:22.000","Code 2 Transport","2016-04-06T18:45:48.000","ELLIS ST/CYRIL MAGNIN ST","San Francisco","94102","B03","01","1366","3","3","3","true","Potentially Life-Threatening","1","MEDIC","3","3","3","Tenderloin","160973160-65","POINT (-122.40867 37.78539)","2024-02-05T03:27:52.000","2024-02-05T10:56:25.000","36"
"160974487","63","16038703","Medical Incident","2016-04-06T00:00:00.000","2016-04-06T00:00:00.000","2016-04-06T22:36:19.000","2016-04-06T22:36:19.000","2016-04-06T22:36:41.000","2016-04-06T22:36:53.000","2016-04-06T22:47:17.000","2016-04-06T23:16:45.000","2016-04-06T23:41:21.000","Code 2 Transport","2016-04-07T00:21:09.000","POWELL ST/OFARRELL ST","San Francisco","94102","B03","01","1363","2","2","2","true","Non Life-threatening","1","MEDIC","1","1","3","Tenderloin","160974487-63","POINT (-122.408035 37.78641)","2024-02-05T03:27:52.000","2024-02-05T10:56:25.000","8"
"160932757","85","16036970","Medical Incident","2016-04-02T00:00:00.000","2016-04-02T00:00:00.000","2016-04-02T17:45:19.000","2016-04-02T17:46:34.000","2016-04-02T17:55:51.000","2016-04-02T17:57:11.000",,,,"Code 2 Transport","2016-04-02T17:57:21.000","VISITACION AVE/LOEHR ST","San Francisco","94134","B09","44","6263","3","3","3","true","Potentially Life-Threatening","1","MEDIC","5","9","10","Visitacion Valley","160932757-85","POINT (-122.41344 37.712986)","2024-02-05T03:27:52.000","2024-02-05T10:56:25.000","40"
"161010069","60","16040006","Medical Incident","2016-04-10T00:00:00.000","2016-04-09T00:00:00.000","2016-04-10T00:21:19.000","2016-04-10T00:21:58.000","2016-04-10T00:22:15.000","2016-04-10T00:22:20.000","2016-04-10T00:36:16.000",,,"SFPD","2016-04-10T00:40:28.000","MARKET ST/POWELL ST","San Francisco","94103","B03","01","2209","2","2","2","true","Non Life-threatening","1","MEDIC","1","3","3","Financial District/South Beach","161010069-60","POINT (-122.40733 37.78456)","2024-02-05T03:27:52.000","2024-02-05T10:56:25.000","34"
"161030633","E18","16040812","Medical Incident","2016-04-12T00:00:00.000","2016-04-11T00:00:00.000","2016-04-12T07:34:50.000","2016-04-12T07:42:33.000","2016-04-12T07:42:49.000","2016-04-12T07:44:04.000","2016-04-12T07:48:07.000",,,"Medical Examiner","2016-04-12T07:56:23.000","24TH AVE/KIRKHAM ST","San Francisco","94122","B08","22","7453","E","E","3","true","Potentially Life-Threatening","1","ENGINE","3","8","4","Sunset/Parkside","161030633-E18","POINT (-122.48222 37.759594)","2024-02-05T03:27:52.000","2024-02-05T10:56:25.000","35"
"160983954","T06","16039134","Medical Incident","2016-04-07T00:00:00.000","2016-04-07T00:00:00.000","2016-04-07T22:41:29.000","2016-04-07T22:42:23.000","2016-04-07T22:42:45.000","2016-04-07T22:43:44.000","2016-04-07T22:47:13.000",,,"No Merit","2016-04-07T22:51:03.000","17TH ST/CASTRO ST/MARKET ST","San Francisco","94114","B05","06","5415","E","E","3","false","Potentially Life-Threatening","1","TRUCK","2","5","8","Castro/Upper Market","160983954-T06","POINT (-122.43519 37.762672)","2024-02-05T03:27:52.000","2024-02-05T10:56:25.000","5"
"160952403","76","16037677","Medical Incident","2016-04-04T00:00:00.000","2016-04-04T00:00:00.000","2016-04-04T15:16:56.000","2016-04-04T15:16:56.000","2016-04-04T15:18:12.000","2016-04-04T15:18:20.000","2016-04-04T15:21:29.000","2016-04-04T15:32:31.000","2016-04-04T15:49:25.000","Code 3 Transport","2016-04-04T16:36:43.000","RAMONA AVE/15TH ST","San Francisco","94103","B02","06","5227","A","E","3","true","Potentially Life-Threatening","1","MEDIC","1","2","8","Mission","160952403-76","POINT (-122.4252 37.76635)","2024-02-05T03:27:52.000","2024-02-05T10:56:25.000","20"
"160952814","76","16037714","Medical Incident","2016-04-04T00:00:00.000","2016-04-04T00:00:00.000","2016-04-04T16:52:40.000","2016-04-04T16:53:51.000","2016-04-04T16:55:25.000","2016-04-04T16:55:33.000","2016-04-04T17:00:51.000","2016-04-04T17:16:53.000","2016-04-04T17:29:29.000","Code 2 Transport","2016-04-04T18:03:24.000","SOUTH VAN NESS AVE/16TH ST","San Francisco","94110","B02","07","5246","3","3","3","true","Potentially Life-Threatening","1","MEDIC","2","2","9","Mission","160952814-76","POINT (-122.41749 37.765182)","2024-02-05T03:27:52.000","2024-02-05T10:56:25.000","20"
"161001849","KM06","16039792","Medical Incident","2016-04-09T00:00:00.000","2016-04-09T00:00:00.000","2016-04-09T14:23:07.000","2016-04-09T14:23:43.000","2016-04-09T14:30:36.000","2016-04-09T14:30:56.000",,,,"Cancelled","2016-04-09T14:37:20.000","LAGUNA ST/IVY ST","San Francisco","94102","B02","36","3413","2","2","2","false","Non Life-threatening","1","PRIVATE","1","2","5","Hayes Valley","161001849-KM06","POINT (-122.42636 37.77693)","2024-02-05T03:27:52.000","2024-02-05T10:56:25.000","9"
"161041267","AM10","16041227","Medical Incident","2016-04-13T00:00:00.000","2016-04-13T00:00:00.000","2016-04-13T10:25:29.000","2016-04-13T10:25:41.000","2016-04-13T10:26:24.000",,,,,"Code 2 Transport","2016-04-13T10:30:59.000","LEAVENWORTH ST/TURK ST","San Francisco","94102","B02","03","1554","3","3","3","false","Potentially Life-Threatening","1","PRIVATE","4","2","6","Tenderloin","161041267-AM10","POINT (-122.414055 37.782795)","2024-02-05T03:27:52.000","2024-02-05T10:56:25.000","36"
"161022084","B02","16040579","Alarms","2016-04-11T00:00:00.000","2016-04-11T00:00:00.000","2016-04-11T13:45:55.000","2016-04-11T13:48:50.000","2016-04-11T13:49:04.000","2016-04-11T13:52:26.000",,,,"Fire","2016-04-11T13:53:24.000","LEAVENWORTH ST/OFARRELL ST","San Francisco","94109","B04","03","1544","3","3","3","false","Alarm","1","CHIEF","2","2","6","Tenderloin","161022084-B02","POINT (-122.41462 37.785583)","2024-02-05T03:27:52.000","2024-02-05T10:56:25.000","36"
"160941802","88","16037259","Medical Incident","2016-04-03T00:00:00.000","2016-04-03T00:00:00.000","2016-04-03T12:55:20.000","2016-04-03T12:58:37.000","2016-04-03T12:59:18.000","2016-04-03T12:59:52.000","2016-04-03T13:21:26.000",,,"Patient Declined Transport","2016-04-03T13:58:37.000","FILLMORE ST/ELLIS ST","San Francisco","94115","B05","05","3536","2","2","2","true","Non Life-threatening","1","MEDIC","1","5","5","Western Addition","160941802-88","POINT (-122.43252 37.78235)","2024-02-05T03:27:52.000","2024-02-05T10:56:25.000","39"
"160973641","E06","16038616","Medical Incident","2016-04-06T00:00:00.000","2016-04-06T00:00:00.000","2016-04-06T18:45:37.000","2016-04-06T18:46:06.000","2016-04-06T18:47:08.000","2016-04-06T18:48:33.000","2016-04-06T18:49:42.000",,,"No Merit","2016-04-06T18:52:21.000","15TH ST/MARKET ST","San Francisco","94114","B05","06","5231","3","3","3","true","Potentially Life-Threatening","1","ENGINE","1","2","8","Castro/Upper Market","160973641-E06","POINT (-122.430824 37.766014)","2024-02-05T03:27:52.000","2024-02-05T10:56:25.000","5"
"161031292","E02","16040867","Medical Incident","2016-04-12T00:00:00.000","2016-04-12T00:00:00.000","2016-04-12T10:43:10.000","2016-04-12T10:43:32.000","2016-04-12T10:44:18.000","2016-04-12T10:45:02.000","2016-04-12T10:48:22.000",,,"Code 2 Transport","2016-04-12T11:02:46.000","BROADWAY/DIRK DIRKSEN PL","San Francisco","94133","B01","13","1231","3","3","3","true","Potentially Life-Threatening","1","ENGINE","1","1","3","North Beach","161031292-E02","POINT (-122.40468 37.79812)","2024-02-05T03:27:52.000","2024-02-05T10:56:25.000","23"
"161013433","E17","16040351","Medical Incident","2016-04-10T00:00:00.000","2016-04-10T00:00:00.000","2016-04-10T22:16:35.000","2016-04-10T22:18:04.000","2016-04-10T22:18:16.000","2016-04-10T22:20:50.000","2016-04-10T22:22:26.000",,,"Code 2 Transport","2016-04-10T22:39:59.000","OAKDALE AVE/BALDWIN CT","San Francisco","94124","B10","17","6647","3","3","3","true","Potentially Life-Threatening","1","ENGINE","1","10","10","Bayview Hunters Point","161013433-E17","POINT (-122.3814 37.72949)","2024-02-05T03:27:52.000","2024-02-05T10:56:25.000","1"
"161042376","T01","16041326","Alarms","2016-04-13T00:00:00.000","2016-04-13T00:00:00.000","2016-04-13T15:05:42.000","2016-04-13T15:06:53.000","2016-04-13T15:06:57.000","2016-04-13T15:08:59.000","2016-04-13T15:11:27.000",,,"Fire","2016-04-13T15:17:05.000","MISSION ST/10TH ST","San Francisco","94103","B02","36","2341","3","3","3","false","Alarm","1","TRUCK","2","2","6","South of Market","161042376-T01","POINT (-122.41591 37.775272)","2024-02-05T03:27:52.000","2024-02-05T10:56:25.000","34"
"161021133","53","16040488","Medical Incident","2016-04-11T00:00:00.000","2016-04-11T00:00:00.000","2016-04-11T09:47:54.000","2016-04-11T09:51:34.000","2016-04-11T10:19:36.000","2016-04-11T10:20:15.000","2016-04-11T10:38:33.000","2016-04-11T11:02:33.000","2016-04-11T11:24:01.000","Code 2 Transport","2016-04-11T12:10:01.000","STATE DR/LAKE MERCED BLVD","San Francisco","94132","B08","19","8855","3","3","3","true","Non Life-threatening","1","MEDIC","2","8","7","Lakeshore","161021133-53","POINT (-122.48463 37.72489)","2024-02-05T03:27:52.000","2024-02-05T10:56:25.000","16"
"161011138","61","16040140","Medical Incident","2016-04-10T00:00:00.000","2016-04-10T00:00:00.000","2016-04-10T10:07:45.000","2016-04-10T10:09:13.000","2016-04-10T10:09:57.000","2016-04-10T10:10:04.000","2016-04-10T10:19:15.000","2016-04-10T10:35:27.000","2016-04-10T10:35:12.000","Code 2 Transport","2016-04-10T11:13:49.000","HAIGHT ST/MASONIC AVE","San Francisco","94117","B05","21","4466","2","2","2","true","Non Life-threatening","1","MEDIC","1","5","5","Haight Ashbury","161011138-61","POINT (-122.44534 37.77021)","2024-02-05T03:27:52.000","2024-02-05T10:56:25.000","3"
"161010649","E03","16040080","Medical Incident","2016-04-10T00:00:00.000","2016-04-09T00:00:00.000","2016-04-10T05:05:59.000","2016-04-10T05:05:59.000","2016-04-10T05:08:07.000","2016-04-10T05:10:15.000","2016-04-10T05:10:54.000",,,"Code 2 Transport","2016-04-10T05:20:44.000","POLK ST/CEDAR ST","San Francisco","94109","B04","03","3121","3","3","3","true","Potentially Life-Threatening","1","ENGINE","1","4","6","Tenderloin","161010649-E03","POINT (-122.41983 37.786358)","2024-02-05T03:27:52.000","2024-02-05T10:56:25.000","36"
"161011128","E03","16040139","Medical Incident","2016-04-10T00:00:00.000","2016-04-10T00:00:00.000","2016-04-10T10:03:26.000","2016-04-10T10:03:43.000","2016-04-10T10:04:21.000","2016-04-10T10:04:59.000",,,,"Code 2 Transport","2016-04-10T10:11:22.000","EDDY ST/LARKIN ST","San Francisco","94109","B02","03","1643","3","3","3","true","Potentially Life-Threatening","1","ENGINE","2","2","6","Tenderloin","161011128-E03","POINT (-122.41753 37.78331)","2024-02-05T03:27:52.000","2024-02-05T10:56:25.000","36"
"160991775","B08","16039306","Alarms","2016-04-08T00:00:00.000","2016-04-08T00:00:00.000","2016-04-08T13:27:44.000","2016-04-08T13:29:21.000","2016-04-08T13:29:28.000","2016-04-08T13:31:09.000","2016-04-08T13:35:08.000",,,"Fire","2016-04-08T13:42:01.000","LINARES AVE/08TH AVE","San Francisco","94116","B08","40","7337","3","3","3","false","Alarm","1","CHIEF","1","8","7","West of Twin Peaks","160991775-B08","POINT (-122.46442 37.75232)","2024-02-05T03:27:52.000","2024-02-05T10:56:25.000","14"
"032320245","E18","03066522","Medical Incident","2003-08-20T00:00:00.000","2003-08-20T00:00:00.000","2003-08-20T14:23:27.000","2003-08-20T14:25:25.000","2003-08-20T14:26:00.000","2003-08-20T14:27:01.000","2003-08-20T14:29:20.000",,,"Other","2003-08-20T14:40:43.000","25TH AVE/NORIEGA ST","SF","94122","B08","18","7455","3","3","3","true",,"1","ENGINE","2","8","4","Sunset/Parkside","032320245-E18","POINT (-122.4829 37.753956)","2024-02-05T03:27:52.000","2024-02-05T10:56:25.000","35"
"160933439","E36","16037048","Medical Incident","2016-04-02T00:00:00.000","2016-04-02T00:00:00.000","2016-04-02T21:11:17.000","2016-04-02T21:12:03.000","2016-04-02T21:12:23.000","2016-04-02T21:14:37.000","2016-04-02T21:19:09.000",,,"Patient Declined Transport","2016-04-02T21:23:52.000","VAN NESS AVE/OAK ST","San Francisco","94102","B02","01","3219","E","E","3","true","Potentially Life-Threatening","1","ENGINE","2","2","6","Tenderloin","160933439-E36","POINT (-122.419395 37.77542)","2024-02-05T03:27:52.000","2024-02-05T10:56:25.000","36"
"160930230","KM09","16036689","Medical Incident","2016-04-02T00:00:00.000","2016-04-01T00:00:00.000","2016-04-02T01:32:45.000","2016-04-02T01:32:45.000","2016-04-02T01:33:12.000","2016-04-02T01:33:46.000","2016-04-02T01:40:35.000",,,"Gone on Arrival","2016-04-02T01:42:36.000","UNION ST/BUCHANAN ST","San Francisco","94123","B04","16","3443","2","2","2","false","Non Life-threatening","1","PRIVATE","1","4","2","Marina","160930230-KM09","POINT (-122.432205 37.79751)","2024-02-05T03:27:52.000","2024-02-05T10:56:25.000","13"
"160960263","B02","16037865","Alarms","2016-04-05T00:00:00.000","2016-04-04T00:00:00.000","2016-04-05T03:14:59.000","2016-04-05T03:16:07.000","2016-04-05T03:16:16.000","2016-04-05T03:19:18.000","2016-04-05T03:20:45.000",,,"Fire","2016-04-05T03:49:13.000","UNITED NATIONS PLZ/LEAVENWORTH ST","San Francisco","94102","B02","01","1551","3","3","3","false","Alarm","1","CHIEF","2","2","6","Tenderloin","160960263-B02","POINT (-122.41349 37.77999)","2024-02-05T03:27:52.000","2024-02-05T10:56:25.000","36"
"160943133","KM12","16037393","Medical Incident","2016-04-03T00:00:00.000","2016-04-03T00:00:00.000","2016-04-03T19:38:52.000","2016-04-03T19:39:46.000","2016-04-03T19:39:57.000","2016-04-03T19:40:29.000","2016-04-03T19:43:36.000","2016-04-03T19:54:06.000","2016-04-03T20:04:49.000","Code 2 Transport","2016-04-03T20:25:29.000","24TH ST/OSAGE ALY","San Francisco","94110","B06","11","5525","2","2","2","false","Non Life-threatening","1","PRIVATE","1","6","9","Mission","160943133-KM12","POINT (-122.419014 37.752205)","2024-02-05T03:27:52.000","2024-02-05T10:56:25.000","20"
"161003656","E18","16039994","Medical Incident","2016-04-09T00:00:00.000","2016-04-09T00:00:00.000","2016-04-09T23:25:45.000","2016-04-09T23:25:45.000","2016-04-09T23:25:56.000","2016-04-09T23:27:47.000","2016-04-09T23:30:20.000",,,"Against Medical Advice","2016-04-09T23:30:24.000","19TH AVE/NORIEGA ST","San Francisco","94122","B08","40","7431","3","3","3","true","Potentially Life-Threatening","1","ENGINE","2","8","7","Inner Sunset","161003656-E18","POINT (-122.476425 37.754242)","2024-02-05T03:27:52.000","2024-02-05T10:56:25.000","35"
"160980280","73","16038752","Medical Incident","2016-04-07T00:00:00.000","2016-04-06T00:00:00.000","2016-04-07T02:30:29.000","2016-04-07T02:30:29.000","2016-04-07T02:41:32.000","2016-04-07T02:41:32.000","2016-04-07T02:41:32.000","2016-04-07T03:30:25.000","2016-04-07T03:30:30.000","Code 2 Transport","2016-04-07T03:31:00.000","MARKET ST/RESERVOIR ST","San Francisco","94114","B02","06","5213","2","2","2","true","Non Life-threatening","1","MEDIC","2","2","8","Castro/Upper Market","160980280-73","POINT (-122.42746 37.768772)","2024-02-05T03:27:52.000","2024-02-05T10:56:25.000","5"
"161000817","T01","16039665","Structure Fire / Smoke in Building","2016-04-09T00:00:00.000","2016-04-09T00:00:00.000","2016-04-09T08:22:07.000","2016-04-09T08:22:34.000","2016-04-09T08:22:54.000","2016-04-09T08:24:42.000",,,,"Fire","2016-04-09T08:48:16.000","TAYLOR ST/EDDY ST","San Francisco","94102","B03","01","1453","3","3","3","false","Alarm","1","TRUCK","10","3","6","Tenderloin","161000817-T01","POINT (-122.41095 37.78414)","2024-02-05T03:27:52.000","2024-02-05T10:56:25.000","36"
"160961938","E31","16038028","Electrical Hazard","2016-04-05T00:00:00.000","2016-04-05T00:00:00.000","2016-04-05T13:24:11.000","2016-04-05T13:24:54.000","2016-04-05T13:25:48.000","2016-04-05T13:26:53.000","2016-04-05T13:29:56.000",,,"Fire","2016-04-05T13:35:16.000","CABRILLO ST/07TH AVE","San Francisco","94118","B07","31","7132","3","3","3","true","Alarm","1","ENGINE","1","7","1","Inner Richmond","160961938-E31","POINT (-122.46494 37.775322)","2024-02-05T03:27:52.000","2024-02-05T10:56:25.000","11"
"160974064","65","16038652","Medical Incident","2016-04-06T00:00:00.000","2016-04-06T00:00:00.000","2016-04-06T20:29:51.000","2016-04-06T20:29:51.000","2016-04-06T20:31:06.000","2016-04-06T20:31:12.000","2016-04-06T20:45:39.000",,,"Patient Declined Transport","2016-04-06T21:07:13.000","HAYES ST/LYON ST","San Francisco","94117","B05","21","4351","2","2","2","true","Non Life-threatening","1","MEDIC","1","5","5","Lone Mountain/USF","160974064-65","POINT (-122.44276 37.77436)","2024-02-05T03:27:52.000","2024-02-05T10:56:25.000","18"
"160993434","T12","16039458","Other","2016-04-08T00:00:00.000","2016-04-08T00:00:00.000","2016-04-08T20:21:19.000","2016-04-08T20:21:19.000","2016-04-08T20:21:34.000","2016-04-08T20:22:35.000","2016-04-08T20:25:30.000",,,"Fire","2016-04-08T20:56:20.000","COLE ST/OAK ST","San Francisco","94117","B05","12","4544","3","3","3","false","Alarm","1","TRUCK","1","5","5","Golden Gate Park","160993434-T12","POINT (-122.4506 37.77146)","2024-02-05T03:27:52.000","2024-02-05T10:56:25.000","12"
"160962212","54","16038047","Medical Incident","2016-04-05T00:00:00.000","2016-04-05T00:00:00.000","2016-04-05T14:28:33.000","2016-04-05T14:30:36.000","2016-04-05T14:30:49.000","2016-04-05T14:31:13.000","2016-04-05T14:33:10.000",,,"No Merit","2016-04-05T14:42:21.000","18TH AVE/GEARY BLVD","San Francisco","94121","B07","31","7161","3","3","3","true","Potentially Life-Threatening","1","MEDIC","1","7","1","Outer Richmond","160962212-54","POINT (-122.47724 37.78044)","2024-02-05T03:27:52.000","2024-02-05T10:56:25.000","29"
"160990868","E21","16039224","Medical Incident","2016-04-08T00:00:00.000","2016-04-08T00:00:00.000","2016-04-08T09:01:48.000","2016-04-08T09:04:13.000","2016-04-08T09:09:09.000","2016-04-08T09:11:05.000","2016-04-08T09:19:23.000",,,"SFPD","2016-04-08T09:21:50.000","STANYAN ST/MCALLISTER ST","San Francisco","94118","B07","21","4556","2","2","2","true","Non Life-threatening","1","ENGINE","1","5","1","Lone Mountain/USF","160990868-E21","POINT (-122.45485 37.775684)","2024-02-05T03:27:52.000","2024-02-05T10:56:25.000","18"
"160963820","B03","16038189","Alarms","2016-04-05T00:00:00.000","2016-04-05T00:00:00.000","2016-04-05T21:15:29.000","2016-04-05T21:16:40.000","2016-04-05T21:16:48.000","2016-04-05T21:18:41.000",,,,"Fire","2016-04-05T21:23:33.000","EL DORADO ST NORTH/EL DORADO ST/LONG BRIDGE ST","San Francisco","94158","B03","04","2264","3","3","3","false","Alarm","1","CHIEF","3","3","6","Mission Bay","160963820-B03","POINT (-122.39301 37.77222)","2024-02-05T03:27:52.000","2024-02-05T10:56:25.000","4"
"160960873","81","16037928","Medical Incident","2016-04-05T00:00:00.000","2016-04-05T00:00:00.000","2016-04-05T09:01:34.000","2016-04-05T09:05:24.000","2016-04-05T09:06:10.000","2016-04-05T09:07:00.000","2016-04-05T09:15:38.000","2016-04-05T09:20:56.000","2016-04-05T09:33:09.000","Code 2 Transport","2016-04-05T09:50:37.000","TURK ST/DODGE ST","San Francisco","94102","B02","03","1554","3","3","3","true","Potentially Life-Threatening","1","MEDIC","3","2","6","Tenderloin","160960873-81","POINT (-122.416985 37.78242)","2024-02-05T03:27:52.000","2024-02-05T10:56:25.000","36"
"160971656","E03","16038391","Medical Incident","2016-04-06T00:00:00.000","2016-04-06T00:00:00.000","2016-04-06T11:43:10.000","2016-04-06T11:44:53.000","2016-04-06T11:45:03.000","2016-04-06T11:46:28.000","2016-04-06T11:52:20.000",,,"Code 2 Transport","2016-04-06T11:52:58.000","GOLDEN GATE AVE/LEAVENWORTH ST","San Francisco","94102","B02","01","1546","2","2","2","true","Potentially Life-Threatening","1","ENGINE","2","2","6","Tenderloin","160971656-E03","POINT (-122.413864 37.781864)","2024-02-05T03:27:52.000","2024-02-05T10:56:25.000","36"
"160970926","RC1","16038329","Medical Incident","2016-04-06T00:00:00.000","2016-04-06T00:00:00.000","2016-04-06T08:57:12.000","2016-04-06T08:59:45.000","2016-04-06T09:04:20.000","2016-04-06T09:04:20.000","2016-04-06T09:06:15.000",,,"Code 2 Transport","2016-04-06T09:15:02.000","BATTERY ST/PINE ST","San Francisco","94111","B01","13","1167","2","3","3","true","Non Life-threatening","1","RESCUE CAPTAIN","2","1","3","Financial District/South Beach","160970926-RC1","POINT (-122.399765 37.79226)","2024-02-05T03:27:52.000","2024-02-05T10:56:25.000","8"
"161021737","E05","16040546","Medical Incident","2016-04-11T00:00:00.000","2016-04-11T00:00:00.000","2016-04-11T12:21:57.000","2016-04-11T12:21:57.000","2016-04-11T12:26:13.000","2016-04-11T12:27:18.000","2016-04-11T12:29:58.000",,,"Fire","2016-04-11T12:40:23.000","EDDY ST/GOUGH ST","San Francisco","94109","B02","05","3262","2","2","2","true","Non Life-threatening","1","ENGINE","1","2","5","Western Addition","161021737-E05","POINT (-122.42411 37.78248)","2024-02-05T03:27:52.000","2024-02-05T10:56:25.000","39"
"160971178","E38","16038352","Medical Incident","2016-04-06T00:00:00.000","2016-04-06T00:00:00.000","2016-04-06T09:54:00.000","2016-04-06T09:54:31.000","2016-04-06T09:57:17.000","2016-04-06T09:57:17.000","2016-04-06T09:58:03.000",,,"Code 3 Transport","2016-04-06T10:39:26.000","FILBERT ST/LARKIN ST","San Francisco","94109","B01","41","1626","2","2","2","false","Potentially Life-Threatening","1","ENGINE","1","1","2","Russian Hill","160971178-E38","POINT (-122.42088 37.799904)","2024-02-05T03:27:52.000","2024-02-05T10:56:25.000","32"
"160930291","T03","16036697","Structure Fire / Smoke in Building","2016-04-02T00:00:00.000","2016-04-01T00:00:00.000","2016-04-02T02:01:33.000","2016-04-02T02:01:33.000","2016-04-02T02:02:20.000","2016-04-02T02:04:46.000",,,,"Code 2 Transport","2016-04-02T02:06:41.000","08TH ST/GROVE ST/HYDE ST/MARKET ST","San Francisco","94103","B02","36","1552","3","3","3","false","Alarm","1","TRUCK","3","2","6","Tenderloin","160930291-T03","POINT (-122.41474 37.77872)","2024-02-05T03:27:52.000","2024-02-05T10:56:25.000","34"
"160963820","E04","16038189","Alarms","2016-04-05T00:00:00.000","2016-04-05T00:00:00.000","2016-04-05T21:15:29.000","2016-04-05T21:16:40.000","2016-04-05T21:16:48.000","2016-04-05T21:18:20.000","2016-04-05T21:19:25.000",,,"Fire","2016-04-05T21:34:58.000","EL DORADO ST NORTH/EL DORADO ST/LONG BRIDGE ST","San Francisco","94158","B03","04","2264","3","3","3","false","Alarm","1","ENGINE","2","3","6","Mission Bay","160963820-E04","POINT (-122.39301 37.77222)","2024-02-05T03:27:52.000","2024-02-05T10:56:25.000","4"
"161043369","AM08","16041420","Medical Incident","2016-04-13T00:00:00.000","2016-04-13T00:00:00.000","2016-04-13T19:04:58.000","2016-04-13T19:05:11.000","2016-04-13T19:05:34.000","2016-04-13T19:06:31.000","2016-04-13T19:09:40.000","2016-04-13T19:35:08.000","2016-04-13T19:49:53.000","Code 2 Transport","2016-04-13T20:20:23.000","16TH AVE/CALIFORNIA ST","San Francisco","94118","B07","31","7152","3","3","3","false","Potentially Life-Threatening","1","PRIVATE","2","7","1","Outer Richmond","161043369-AM08","POINT (-122.47537 37.78432)","2024-02-05T03:27:52.000","2024-02-05T10:56:25.000","29"
"161041880","AM10","16041285","Medical Incident","2016-04-13T00:00:00.000","2016-04-13T00:00:00.000","2016-04-13T12:55:41.000","2016-04-13T12:56:03.000","2016-04-13T12:56:16.000","2016-04-13T12:57:11.000","2016-04-13T13:01:33.000",,,"Against Medical Advice","2016-04-13T13:40:49.000","STANFORD ST/BRANNAN ST","San Francisco","94107","B03","08","2153","3","3","3","false","Potentially Life-Threatening","1","PRIVATE","2","3","6","Financial District/South Beach","161041880-AM10","POINT (-122.39262 37.78142)","2024-02-05T03:27:52.000","2024-02-05T10:56:25.000","8"
"160980418","72","16038773","Medical Incident","2016-04-07T00:00:00.000","2016-04-06T00:00:00.000","2016-04-07T03:57:32.000","2016-04-07T03:59:06.000","2016-04-07T03:59:15.000","2016-04-07T04:00:19.000","2016-04-07T04:03:02.000","2016-04-07T04:22:53.000","2016-04-07T04:32:30.000","Code 3 Transport","2016-04-07T05:41:07.000","GEARY ST/LEAVENWORTH ST","San Francisco","94109","B04","03","1556","2","2","2","true","Non Life-threatening","1","MEDIC","1","4","6","Tenderloin","160980418-72","POINT (-122.41481 37.78652)","2024-02-05T03:27:52.000","2024-02-05T10:56:25.000","36"
"160962204","AM08","16038045","Medical Incident","2016-04-05T00:00:00.000","2016-04-05T00:00:00.000","2016-04-05T14:29:14.000","2016-04-05T14:29:14.000","2016-04-05T14:29:40.000","2016-04-05T14:30:23.000","2016-04-05T14:38:14.000",,,"SFPD","2016-04-05T14:45:23.000","JULIA ST/MINNA ST","San Francisco","94103","B03","01","2314","2","2","2","false","Non Life-threatening","1","PRIVATE","1","2","6","South of Market","160962204-AM08","POINT (-122.41187 37.77762)","2024-02-05T03:27:52.000","2024-02-05T10:56:25.000","34"
"161010598","KM09","16040073","Medical Incident","2016-04-10T00:00:00.000","2016-04-09T00:00:00.000","2016-04-10T04:18:57.000","2016-04-10T04:18:57.000","2016-04-10T04:19:09.000","2016-04-10T04:19:47.000",,,,"SFPD","2016-04-10T04:22:34.000","POWELL ST/OFARRELL ST","San Francisco","94102","B03","01","1363","3","3","3","false","Potentially Life-Threatening","1","PRIVATE","1","1","3","Tenderloin","161010598-KM09","POINT (-122.408035 37.78641)","2024-02-05T03:27:52.000","2024-02-05T10:56:25.000","8"
"160922170","E05","16036481","Medical Incident","2016-04-01T00:00:00.000","2016-04-01T00:00:00.000","2016-04-01T15:10:14.000","2016-04-01T15:10:45.000","2016-04-01T15:11:19.000","2016-04-01T15:12:16.000","2016-04-01T15:13:59.000",,,"Code 3 Transport","2016-04-01T15:48:06.000","PIERCE ST/MCALLISTER ST","San Francisco","94115","B05","05","3642","3","3","3","true","Potentially Life-Threatening","1","ENGINE","1","5","5","Western Addition","160922170-E05","POINT (-122.43505 37.778214)","2024-02-05T03:27:52.000","2024-02-05T10:56:25.000","39"
"160980362","88","16038765","Medical Incident","2016-04-07T00:00:00.000","2016-04-06T00:00:00.000","2016-04-07T03:15:54.000","2016-04-07T03:20:42.000","2016-04-07T03:23:37.000","2016-04-07T03:23:48.000","2016-04-07T03:29:27.000","2016-04-07T03:35:58.000","2016-04-07T03:42:33.000","Code 2 Transport","2016-04-07T04:01:43.000","MARKET ST/11TH ST","San Francisco","94103","B02","36","5117","2","2","2","true","Non Life-threatening","1","MEDIC","1","2","6","South of Market","160980362-88","POINT (-122.418655 37.77556)","2024-02-05T03:27:52.000","2024-02-05T10:56:25.000","34"
"161030263","E09","16040776","Medical Incident","2016-04-12T00:00:00.000","2016-04-11T00:00:00.000","2016-04-12T02:59:02.000","2016-04-12T02:59:49.000","2016-04-12T03:00:01.000","2016-04-12T03:02:53.000","2016-04-12T03:05:59.000",,,"Code 2 Transport","2016-04-12T03:13:07.000","PHELPS ST/MCKINNON AVE","San Francisco","94124","B10","25","6455","3","3","3","true","Potentially Life-Threatening","1","ENGINE","2","10","10","Bayview Hunters Point","161030263-E09","POINT (-122.39297 37.73796)","2024-02-05T03:27:52.000","2024-02-05T10:56:25.000","1"
"160953100","62","16037740","Medical Incident","2016-04-04T00:00:00.000","2016-04-04T00:00:00.000","2016-04-04T18:06:55.000","2016-04-04T18:07:59.000","2016-04-04T18:12:17.000","2016-04-04T18:12:25.000","2016-04-04T18:18:28.000","2016-04-04T18:30:09.000","2016-04-04T18:44:34.000","Code 2 Transport","2016-04-04T19:06:47.000","MCALLISTER ST/LARKIN ST","San Francisco","94102","B02","01","1551","3","3","3","true","Potentially Life-Threatening","1","MEDIC","2","2","6","Tenderloin","160953100-62","POINT (-122.41695 37.78047)","2024-02-05T03:27:52.000","2024-02-05T10:56:25.000","36"
"161000817","71","16039665","Structure Fire / Smoke in Building","2016-04-09T00:00:00.000","2016-04-09T00:00:00.000","2016-04-09T08:22:07.000","2016-04-09T08:22:34.000","2016-04-09T08:22:54.000","2016-04-09T08:23:10.000","2016-04-09T08:30:10.000",,,"Fire","2016-04-09T08:32:22.000","TAYLOR ST/EDDY ST","San Francisco","94102","B03","01","1453","3","3","3","true","Alarm","1","MEDIC","9","3","6","Tenderloin","161000817-71","POINT (-122.41095 37.78414)","2024-02-05T03:27:52.000","2024-02-05T10:56:25.000","36"
"160993878","E42","16039512","Medical Incident","2016-04-08T00:00:00.000","2016-04-08T00:00:00.000","2016-04-08T22:39:45.000","2016-04-08T22:39:57.000","2016-04-08T22:40:25.000","2016-04-08T22:42:02.000","2016-04-08T22:43:13.000",,,"Code 2 Transport","2016-04-08T23:09:09.000","ELMIRA ST/AUGUSTA ST","San Francisco","94124","B10","42","6364","2","2","2","true","Non Life-threatening","1","ENGINE","1","10","10","Bayview Hunters Point","160993878-E42","POINT (-122.40358 37.7344)","2024-02-05T03:27:52.000","2024-02-05T10:56:25.000","1"
"160954006","E05","16037817","Alarms","2016-04-04T00:00:00.000","2016-04-04T00:00:00.000","2016-04-04T22:34:50.000","2016-04-04T22:37:39.000","2016-04-04T22:37:59.000","2016-04-04T22:39:04.000","2016-04-04T22:40:11.000",,,"Fire","2016-04-04T22:55:24.000","FRANKLIN ST/GOLDEN GATE AVE","San Francisco","94102","B02","05","0326","3","3","3","true","Alarm","1","ENGINE","1","2","5","Western Addition","160954006-E05","POINT (-122.42209 37.780823)","2024-02-05T03:27:52.000","2024-02-05T10:56:25.000","39"
"161043175","E12","16041405","Medical Incident","2016-04-13T00:00:00.000","2016-04-13T00:00:00.000","2016-04-13T18:13:36.000","2016-04-13T18:14:01.000","2016-04-13T18:14:32.000","2016-04-13T18:16:03.000","2016-04-13T18:18:49.000",,,"Code 2 Transport","2016-04-13T18:32:59.000","URANUS TER/DEMING ST","San Francisco","94114","B05","24","5265","3","3","3","true","Potentially Life-Threatening","1","ENGINE","2","5","8","Castro/Upper Market","161043175-E12","POINT (-122.44531 37.76048)","2024-02-05T03:27:52.000","2024-02-05T10:56:25.000","5"
"161022042","E05","16040573","Medical Incident","2016-04-11T00:00:00.000","2016-04-11T00:00:00.000","2016-04-11T13:36:09.000","2016-04-11T13:37:20.000","2016-04-11T13:37:33.000","2016-04-11T13:38:14.000","2016-04-11T13:44:00.000",,,"Code 2 Transport","2016-04-11T13:47:58.000","CHURCH ST/DUBOCE AVE","San Francisco","94114","B02","06","3525","2","2","2","true","Non Life-threatening","1","ENGINE","2","2","8","Hayes Valley","161022042-E05","POINT (-122.42913 37.769455)","2024-02-05T03:27:52.000","2024-02-05T10:56:25.000","5"
"160971248","E08","16038358","Medical Incident","2016-04-06T00:00:00.000","2016-04-06T00:00:00.000","2016-04-06T10:06:07.000","2016-04-06T10:10:43.000","2016-04-06T10:11:15.000","2016-04-06T10:12:16.000","2016-04-06T10:15:48.000",,,"Code 2 Transport","2016-04-06T10:31:32.000","04TH ST/MINNA ST","San Francisco","94103","B03","01","2178","3","3","3","true","Potentially Life-Threatening","1","ENGINE","1","3","6","Financial District/South Beach","160971248-E08","POINT (-122.40371 37.784046)","2024-02-05T03:27:52.000","2024-02-05T10:56:25.000","8"
"160960372","78","16037885","Medical Incident","2016-04-05T00:00:00.000","2016-04-04T00:00:00.000","2016-04-05T05:10:28.000","2016-04-05T05:11:53.000","2016-04-05T05:12:00.000","2016-04-05T05:12:08.000","2016-04-05T05:19:03.000","2016-04-05T05:31:09.000","2016-04-05T05:46:33.000","Code 2 Transport","2016-04-05T05:59:06.000","LAGUNA ST/GOLDEN GATE AVE","San Francisco","94102","B02","05","3411","2","2","2","true","Non Life-threatening","1","MEDIC","1","2","5","Western Addition","160960372-78","POINT (-122.42702 37.780193)","2024-02-05T03:27:52.000","2024-02-05T10:56:25.000","39"
"160982501","E29","16038987","Medical Incident","2016-04-07T00:00:00.000","2016-04-07T00:00:00.000","2016-04-07T15:28:12.000","2016-04-07T15:30:17.000","2016-04-07T15:31:45.000","2016-04-07T15:32:35.000","2016-04-07T15:35:29.000",,,"Code 2 Transport","2016-04-07T15:50:59.000","20TH ST/CONNECTICUT ST","San Francisco","94107","B10","37","2523","3","3","3","true","Potentially Life-Threatening","1","ENGINE","1","10","10","Potrero Hill","160982501-E29","POINT (-122.39725 37.759968)","2024-02-05T03:27:52.000","2024-02-05T10:56:25.000","26"
"160941627","E32","16037248","Medical Incident","2016-04-03T00:00:00.000","2016-04-03T00:00:00.000","2016-04-03T11:57:54.000","2016-04-03T11:58:47.000","2016-04-03T11:59:11.000","2016-04-03T12:00:03.000","2016-04-03T12:01:49.000",,,"Code 2 Transport","2016-04-03T12:19:31.000","COLERIDGE ST/CORTLAND AVE","San Francisco","94110","B06","32","5626","3","3","3","false","Potentially Life-Threatening","1","ENGINE","1","6","9","Bernal Heights","160941627-E32","POINT (-122.421745 37.74058)","2024-02-05T03:27:52.000","2024-02-05T10:56:25.000","2"
"161023767","E44","16040712","Structure Fire / Smoke in Building","2016-04-11T00:00:00.000","2016-04-11T00:00:00.000","2016-04-11T21:21:10.000","2016-04-11T21:22:18.000","2016-04-11T21:22:41.000","2016-04-11T21:24:53.000","2016-04-11T21:27:09.000",,,"Fire","2016-04-11T22:04:37.000","BLYTHDALE AVE/BROOKDALE AVE","San Francisco","94134","B09","43","6241","3","A","2","true","Alarm","1","ENGINE","1","9","10","Visitacion Valley","161023767-E44","POINT (-122.42224 37.711315)","2024-02-05T03:27:52.000","2024-02-05T10:56:25.000","40"
"161024172","KM03","16040742","Medical Incident","2016-04-11T00:00:00.000","2016-04-11T00:00:00.000","2016-04-11T23:32:50.000","2016-04-11T23:34:12.000","2016-04-11T23:34:33.000","2016-04-11T23:35:09.000","2016-04-11T23:36:57.000","2016-04-11T23:43:09.000",,"Code 2 Transport","2016-04-12T00:20:50.000","24TH ST/POTRERO AVE","San Francisco","94110","B10","37","2552","2","2","2","false","Non Life-threatening","1","PRIVATE","1","10","9","Mission","161024172-KM03","POINT (-122.406334 37.753002)","2024-02-05T03:27:52.000","2024-02-05T10:56:25.000","20"
"161012107","E23","16040221","Traffic Collision","2016-04-10T00:00:00.000","2016-04-10T00:00:00.000","2016-04-10T15:04:02.000","2016-04-10T15:04:02.000","2016-04-10T15:04:51.000","2016-04-10T15:06:14.000","2016-04-10T15:07:54.000",,,"Patient Declined Transport","2016-04-10T15:31:09.000","47TH AVE/KIRKHAM ST","San Francisco","94122","B08","23","7717","2","2","2","false","Non Life-threatening","1","ENGINE","1","8","4","Sunset/Parkside","161012107-E23","POINT (-122.50687 37.758514)","2024-02-05T03:27:52.000","2024-02-05T10:56:25.000","35"
"161010499","71","16040056","Medical Incident","2016-04-10T00:00:00.000","2016-04-09T00:00:00.000","2016-04-10T03:10:41.000","2016-04-10T03:12:48.000","2016-04-10T03:27:01.000","2016-04-10T03:27:01.000",,,,"Fire","2016-04-10T03:35:29.000","BROOKDALE AVE/SANTOS ST","San Francisco","94134","B09","43","6244","2","2","2","true","Non Life-threatening","1","MEDIC","3","9","10","Visitacion Valley","161010499-71","POINT (-122.41876 37.711933)","2024-02-05T03:27:52.000","2024-02-05T10:56:25.000","40"
"161011756","T03","16040197","Alarms","2016-04-10T00:00:00.000","2016-04-10T00:00:00.000","2016-04-10T13:16:57.000","2016-04-10T13:18:24.000","2016-04-10T13:18:35.000","2016-04-10T13:20:20.000","2016-04-10T13:21:55.000",,,"Fire","2016-04-10T13:28:23.000","VAN NESS AVE/CALIFORNIA ST","San Francisco","94109","B04","38","3155","3","3","3","false","Alarm","1","TRUCK","3","4","2","Nob Hill","161011756-T03","POINT (-122.42233 37.79037)","2024-02-05T03:27:52.000","2024-02-05T10:56:25.000","30"
"161023767","T15","16040712","Structure Fire / Smoke in Building","2016-04-11T00:00:00.000","2016-04-11T00:00:00.000","2016-04-11T21:21:10.000","2016-04-11T21:22:18.000","2016-04-11T21:22:41.000","2016-04-11T21:23:59.000","2016-04-11T21:28:48.000",,,"Fire","2016-04-11T21:49:10.000","BLYTHDALE AVE/BROOKDALE AVE","San Francisco","94134","B09","43","6241","3","A","2","false","Alarm","1","TRUCK","5","9","10","Visitacion Valley","161023767-T15","POINT (-122.42224 37.711315)","2024-02-05T03:27:52.000","2024-02-05T10:56:25.000","40"
"160992725","BE1","16039399","Medical Incident","2016-04-08T00:00:00.000","2016-04-08T00:00:00.000","2016-04-08T17:19:17.000","2016-04-08T17:19:17.000","2016-04-08T17:29:38.000","2016-04-08T17:29:38.000",,,,"Code 2 Transport","2016-04-08T20:16:08.000","TRUMBULL ST/CONGDON ST","San Francisco","94112","B09","32","8263","3","3","3","false","Potentially Life-Threatening","1","SUPPORT","10","9","11","Excelsior","160992725-BE1","POINT (-122.42615 37.73088)","2024-02-05T03:27:52.000","2024-02-05T10:56:25.000","7"
"161002428","T15","16039857","Structure Fire / Smoke in Building","2016-04-09T00:00:00.000","2016-04-09T00:00:00.000","2016-04-09T17:21:31.000","2016-04-09T17:23:43.000","2016-04-09T17:23:54.000","2016-04-09T17:25:15.000",,,,"Fire","2016-04-09T17:40:06.000","GARCES DR/GONZALEZ DR","San Francisco","94132","B08","19","8774","3","3","3","false","Alarm","1","TRUCK","5","8","7","Lakeshore","161002428-T15","POINT (-122.47843 37.71591)","2024-02-05T03:27:52.000","2024-02-05T10:56:25.000","16"
"161023596","E05","16040699","Medical Incident","2016-04-11T00:00:00.000","2016-04-11T00:00:00.000","2016-04-11T20:21:18.000","2016-04-11T20:21:36.000","2016-04-11T20:21:52.000","2016-04-11T20:22:08.000","2016-04-11T20:23:33.000",,,"Code 2 Transport","2016-04-11T20:41:01.000","MCALLISTER ST/SCOTT ST","San Francisco","94115","B05","05","3642","3","3","3","true","Potentially Life-Threatening","1","ENGINE","1","5","5","Western Addition","161023596-E05","POINT (-122.4367 37.778008)","2024-02-05T03:27:52.000","2024-02-05T10:56:25.000","39"
"160971707","E03","16038397","Medical Incident","2016-04-06T00:00:00.000","2016-04-06T00:00:00.000","2016-04-06T11:54:43.000","2016-04-06T11:55:55.000","2016-04-06T11:56:19.000","2016-04-06T11:56:29.000",,,,"Code 2 Transport","2016-04-06T12:21:09.000","STOCKTON ST/GEARY ST","San Francisco","94108","B01","01","1323","2","2","2","true","Non Life-threatening","1","ENGINE","3","1","3","Financial District/South Beach","160971707-E03","POINT (-122.40659 37.787567)","2024-02-05T03:27:52.000","2024-02-05T10:56:25.000","8"
"160942378","70","16037317","Medical Incident","2016-04-03T00:00:00.000","2016-04-03T00:00:00.000","2016-04-03T15:43:26.000","2016-04-03T15:45:51.000","2016-04-03T15:46:37.000","2016-04-03T15:46:44.000","2016-04-03T15:54:30.000","2016-04-03T16:03:43.000","2016-04-03T16:10:43.000","Code 2 Transport","2016-04-03T16:29:01.000","WEBSTER ST/GOLDEN GATE AVE","San Francisco","94115","B05","05","3516","2","3","3","true","Potentially Life-Threatening","1","MEDIC","2","5","5","Western Addition","160942378-70","POINT (-122.43024 37.77978)","2024-02-05T03:27:52.000","2024-02-05T10:56:25.000","39"
"160930030","E07","16036670","Medical Incident","2016-04-02T00:00:00.000","2016-04-01T00:00:00.000","2016-04-02T00:10:57.000","2016-04-02T00:11:59.000","2016-04-02T00:12:20.000","2016-04-02T00:13:51.000","2016-04-02T00:16:58.000",,,"Code 2 Transport","2016-04-02T00:28:08.000","16TH ST/MISSION ST","San Francisco","94103","B02","07","5239","3","3","3","true","Potentially Life-Threatening","1","ENGINE","2","2","9","Mission","160930030-E07","POINT (-122.41967 37.765053)","2024-02-05T03:27:52.000","2024-02-05T10:56:25.000","20"
"160972343","82","16038459","Medical Incident","2016-04-06T00:00:00.000","2016-04-06T00:00:00.000","2016-04-06T14:15:41.000","2016-04-06T14:16:58.000","2016-04-06T14:17:34.000","2016-04-06T14:17:40.000","2016-04-06T14:23:13.000","2016-04-06T14:54:58.000","2016-04-06T15:22:07.000","Code 2 Transport","2016-04-06T15:57:52.000","GREEN ST/JONES ST","San Francisco","94133","B01","41","1533","2","2","2","true","Non Life-threatening","1","MEDIC","2","1","3","Russian Hill","160972343-82","POINT (-122.41557 37.79868)","2024-02-05T03:27:52.000","2024-02-05T10:56:25.000","21"
"160973502","E12","16038596","Medical Incident","2016-04-06T00:00:00.000","2016-04-06T00:00:00.000","2016-04-06T18:13:52.000","2016-04-06T18:15:32.000","2016-04-06T18:24:20.000","2016-04-06T18:24:40.000","2016-04-06T18:28:22.000",,,"Code 2 Transport","2016-04-06T18:34:51.000","IRVING ST/09TH AVE","San Francisco","94122","B08","22","7333","2","2","2","true","Potentially Life-Threatening","1","ENGINE","1","7","5","Inner Sunset","160973502-E12","POINT (-122.46631 37.764038)","2024-02-05T03:27:52.000","2024-02-05T10:56:25.000","14"
"160950045","E39","16037472","Medical Incident","2016-04-04T00:00:00.000","2016-04-03T00:00:00.000","2016-04-04T00:29:35.000","2016-04-04T00:29:35.000","2016-04-04T00:30:19.000","2016-04-04T00:32:43.000","2016-04-04T00:36:40.000",,,"Code 3 Transport","2016-04-04T00:39:08.000","ULLOA ST/20TH AVE","San Francisco","94116","B08","40","7434","3","3","3","true","Potentially Life-Threatening","1","ENGINE","2","8","4","Sunset/Parkside","160950045-E39","POINT (-122.47663 37.74114)","2024-02-05T03:27:52.000","2024-02-05T10:56:25.000","35"
"160961134","AM10","16037949","Medical Incident","2016-04-05T00:00:00.000","2016-04-05T00:00:00.000","2016-04-05T10:10:34.000","2016-04-05T10:14:44.000","2016-04-05T10:15:27.000","2016-04-05T10:16:29.000","2016-04-05T10:19:18.000","2016-04-05T10:53:16.000","2016-04-05T11:33:19.000","Code 2 Transport","2016-04-05T11:58:59.000","06TH ST/TEHAMA ST","San Francisco","94103","B03","01","2252","2","2","2","false","Non Life-threatening","1","PRIVATE","1","3","6","South of Market","160961134-AM10","POINT (-122.40663 37.779316)","2024-02-05T03:27:52.000","2024-02-05T10:56:25.000","34"
"161013005","B08","16040304","Structure Fire / Smoke in Building","2016-04-10T00:00:00.000","2016-04-10T00:00:00.000","2016-04-10T19:29:22.000","2016-04-10T19:30:15.000","2016-04-10T19:30:27.000","2016-04-10T19:33:06.000","2016-04-10T19:36:47.000",,,"Code 2 Transport","2016-04-10T19:56:55.000","45TH AVE/LINCOLN WAY","San Francisco","94122","B08","23","7654","3","3","3","false","Alarm","1","CHIEF","4","8","1","Golden Gate Park","161013005-B08","POINT (-122.50512 37.764214)","2024-02-05T03:27:52.000","2024-02-05T10:56:25.000","12"
"161022696","B09","16040632","Structure Fire / Smoke in Building","2016-04-11T00:00:00.000","2016-04-11T00:00:00.000","2016-04-11T16:26:40.000","2016-04-11T16:27:17.000","2016-04-11T16:28:27.000","2016-04-11T16:29:21.000","2016-04-11T16:35:33.000",,,"Fire","2016-04-11T17:59:10.000","UNIVERSITY ST/OLMSTEAD ST","San Francisco","94134","B09","44","6322","3","3","3","false","Alarm","1","CHIEF","5","9","9","Portola","161022696-B09","POINT (-122.411476 37.720253)","2024-02-05T03:27:52.000","2024-02-05T10:56:25.000","25"
"160932853","RS2","16036982","Medical Incident","2016-04-02T00:00:00.000","2016-04-02T00:00:00.000","2016-04-02T18:12:18.000","2016-04-02T18:13:35.000","2016-04-02T18:14:21.000","2016-04-02T18:16:16.000","2016-04-02T18:18:01.000",,,"Code 3 Transport","2016-04-02T18:47:00.000","23RD ST/SHOTWELL ST","San Francisco","94110","B06","07","0544","3","3","3","false","Potentially Life-Threatening","1","RESCUE SQUAD","1","6","9","Mission","160932853-RS2","POINT (-122.41532 37.754032)","2024-02-05T03:27:52.000","2024-02-05T10:56:25.000","20"
"161031445","71","16040881","Traffic Collision","2016-04-12T00:00:00.000","2016-04-12T00:00:00.000","2016-04-12T11:17:16.000","2016-04-12T11:18:12.000","2016-04-12T11:18:42.000","2016-04-12T11:19:56.000",,,,"Code 2 Transport","2016-04-12T11:22:14.000","RANKIN ST/INNES AVE","San Francisco","94124","B10","09","6545","3","3","3","true","Potentially Life-Threatening","1","MEDIC","5","10","10","Bayview Hunters Point","161031445-71","POINT (-122.39459 37.742653)","2024-02-05T03:27:52.000","2024-02-05T10:56:25.000","1"
"160943012","E41","16037379","Medical Incident","2016-04-03T00:00:00.000","2016-04-03T00:00:00.000","2016-04-03T18:56:38.000","2016-04-03T18:57:01.000","2016-04-03T18:58:19.000","2016-04-03T18:58:19.000",,,,"Code 2 Transport","2016-04-03T18:58:45.000","ELLIS ST/LEAVENWORTH ST","San Francisco","94109","B03","03","1461","3","3","3","false","Non Life-threatening","1","ENGINE","5","2","6","Tenderloin","160943012-E41","POINT (-122.41443 37.784657)","2024-02-05T03:27:52.000","2024-02-05T10:56:25.000","36"
"161002401","AM12","16039852","Medical Incident","2016-04-09T00:00:00.000","2016-04-09T00:00:00.000","2016-04-09T17:13:52.000","2016-04-09T17:15:12.000","2016-04-09T17:15:35.000","2016-04-09T17:16:25.000","2016-04-09T17:20:51.000","2016-04-09T17:29:21.000","2016-04-09T17:51:43.000","Code 2 Transport","2016-04-09T18:18:16.000","WEBSTER ST/GOLDEN GATE AVE","San Francisco","94115","B05","05","3516","3","3","3","false","Potentially Life-Threatening","1","PRIVATE","2","5","5","Western Addition","161002401-AM12","POINT (-122.43024 37.77978)","2024-02-05T03:27:52.000","2024-02-05T10:56:25.000","39"
"160931299","88","16036812","Medical Incident","2016-04-02T00:00:00.000","2016-04-02T00:00:00.000","2016-04-02T10:57:13.000","2016-04-02T11:00:12.000","2016-04-02T11:27:13.000","2016-04-02T11:27:30.000","2016-04-02T11:34:05.000","2016-04-02T11:43:00.000","2016-04-02T12:04:43.000","Code 2 Transport","2016-04-02T12:29:31.000","BACHE ST/CRESCENT AVE","San Francisco","94110","B06","32","5751","2","2","2","true","Non Life-threatening","1","MEDIC","2","6","9","Bernal Heights","160931299-88","POINT (-122.41748 37.73492)","2024-02-05T03:27:52.000","2024-02-05T10:56:25.000","2"
"161020744","E09","16040451","Alarms","2016-04-11T00:00:00.000","2016-04-11T00:00:00.000","2016-04-11T08:08:44.000","2016-04-11T08:10:21.000","2016-04-11T08:10:55.000","2016-04-11T08:12:41.000","2016-04-11T08:14:57.000",,,"Fire","2016-04-11T08:41:32.000","22ND ST/POTRERO AVE","San Francisco","94110","B10","37","2552","3","3","3","true","Alarm","1","ENGINE","1","10","10","Mission","161020744-E09","POINT (-122.40664 37.75617)","2024-02-05T03:27:52.000","2024-02-05T10:56:25.000","20"
"161043085","T08","16041399","Citizen Assist / Service Call","2016-04-13T00:00:00.000","2016-04-13T00:00:00.000","2016-04-13T17:48:57.000","2016-04-13T17:49:43.000","2016-04-13T17:50:08.000","2016-04-13T17:51:32.000","2016-04-13T17:55:47.000",,,"Fire","2016-04-13T17:59:10.000","04TH ST/TOWNSEND ST","San Francisco","94107","B03","08","2224","3","3","3","false","Alarm","1","TRUCK","1","3","6","South of Market","161043085-T08","POINT (-122.39498 37.77709)","2024-02-05T03:27:52.000","2024-02-05T10:56:25.000","34"
"160950708","54","16037541","Traffic Collision","2016-04-04T00:00:00.000","2016-04-04T00:00:00.000","2016-04-04T08:16:45.000","2016-04-04T08:17:39.000","2016-04-04T08:18:03.000","2016-04-04T08:18:15.000","2016-04-04T08:21:45.000",,,"Patient Declined Transport","2016-04-04T08:37:36.000","03RD ST/CARROLL AVE","San Francisco","94124","B10","17","6537","3","3","3","true","Potentially Life-Threatening","1","MEDIC","1","10","10","Bayview Hunters Point","160950708-54","POINT (-122.39424 37.725475)","2024-02-05T03:27:52.000","2024-02-05T10:56:25.000","1"
"160962710","AM16","16038090","Medical Incident","2016-04-05T00:00:00.000","2016-04-05T00:00:00.000","2016-04-05T16:26:27.000","2016-04-05T16:28:12.000","2016-04-05T16:32:11.000","2016-04-05T16:32:40.000","2016-04-05T16:44:51.000","2016-04-05T16:57:14.000","2016-04-05T17:22:03.000","Code 2 Transport","2016-04-05T17:52:29.000","WEBSTER ST/GOLDEN GATE AVE","San Francisco","94115","B05","05","3516","2","2","2","false","Potentially Life-Threatening","1","PRIVATE","1","5","5","Western Addition","160962710-AM16","POINT (-122.43024 37.77978)","2024-02-05T03:27:52.000","2024-02-05T10:56:25.000","39"
"161032325","T17","16040953","Outside Fire","2016-04-12T00:00:00.000","2016-04-12T00:00:00.000","2016-04-12T14:54:19.000","2016-04-12T14:54:19.000","2016-04-12T14:54:33.000","2016-04-12T14:57:08.000","2016-04-12T14:58:09.000",,,"Fire","2016-04-12T15:01:28.000","QUESADA AVE/HAWES ST","San Francisco","94124","B10","17","6634","3","3","3","false","Fire","1","TRUCK","2","10","10","Bayview Hunters Point","161032325-T17","POINT (-122.382126 37.72805)","2024-02-05T03:27:52.000","2024-02-05T10:56:25.000","1"
"161022203","T02","16040589","Structure Fire / Smoke in Building","2016-04-11T00:00:00.000","2016-04-11T00:00:00.000","2016-04-11T14:24:16.000","2016-04-11T14:25:27.000","2016-04-11T14:25:51.000","2016-04-11T14:26:45.000","2016-04-11T14:29:28.000",,,"Fire","2016-04-11T14:39:35.000","FRANCISCO ST/BRET HARTE TER","San Francisco","94133","B01","28","1526","3","3","3","false","Alarm","1","TRUCK","1","1","2","Russian Hill","161022203-T02","POINT (-122.41748 37.804176)","2024-02-05T03:27:52.000","2024-02-05T10:56:25.000","32"
"161021420","E03","16040511","Medical Incident","2016-04-11T00:00:00.000","2016-04-11T00:00:00.000","2016-04-11T11:02:19.000","2016-04-11T11:02:41.000","2016-04-11T11:02:55.000","2016-04-11T11:05:15.000",,,,"Code 3 Transport","2016-04-11T11:08:59.000","ELLIS ST/PIERCE ST","San Francisco","94115","B05","05","3644","3","3","3","true","Potentially Life-Threatening","1","ENGINE","3","5","5","Western Addition","161021420-E03","POINT (-122.435814 37.78194)","2024-02-05T03:27:52.000","2024-02-05T10:56:25.000","39"
"161021526","KM01","16040524","Medical Incident","2016-04-11T00:00:00.000","2016-04-11T00:00:00.000","2016-04-11T11:27:49.000","2016-04-11T11:28:36.000","2016-04-11T11:30:24.000","2016-04-11T11:30:24.000","2016-04-11T11:36:10.000","2016-04-11T11:51:23.000","2016-04-11T12:09:07.000","Code 2 Transport","2016-04-11T13:04:24.000","26TH ST/SANCHEZ ST","San Francisco","94131","B06","11","5537","3","3","3","false","Potentially Life-Threatening","1","PRIVATE","2","6","8","Noe Valley","161021526-KM01","POINT (-122.429344 37.748363)","2024-02-05T03:27:52.000","2024-02-05T10:56:25.000","22"
"160930991","79","16036774","Medical Incident","2016-04-02T00:00:00.000","2016-04-02T00:00:00.000","2016-04-02T09:23:09.000","2016-04-02T09:23:38.000","2016-04-02T09:23:52.000","2016-04-02T09:23:58.000","2016-04-02T09:36:37.000","2016-04-02T09:49:32.000","2016-04-02T10:23:15.000","Code 2 Transport","2016-04-02T10:49:44.000","EXETER ST/SALINAS AVE","San Francisco","94124","B10","44","6323","3","3","3","true","Potentially Life-Threatening","1","MEDIC","2","10","10","Bayview Hunters Point","160930991-79","POINT (-122.39901 37.721302)","2024-02-05T03:27:52.000","2024-02-05T10:56:25.000","1"
"161041675","60","16041262","Medical Incident","2016-04-13T00:00:00.000","2016-04-13T00:00:00.000","2016-04-13T11:58:27.000","2016-04-13T11:59:51.000","2016-04-13T11:59:59.000","2016-04-13T12:00:23.000","2016-04-13T12:06:22.000",,,"Against Medical Advice","2016-04-13T13:04:36.000","WAVERLY PL/CLAY ST","San Francisco","94108","B01","13","1313","3","3","3","true","Potentially Life-Threatening","1","MEDIC","2","1","3","Chinatown","161041675-60","POINT (-122.40682 37.794197)","2024-02-05T03:27:52.000","2024-02-05T10:56:25.000","6"
"161033067","E39","16041004","Medical Incident","2016-04-12T00:00:00.000","2016-04-12T00:00:00.000","2016-04-12T17:25:40.000","2016-04-12T17:25:57.000","2016-04-12T17:26:08.000","2016-04-12T17:28:32.000","2016-04-12T17:31:09.000",,,"Patient Declined Transport","2016-04-12T17:31:38.000","ULLOA ST/MADRONE AVE","San Francisco","94127","B08","39","8611","3","3","3","true","Potentially Life-Threatening","1","ENGINE","2","8","7","West of Twin Peaks","161033067-E39","POINT (-122.46763 37.741505)","2024-02-05T03:27:52.000","2024-02-05T10:56:25.000","41"
"160951566","E20","16037605","Medical Incident","2016-04-04T00:00:00.000","2016-04-04T00:00:00.000","2016-04-04T11:58:26.000","2016-04-04T11:58:58.000","2016-04-04T11:59:37.000","2016-04-04T12:01:15.000","2016-04-04T12:04:16.000",,,"SFPD","2016-04-04T12:09:06.000","WARREN DR/OAKHURST LN","San Francisco","94131","B08","20","5376","3","3","3","true","Potentially Life-Threatening","1","ENGINE","1","8","7","Inner Sunset","160951566-E20","POINT (-122.461494 37.75678)","2024-02-05T03:27:52.000","2024-02-05T10:56:25.000","14"
"160992571","53","16039390","Medical Incident","2016-04-08T00:00:00.000","2016-04-08T00:00:00.000","2016-04-08T16:34:57.000","2016-04-08T16:36:19.000","2016-04-08T16:36:34.000","2016-04-08T16:36:43.000",,,,"No Merit","2016-04-08T16:45:43.000","JESSIE ST/06TH ST","San Francisco","94103","B03","01","2251","3","3","3","true","Potentially Life-Threatening","1","MEDIC","2","3","6","South of Market","160992571-53","POINT (-122.40925 37.7814)","2024-02-05T03:27:52.000","2024-02-05T10:56:25.000","34"
"160961989","56","16038032","Medical Incident","2016-04-05T00:00:00.000","2016-04-05T00:00:00.000","2016-04-05T13:37:37.000","2016-04-05T13:37:37.000","2016-04-05T13:38:58.000","2016-04-05T13:39:09.000","2016-04-05T13:46:04.000","2016-04-05T14:03:59.000","2016-04-05T14:28:32.000","Code 2 Transport","2016-04-05T14:58:33.000","MISSION ST/RUSSIA AVE","San Francisco","94112","B09","43","6121","2","2","2","true","Non Life-threatening","1","MEDIC","1","9","11","Excelsior","160961989-56","POINT (-122.43715 37.721577)","2024-02-05T03:27:52.000","2024-02-05T10:56:25.000","28"
"160954067","72","16037824","Medical Incident","2016-04-04T00:00:00.000","2016-04-04T00:00:00.000","2016-04-04T22:58:59.000","2016-04-04T23:01:00.000","2016-04-04T23:01:53.000","2016-04-04T23:02:04.000","2016-04-04T23:05:44.000","2016-04-05T00:07:02.000","2016-04-05T00:07:07.000","Code 2 Transport","2016-04-05T00:38:30.000","37TH AVE/JUDAH ST","San Francisco","94122","B08","23","7571","3","3","3","true","Potentially Life-Threatening","1","MEDIC","2","8","4","Sunset/Parkside","160954067-72","POINT (-122.496284 37.76085)","2024-02-05T03:27:52.000","2024-02-05T10:56:25.000","35"
"161040192","85","16041131","Medical Incident","2016-04-13T00:00:00.000","2016-04-12T00:00:00.000","2016-04-13T01:36:40.000","2016-04-13T01:38:13.000","2016-04-13T01:38:54.000","2016-04-13T01:39:04.000","2016-04-13T01:45:34.000","2016-04-13T02:01:18.000","2016-04-13T02:15:47.000","Code 2 Transport","2016-04-13T02:51:23.000","IRVING ST/19TH AVE","San Francisco","94122","B08","22","7424","2","2","2","true","Potentially Life-Threatening","1","MEDIC","1","8","4","Sunset/Parkside","161040192-85","POINT (-122.47717 37.76356)","2024-02-05T03:27:52.000","2024-02-05T10:56:25.000","14"
"161011022","KM04","16040127","Medical Incident","2016-04-10T00:00:00.000","2016-04-10T00:00:00.000","2016-04-10T09:26:05.000","2016-04-10T09:26:05.000","2016-04-10T09:30:01.000","2016-04-10T09:30:35.000","2016-04-10T09:45:17.000","2016-04-10T09:55:27.000","2016-04-10T10:11:25.000","Code 2 Transport","2016-04-10T10:26:33.000","GEARY ST/TAYLOR ST","San Francisco","94102","B01","03","1411","2","2","2","false","Non Life-threatening","1","PRIVATE","1","1","3","Tenderloin","161011022-KM04","POINT (-122.411514 37.78694)","2024-02-05T03:27:52.000","2024-02-05T10:56:25.000","36"
"161001060","E01","16039691","Medical Incident","2016-04-09T00:00:00.000","2016-04-09T00:00:00.000","2016-04-09T09:56:25.000","2016-04-09T09:56:53.000","2016-04-09T09:57:02.000","2016-04-09T09:58:17.000","2016-04-09T10:03:25.000",,,"Code 2 Transport","2016-04-09T10:11:52.000","TAYLOR ST/06TH ST/GOLDEN GATE AVE/MARKET ST","San Francisco","94103","B03","01","1454","3","3","3","true","Non Life-threatening","1","ENGINE","1","3","6","South of Market","161001060-E01","POINT (-122.41029 37.78223)","2024-02-05T03:27:52.000","2024-02-05T10:56:25.000","34"
"160933369","E21","16037035","Medical Incident","2016-04-02T00:00:00.000","2016-04-02T00:00:00.000","2016-04-02T20:43:22.000","2016-04-02T20:45:18.000","2016-04-02T20:45:36.000","2016-04-02T20:46:34.000","2016-04-02T20:50:00.000",,,"Code 2 Transport","2016-04-02T21:09:49.000","EDDY ST/BRODERICK ST","San Francisco","94115","B05","21","4241","2","2","2","true","Non Life-threatening","1","ENGINE","1","5","2","Western Addition","160933369-E21","POINT (-122.44059 37.780373)","2024-02-05T03:27:52.000","2024-02-05T10:56:25.000","39"
"161042160","E31","16041305","Medical Incident","2016-04-13T00:00:00.000","2016-04-13T00:00:00.000","2016-04-13T14:09:02.000","2016-04-13T14:11:10.000","2016-04-13T14:11:30.000","2016-04-13T14:13:30.000","2016-04-13T14:16:33.000",,,"Code 2 Transport","2016-04-13T14:26:56.000","CLEMENT ST/09TH AVE","San Francisco","94118","B07","31","7127","2","2","2","false","Non Life-threatening","1","ENGINE","1","7","1","Inner Richmond","161042160-E31","POINT (-122.46763 37.782803)","2024-02-05T03:27:52.000","2024-02-05T10:56:25.000","11"
"160943572","E03","16037449","Medical Incident","2016-04-03T00:00:00.000","2016-04-03T00:00:00.000","2016-04-03T22:20:44.000","2016-04-03T22:21:31.000","2016-04-03T22:22:07.000","2016-04-03T22:22:29.000","2016-04-03T22:23:32.000",,,"No Merit","2016-04-03T22:27:37.000","POLK ST/CEDAR ST","San Francisco","94109","B04","03","3121","E","E","3","true","Potentially Life-Threatening","1","ENGINE","1","4","6","Tenderloin","160943572-E03","POINT (-122.41983 37.786358)","2024-02-05T03:27:52.000","2024-02-05T10:56:25.000","36"
"160982599","89","16039001","Medical Incident","2016-04-07T00:00:00.000","2016-04-07T00:00:00.000","2016-04-07T15:52:15.000","2016-04-07T15:52:15.000","2016-04-07T15:53:29.000","2016-04-07T15:53:29.000","2016-04-07T15:57:28.000","2016-04-07T16:02:02.000","2016-04-07T16:19:24.000","Code 3 Transport","2016-04-07T17:26:21.000","LAGUNA ST/MCALLISTER ST","San Francisco","94102","B02","05","3425","A","E","3","true","Potentially Life-Threatening","1","MEDIC","3","2","5","Western Addition","160982599-89","POINT (-122.42683 37.77926)","2024-02-05T03:27:52.000","2024-02-05T10:56:25.000","39"
"161010351","RA48","16040036","Medical Incident","2016-04-10T00:00:00.000","2016-04-09T00:00:00.000","2016-04-10T02:06:09.000","2016-04-10T02:09:39.000","2016-04-10T02:10:14.000","2016-04-10T02:13:02.000",,,,"Code 3 Transport","2016-04-10T02:35:52.000","AVENUE B/CALIFORNIA AVE","Treasure Isla","94130","B03","48","2931","3","3","3","false","Non Life-threatening","1","MEDIC","3","None","6","Treasure Island","161010351-RA48","POINT (-122.37125 37.817825)","2024-02-05T03:27:52.000","2024-02-05T10:56:25.000","37"
"161000786","89","16039661","Medical Incident","2016-04-09T00:00:00.000","2016-04-09T00:00:00.000","2016-04-09T08:08:58.000","2016-04-09T08:12:54.000","2016-04-09T08:13:58.000","2016-04-09T08:14:14.000","2016-04-09T08:24:01.000","2016-04-09T08:49:55.000","2016-04-09T08:59:30.000","Code 2 Transport","2016-04-09T09:42:01.000","EDDY ST/CYRIL MAGNIN ST","San Francisco","94102","B01","01","2247","2","2","2","true","Potentially Life-Threatening","1","MEDIC","2","3","6","Tenderloin","161000786-89","POINT (-122.40849 37.784454)","2024-02-05T03:27:52.000","2024-02-05T10:56:25.000","36"
"160982324","T05","16038968","Alarms","2016-04-07T00:00:00.000","2016-04-07T00:00:00.000","2016-04-07T14:43:25.000","2016-04-07T14:44:27.000","2016-04-07T14:44:45.000","2016-04-07T14:45:17.000","2016-04-07T14:48:02.000",,,"Fire","2016-04-07T14:55:28.000","FILLMORE ST/OFARRELL ST","San Francisco","94115","B04","05","3623","3","3","3","false","Alarm","1","TRUCK","1","4","5","Western Addition","160982324-T05","POINT (-122.43271 37.78329)","2024-02-05T03:27:52.000","2024-02-05T10:56:25.000","39"
"160973990","KM03","16038646","Traffic Collision","2016-04-06T00:00:00.000","2016-04-06T00:00:00.000","2016-04-06T20:07:26.000","2016-04-06T20:09:08.000","2016-04-06T20:09:29.000","2016-04-06T20:10:13.000","2016-04-06T20:17:18.000","2016-04-06T20:39:07.000","2016-04-06T20:59:07.000","Code 2 Transport","2016-04-06T21:28:51.000","STEUART ST/MARKET ST","San Francisco","94105","B03","35","0902","3","3","3","false","Potentially Life-Threatening","1","PRIVATE","2","1","3","Financial District/South Beach","160973990-KM03","POINT (-122.394745 37.79448)","2024-02-05T03:27:52.000","2024-02-05T10:56:25.000","8"
"161003445","62","16039974","Medical Incident","2016-04-09T00:00:00.000","2016-04-09T00:00:00.000","2016-04-09T22:34:10.000","2016-04-09T22:34:10.000","2016-04-09T22:36:34.000","2016-04-09T22:36:40.000","2016-04-09T22:45:53.000","2016-04-09T23:03:11.000","2016-04-09T23:18:01.000","Code 2 Transport","2016-04-09T23:50:31.000","TURK ST/JONES ST","San Francisco","94102","B03","01","1456","2","2","2","true","Non Life-threatening","1","MEDIC","2","2","6","Tenderloin","161003445-62","POINT (-122.412415 37.783005)","2024-02-05T03:27:52.000","2024-02-05T10:56:25.000","36"
"160951450","AM10","16037598","Medical Incident","2016-04-04T00:00:00.000","2016-04-04T00:00:00.000","2016-04-04T11:32:02.000","2016-04-04T11:32:39.000","2016-04-04T11:33:33.000","2016-04-04T11:34:13.000","2016-04-04T11:36:29.000","2016-04-04T11:45:37.000","2016-04-04T12:16:39.000","Code 2 Transport","2016-04-04T12:37:42.000","EDDY ST/LEAVENWORTH ST","San Francisco","94102","B02","03","1545","3","3","3","false","Potentially Life-Threatening","1","PRIVATE","1","2","6","Tenderloin","160951450-AM10","POINT (-122.41424 37.783722)","2024-02-05T03:27:52.000","2024-02-05T10:56:25.000","36"
"161020478","E21","16040425","Medical Incident","2016-04-11T00:00:00.000","2016-04-10T00:00:00.000","2016-04-11T06:32:25.000","2016-04-11T06:32:25.000","2016-04-11T06:32:54.000","2016-04-11T06:33:48.000","2016-04-11T06:35:20.000",,,"Code 2 Transport","2016-04-11T06:42:46.000","DIVISADERO ST/HAYES ST","San Francisco","94117","B05","21","4136","3","3","3","false","Potentially Life-Threatening","1","ENGINE","1","5","5","Hayes Valley","161020478-E21","POINT (-122.4378 37.77499)","2024-02-05T03:27:52.000","2024-02-05T10:56:25.000","9"
"160994089","B03","16039541","Alarms","2016-04-08T00:00:00.000","2016-04-08T00:00:00.000","2016-04-08T23:41:24.000","2016-04-08T23:43:13.000","2016-04-08T23:43:26.000","2016-04-08T23:45:03.000",,,,"Fire","2016-04-08T23:49:26.000","17TH ST/DE HARO ST","San Francisco","94107","B03","29","2413","3","3","3","false","Alarm","1","CHIEF","2","2","10","Mission Bay","160994089-B03","POINT (-122.401596 37.76484)","2024-02-05T03:27:52.000","2024-02-05T10:56:25.000","4"
"161020671","E13","16040446","Alarms","2016-04-11T00:00:00.000","2016-04-10T00:00:00.000","2016-04-11T07:50:15.000","2016-04-11T07:52:07.000","2016-04-11T07:52:20.000","2016-04-11T07:54:36.000","2016-04-11T07:55:51.000",,,"Fire","2016-04-11T07:59:21.000","CALIFORNIA ST/DRUMM ST","San Francisco","94111","B01","13","1134","3","3","3","true","Alarm","1","ENGINE","1","1","3","Financial District/South Beach","161020671-E13","POINT (-122.39639 37.793663)","2024-02-05T03:27:52.000","2024-02-05T10:56:25.000","8"
"160981823","AM08","16038909","Medical Incident","2016-04-07T00:00:00.000","2016-04-07T00:00:00.000","2016-04-07T12:28:41.000","2016-04-07T12:31:10.000","2016-04-07T12:32:59.000","2016-04-07T12:35:27.000","2016-04-07T12:38:29.000","2016-04-07T12:59:46.000","2016-04-07T13:19:18.000","Code 2 Transport","2016-04-07T13:50:05.000","BUENA VISTA TER/14TH ST","San Francisco","94117","B05","21","5135","2","2","2","false","Non Life-threatening","1","PRIVATE","1","5","8","Castro/Upper Market","160981823-AM08","POINT (-122.4382 37.76716)","2024-02-05T03:27:52.000","2024-02-05T10:56:25.000","5"
"161012453","E43","16040253","Medical Incident","2016-04-10T00:00:00.000","2016-04-10T00:00:00.000","2016-04-10T16:51:17.000","2016-04-10T16:51:54.000","2016-04-10T16:52:47.000","2016-04-10T16:54:24.000","2016-04-10T16:56:05.000",,,"Code 2 Transport","2016-04-10T17:07:15.000","GENEVA AVE/MADRID ST","San Francisco","94112","B09","43","6174","2","3","3","true","Potentially Life-Threatening","1","ENGINE","1","9","11","Excelsior","161012453-E43","POINT (-122.437805 37.71494)","2024-02-05T03:27:52.000","2024-02-05T10:56:25.000","7"
"160942386","T01","16037319","Alarms","2016-04-03T00:00:00.000","2016-04-03T00:00:00.000","2016-04-03T15:48:20.000","2016-04-03T15:49:49.000","2016-04-03T15:50:48.000","2016-04-03T15:52:28.000","2016-04-03T15:55:31.000",,,"Fire","2016-04-03T15:58:03.000","06TH ST/MISSION ST","San Francisco","94103","B03","01","2251","3","3","3","false","Alarm","1","TRUCK","3","3","6","South of Market","160942386-T01","POINT (-122.40871 37.78097)","2024-02-05T03:27:52.000","2024-02-05T10:56:25.000","34"
"160952948","RC1","16037727","Medical Incident","2016-04-04T00:00:00.000","2016-04-04T00:00:00.000","2016-04-04T17:31:19.000","2016-04-04T17:31:19.000","2016-04-04T17:59:34.000","2016-04-04T17:59:34.000","2016-04-04T18:03:02.000",,,"Code 2 Transport","2016-04-04T18:10:50.000","03RD ST/STILLMAN ST","San Francisco","94107","B03","08","2174","2","2","2","true","Non Life-threatening","1","RESCUE CAPTAIN","2","3","6","Financial District/South Beach","160952948-RC1","POINT (-122.39638 37.78175)","2024-02-05T03:27:52.000","2024-02-05T10:56:25.000","8"
"160924020","T08","16036657","Elevator / Escalator Rescue","2016-04-01T00:00:00.000","2016-04-01T00:00:00.000","2016-04-01T23:44:15.000","2016-04-01T23:45:11.000","2016-04-01T23:46:21.000","2016-04-01T23:49:08.000","2016-04-01T23:51:28.000",,,"No Merit","2016-04-01T23:58:51.000","BRANNAN ST/HARRIET ST","San Francisco","94103","B03","08","2256","3","3","3","false","Alarm","1","TRUCK","1","3","6","South of Market","160924020-T08","POINT (-122.40152 37.774384)","2024-02-05T03:27:52.000","2024-02-05T10:56:25.000","34"
"160990482","E35","16039196","Alarms","2016-04-08T00:00:00.000","2016-04-07T00:00:00.000","2016-04-08T06:31:49.000","2016-04-08T06:33:03.000","2016-04-08T06:33:08.000","2016-04-08T06:34:42.000","2016-04-08T06:37:05.000",,,"Fire","2016-04-08T06:49:43.000","SPEAR ST/HOWARD ST","San Francisco","94105","B03","35","2114","3","3","3","true","Alarm","1","ENGINE","1","3","6","Financial District/South Beach","160990482-E35","POINT (-122.392525 37.79131)","2024-02-05T03:27:52.000","2024-02-05T10:56:25.000","8"
"160963612","RS1","16038167","Structure Fire / Smoke in Building","2016-04-05T00:00:00.000","2016-04-05T00:00:00.000","2016-04-05T20:07:02.000","2016-04-05T20:07:14.000","2016-04-05T20:07:39.000","2016-04-05T20:09:05.000",,,,"Fire","2016-04-05T20:15:51.000","BAKER ST/LOMBARD ST","San Francisco","94123","B04","16","4314","3","3","3","false","Alarm","1","RESCUE SQUAD","11","4","2","Marina","160963612-RS1","POINT (-122.44598 37.798626)","2024-02-05T03:27:52.000","2024-02-05T10:56:25.000","13"
"160933208","62","16037016","Medical Incident","2016-04-02T00:00:00.000","2016-04-02T00:00:00.000","2016-04-02T19:53:03.000","2016-04-02T19:53:54.000","2016-04-02T19:54:49.000","2016-04-02T19:55:00.000","2016-04-02T20:01:50.000","2016-04-02T20:32:56.000","2016-04-02T21:03:45.000","Code 2 Transport","2016-04-02T21:28:11.000","AVALON AVE/PARIS ST","San Francisco","94112","B09","32","6114","3","3","3","true","Potentially Life-Threatening","1","MEDIC","3","9","11","Excelsior","160933208-62","POINT (-122.43096 37.726925)","2024-02-05T03:27:52.000","2024-02-05T10:56:25.000","7"
"161000276","AM24","16039591","Medical Incident","2016-04-09T00:00:00.000","2016-04-08T00:00:00.000","2016-04-09T02:02:31.000","2016-04-09T02:03:22.000","2016-04-09T02:03:44.000","2016-04-09T02:05:00.000","2016-04-09T02:09:58.000",,,"Medical Examiner","2016-04-09T03:27:54.000","FILLMORE ST/EDDY ST","San Francisco","94115","B05","05","3536","E","E","3","false","Potentially Life-Threatening","1","PRIVATE","2","5","5","Western Addition","161000276-AM24","POINT (-122.43233 37.78143)","2024-02-05T03:27:52.000","2024-02-05T10:56:25.000","39"
"161032712","RWC1","16040976","Water Rescue","2016-04-12T00:00:00.000","2016-04-12T00:00:00.000","2016-04-12T16:18:56.000","2016-04-12T16:18:56.000","2016-04-12T16:19:44.000","2016-04-12T16:25:50.000",,,,"Fire","2016-04-12T17:01:32.000","MARINE DR/END","San Francisco","94129","B99","51","4632","3","3","3","false","Fire","1","SUPPORT","7","7","2","Presidio","161032712-RWC1","POINT (-122.4766 37.81068)","2024-02-05T03:27:52.000","2024-02-05T10:56:25.000","27"
"160972655","E05","16038489","Other","2016-04-06T00:00:00.000","2016-04-06T00:00:00.000","2016-04-06T15:20:21.000","2016-04-06T15:21:34.000","2016-04-06T15:21:45.000","2016-04-06T15:23:07.000","2016-04-06T15:25:00.000",,,"Fire","2016-04-06T15:28:22.000","HAYES ST/LAGUNA ST","San Francisco","94102","B02","36","3413","3","3","3","true","Alarm","1","ENGINE","1","2","5","Hayes Valley","160972655-E05","POINT (-122.42626 37.776463)","2024-02-05T03:27:52.000","2024-02-05T10:56:25.000","9"
"161040374","KM07","16041153","Medical Incident","2016-04-13T00:00:00.000","2016-04-12T00:00:00.000","2016-04-13T04:26:45.000","2016-04-13T04:27:59.000","2016-04-13T04:28:14.000","2016-04-13T04:29:27.000","2016-04-13T04:33:46.000",,,"Patient Declined Transport","2016-04-13T04:41:44.000","WELSH ST/05TH ST","San Francisco","94107","B03","08","2217","3","3","3","false","Potentially Life-Threatening","1","PRIVATE","1","3","6","South of Market","161040374-KM07","POINT (-122.399765 37.77737)","2024-02-05T03:27:52.000","2024-02-05T10:56:25.000","34"
"161001516","T08","16039749","Alarms","2016-04-09T00:00:00.000","2016-04-09T00:00:00.000","2016-04-09T12:24:03.000","2016-04-09T12:25:38.000","2016-04-09T12:25:53.000","2016-04-09T12:27:23.000",,,,"Fire","2016-04-09T12:32:37.000","06TH ST/MISSION ST","San Francisco","94103","B03","01","2251","3","3","3","false","Alarm","1","TRUCK","3","3","6","South of Market","161001516-T08","POINT (-122.40871 37.78097)","2024-02-05T03:27:52.000","2024-02-05T10:56:25.000","34"
"161010263","E03","16040026","Medical Incident","2016-04-10T00:00:00.000","2016-04-09T00:00:00.000","2016-04-10T01:31:09.000","2016-04-10T01:32:39.000","2016-04-10T01:33:03.000","2016-04-10T01:35:01.000","2016-04-10T01:37:32.000",,,"No Merit","2016-04-10T01:38:46.000","TRADER VIC ALY/POST ST","San Francisco","94109","B01","03","1451","2","2","2","true","Potentially Life-Threatening","1","ENGINE","1","1","3","Nob Hill","161010263-E03","POINT (-122.412346 37.787792)","2024-02-05T03:27:52.000","2024-02-05T10:56:25.000","21"
"160970177","89","16038255","Medical Incident","2016-04-06T00:00:00.000","2016-04-05T00:00:00.000","2016-04-06T01:43:18.000","2016-04-06T01:44:04.000","2016-04-06T01:45:30.000","2016-04-06T01:45:45.000","2016-04-06T01:50:27.000","2016-04-06T02:01:02.000","2016-04-06T02:32:45.000","Code 2 Transport","2016-04-06T03:10:24.000","BROADWAY/DAVIS ST","San Francisco","94111","B01","13","1131","3","3","3","true","Potentially Life-Threatening","1","MEDIC","2","1","3","Financial District/South Beach","160970177-89","POINT (-122.3987 37.79888)","2024-02-05T03:27:52.000","2024-02-05T10:56:25.000","8"
"160980331","85","16038760","Medical Incident","2016-04-07T00:00:00.000","2016-04-06T00:00:00.000","2016-04-07T03:05:36.000","2016-04-07T03:05:36.000","2016-04-07T03:05:46.000","2016-04-07T03:05:58.000","2016-04-07T03:09:10.000","2016-04-07T03:24:45.000","2016-04-07T04:06:37.000","Code 2 Transport","2016-04-07T04:32:27.000","EDDY ST/JONES ST","San Francisco","94102","B02","03","1540","3","3","3","true","Potentially Life-Threatening","1","MEDIC","1","2","6","Tenderloin","160980331-85","POINT (-122.4126 37.78393)","2024-02-05T03:27:52.000","2024-02-05T10:56:25.000","36"
"160973236","T11","16038556","Alarms","2016-04-06T00:00:00.000","2016-04-06T00:00:00.000","2016-04-06T17:17:58.000","2016-04-06T17:19:53.000","2016-04-06T17:20:25.000","2016-04-06T17:21:41.000","2016-04-06T17:23:54.000",,,"Fire","2016-04-06T17:24:12.000","VALLEY ST/CHURCH ST","San Francisco","94131","B06","11","5576","3","3","3","false","Alarm","1","TRUCK","3","6","8","Noe Valley","160973236-T11","POINT (-122.42674 37.7445)","2024-02-05T03:27:52.000","2024-02-05T10:56:25.000","22"
"161042490","71","16041338","Medical Incident","2016-04-13T00:00:00.000","2016-04-13T00:00:00.000","2016-04-13T15:36:40.000","2016-04-13T15:38:51.000","2016-04-13T15:40:20.000","2016-04-13T15:40:20.000","2016-04-13T15:48:18.000","2016-04-13T16:01:26.000","2016-04-13T16:15:22.000","Code 2 Transport","2016-04-13T16:30:34.000","ELLIS ST/LEAVENWORTH ST","San Francisco","94109","B03","03","1461","2","2","2","true","Non Life-threatening","1","MEDIC","2","2","6","Tenderloin","161042490-71","POINT (-122.41443 37.784657)","2024-02-05T03:27:52.000","2024-02-05T10:56:25.000","36"
"160931347","T10","16036817","Structure Fire / Smoke in Building","2016-04-02T00:00:00.000","2016-04-02T00:00:00.000","2016-04-02T11:15:40.000","2016-04-02T11:15:40.000","2016-04-02T11:15:45.000","2016-04-02T11:15:58.000",,,,"Fire","2016-04-02T11:19:46.000","SPRUCE ST/SACRAMENTO ST","San Francisco","94118","B07","10","4432","3","3","3","false","Alarm","1","TRUCK","2","7","2","Presidio Heights","160931347-T10","POINT (-122.45359 37.787346)","2024-02-05T03:27:52.000","2024-02-05T10:56:25.000","31"
"161031175","E01","16040859","Medical Incident","2016-04-12T00:00:00.000","2016-04-12T00:00:00.000","2016-04-12T10:12:10.000","2016-04-12T10:13:41.000","2016-04-12T10:13:58.000","2016-04-12T10:14:14.000","2016-04-12T10:18:14.000",,,"Code 2 Transport","2016-04-12T10:19:40.000","TAYLOR ST/06TH ST/GOLDEN GATE AVE/MARKET ST","San Francisco","94103","B03","01","1454","3","3","3","true","Potentially Life-Threatening","1","ENGINE","2","3","6","South of Market","161031175-E01","POINT (-122.41029 37.78223)","2024-02-05T03:27:52.000","2024-02-05T10:56:25.000","34"
"160933513","E09","16037052","Medical Incident","2016-04-02T00:00:00.000","2016-04-02T00:00:00.000","2016-04-02T21:34:27.000","2016-04-02T21:34:53.000","2016-04-02T21:35:07.000","2016-04-02T21:36:35.000","2016-04-02T21:37:43.000",,,"SFPD","2016-04-02T21:38:49.000","HOLLADAY AVE/PERALTA AVE","San Francisco","94110","B10","09","6375","3","3","3","true","Potentially Life-Threatening","1","ENGINE","1","10","9","Bernal Heights","160933513-E09","POINT (-122.40494 37.748222)","2024-02-05T03:27:52.000","2024-02-05T10:56:25.000","2"
"161000688","71","16039647","Medical Incident","2016-04-09T00:00:00.000","2016-04-08T00:00:00.000","2016-04-09T07:05:52.000","2016-04-09T07:07:45.000","2016-04-09T07:08:30.000","2016-04-09T07:08:44.000","2016-04-09T07:15:23.000","2016-04-09T07:32:21.000","2016-04-09T07:40:40.000","Code 2 Transport","2016-04-09T08:07:58.000","EDDY ST/SCOTT ST","San Francisco","94115","B05","05","4133","2","2","2","true","Potentially Life-Threatening","1","MEDIC","1","5","5","Western Addition","161000688-71","POINT (-122.43726 37.7808)","2024-02-05T03:27:52.000","2024-02-05T10:56:25.000","39"
"161030036","61","16040751","Medical Incident","2016-04-12T00:00:00.000","2016-04-11T00:00:00.000","2016-04-12T00:17:23.000","2016-04-12T00:18:17.000","2016-04-12T00:18:52.000","2016-04-12T00:19:05.000","2016-04-12T00:23:23.000","2016-04-12T00:39:39.000","2016-04-12T00:54:22.000","Code 3 Transport","2016-04-12T01:53:13.000","EUGENIA AVE/MISSION ST","San Francisco","94110","B06","32","5575","3","E","3","true","Potentially Life-Threatening","1","MEDIC","2","6","9","Bernal Heights","161030036-61","POINT (-122.42208 37.7422)","2024-02-05T03:27:52.000","2024-02-05T10:56:25.000","2"
"160964073","89","16038211","Medical Incident","2016-04-05T00:00:00.000","2016-04-05T00:00:00.000","2016-04-05T22:37:38.000","2016-04-05T22:43:45.000","2016-04-05T22:44:00.000","2016-04-05T22:44:39.000","2016-04-05T22:56:23.000","2016-04-05T23:12:10.000","2016-04-05T23:35:39.000","Code 2 Transport","2016-04-05T23:51:22.000","HYDE ST/TURK ST","San Francisco","94102","B02","03","1554","2","2","2","true","Potentially Life-Threatening","1","MEDIC","2","2","6","Tenderloin","160964073-89","POINT (-122.415695 37.782585)","2024-02-05T03:27:52.000","2024-02-05T10:56:25.000","36"
"160973601","76","16038609","Medical Incident","2016-04-06T00:00:00.000","2016-04-06T00:00:00.000","2016-04-06T18:35:36.000","2016-04-06T18:37:02.000","2016-04-06T19:06:52.000","2016-04-06T19:06:58.000","2016-04-06T19:20:03.000","2016-04-06T19:29:29.000","2016-04-06T19:35:35.000","Code 2 Transport","2016-04-06T19:49:07.000","VAN NESS AVE/FELL ST","San Francisco","94102","B02","36","3166","2","2","2","true","Non Life-threatening","1","MEDIC","1","2","5","Hayes Valley","160973601-76","POINT (-122.41951 37.776367)","2024-02-05T03:27:52.000","2024-02-05T10:56:25.000","9"
"160992510","E13","16039385","Medical Incident","2016-04-08T00:00:00.000","2016-04-08T00:00:00.000","2016-04-08T16:21:48.000","2016-04-08T16:22:38.000","2016-04-08T16:24:48.000","2016-04-08T16:24:48.000","2016-04-08T16:27:05.000",,,"Code 2 Transport","2016-04-08T16:46:41.000","SACRAMENTO ST/GRANT AVE","San Francisco","94108","B01","13","1313","2","2","2","true","Potentially Life-Threatening","1","ENGINE","2","1","3","Chinatown","160992510-E13","POINT (-122.40613 37.79338)","2024-02-05T03:27:52.000","2024-02-05T10:56:25.000","6"
"160974068","T12","16038653","Outside Fire","2016-04-06T00:00:00.000","2016-04-06T00:00:00.000","2016-04-06T20:29:45.000","2016-04-06T20:30:51.000","2016-04-06T20:32:10.000","2016-04-06T20:33:08.000",,,,"Fire","2016-04-06T20:37:12.000","CENTRAL AVE/BUENA VISTA AVE","San Francisco","94117","B05","21","4354","3","3","3","false","Fire","1","TRUCK","2","5","5","Haight Ashbury","160974068-T12","POINT (-122.44336 37.768944)","2024-02-05T03:27:52.000","2024-02-05T10:56:25.000","3"
"161020906","62","16040461","Medical Incident","2016-04-11T00:00:00.000","2016-04-11T00:00:00.000","2016-04-11T08:59:32.000","2016-04-11T08:59:53.000","2016-04-11T09:00:14.000","2016-04-11T09:00:29.000","2016-04-11T09:06:13.000",,,"Medical Examiner","2016-04-11T09:58:56.000","POLK ST/EDDY ST","San Francisco","94102","B02","03","3163","E","E","3","true","Potentially Life-Threatening","1","MEDIC","2","2","6","Tenderloin","161020906-62","POINT (-122.41918 37.7831)","2024-02-05T03:27:52.000","2024-02-05T10:56:25.000","36"
"160990552","AM02","16039201","Medical Incident","2016-04-08T00:00:00.000","2016-04-07T00:00:00.000","2016-04-08T07:06:22.000","2016-04-08T07:09:28.000","2016-04-08T07:10:01.000","2016-04-08T07:10:01.000",,,,"Cancelled","2016-04-08T07:14:03.000","SOUTH VAN NESS AVE/ADAIR ST","San Francisco","94103","B02","07","5225","2","2","2","false","Potentially Life-Threatening","1","PRIVATE","1","2","9","Mission","160990552-AM02","POINT (-122.41754 37.76575)","2024-02-05T03:27:52.000","2024-02-05T10:56:25.000","20"
"160951644","E03","16037614","Medical Incident","2016-04-04T00:00:00.000","2016-04-04T00:00:00.000","2016-04-04T12:14:33.000","2016-04-04T12:17:12.000","2016-04-04T12:18:21.000","2016-04-04T12:23:17.000","2016-04-04T12:27:12.000",,,"Cancelled","2016-04-04T12:31:16.000","GOLDEN GATE AVE/LEAVENWORTH ST","San Francisco","94102","B02","01","1546","2","2","2","true","Non Life-threatening","1","ENGINE","1","2","6","Tenderloin","160951644-E03","POINT (-122.413864 37.781864)","2024-02-05T03:27:52.000","2024-02-05T10:56:25.000","36"
"160981905","52","16038919","Medical Incident","2016-04-07T00:00:00.000","2016-04-07T00:00:00.000","2016-04-07T12:49:17.000","2016-04-07T12:51:52.000","2016-04-07T12:52:19.000","2016-04-07T12:53:07.000","2016-04-07T13:05:26.000","2016-04-07T13:20:51.000","2016-04-07T14:01:42.000","Code 2 Transport","2016-04-07T14:29:12.000","VICENTE ST/FOREST SIDE AVE","San Francisco","94127","B08","39","8612","2","2","2","true","Non Life-threatening","1","MEDIC","3","8","7","West of Twin Peaks","160981905-52","POINT (-122.46919 37.739853)","2024-02-05T03:27:52.000","2024-02-05T10:56:25.000","41"
"160952472","B03","16037682","Alarms","2016-04-04T00:00:00.000","2016-04-04T00:00:00.000","2016-04-04T15:28:43.000","2016-04-04T15:29:45.000","2016-04-04T15:30:52.000","2016-04-04T15:32:34.000","2016-04-04T15:35:57.000",,,"Fire","2016-04-04T15:45:52.000","04TH ST/ELLIS ST/MARKET ST/STOCKTON ST","San Francisco","94103","B03","01","2212","3","3","3","false","Alarm","1","CHIEF","3","1","6","South of Market","160952472-B03","POINT (-122.40583 37.785744)","2024-02-05T03:27:52.000","2024-02-05T10:56:25.000","8"
"161002621","B03","16039875","Alarms","2016-04-09T00:00:00.000","2016-04-09T00:00:00.000","2016-04-09T18:18:02.000","2016-04-09T18:19:56.000","2016-04-09T18:20:03.000","2016-04-09T18:21:20.000","2016-04-09T18:23:03.000",,,"Fire","2016-04-09T18:37:53.000","TOWNSEND ST/CLARENCE PL","San Francisco","94107","B03","08","2154","3","3","3","false","Alarm","1","CHIEF","2","3","6","Financial District/South Beach","161002621-B03","POINT (-122.39221 37.779278)","2024-02-05T03:27:52.000","2024-02-05T10:56:25.000","8"
"160943754","76","16037463","Medical Incident","2016-04-03T00:00:00.000","2016-04-03T00:00:00.000","2016-04-03T23:25:22.000","2016-04-03T23:25:54.000","2016-04-03T23:26:13.000","2016-04-03T23:26:22.000","2016-04-03T23:30:53.000",,,"Patient Declined Transport","2016-04-04T00:25:34.000","03RD ST/STILLMAN ST","San Francisco","94107","B03","08","2174","3","3","3","true","Potentially Life-Threatening","1","MEDIC","2","3","6","Financial District/South Beach","160943754-76","POINT (-122.39638 37.78175)","2024-02-05T03:27:52.000","2024-02-05T10:56:25.000","8"
"160933279","55","16037026","Traffic Collision","2016-04-02T00:00:00.000","2016-04-02T00:00:00.000","2016-04-02T20:08:03.000","2016-04-02T20:09:56.000","2016-04-02T20:10:10.000","2016-04-02T20:10:24.000",,,,"Unable to Locate","2016-04-02T20:15:31.000","BAY ST/MASON ST","San Francisco","94133","B01","28","1425","3","3","3","true","Potentially Life-Threatening","1","MEDIC","2","1","3","North Beach","160933279-55","POINT (-122.413605 37.80562)","2024-02-05T03:27:52.000","2024-02-05T10:56:25.000","23"
"160930906","71","16036765","Medical Incident","2016-04-02T00:00:00.000","2016-04-02T00:00:00.000","2016-04-02T08:58:05.000","2016-04-02T08:58:51.000","2016-04-02T08:59:31.000","2016-04-02T09:00:00.000","2016-04-02T09:08:16.000","2016-04-02T09:22:03.000","2016-04-02T09:35:23.000","Code 2 Transport","2016-04-02T09:51:04.000","43RD AVE/ORTEGA ST","San Francisco","94116","B08","23","7646","3","3","3","true","Potentially Life-Threatening","1","MEDIC","2","8","4","Sunset/Parkside","160930906-71","POINT (-122.50206 37.75124)","2024-02-05T03:27:52.000","2024-02-05T10:56:25.000","35"
"160971468","E03","16038372","Medical Incident","2016-04-06T00:00:00.000","2016-04-06T00:00:00.000","2016-04-06T10:58:47.000","2016-04-06T10:59:34.000","2016-04-06T11:00:27.000",,,,,"Code 2 Transport","2016-04-06T11:01:12.000","VAN NESS AVE/OAK ST","San Francisco","94102","B02","36","3212","3","3","3","true","Potentially Life-Threatening","1","ENGINE","3","2","6","Tenderloin","160971468-E03","POINT (-122.419395 37.77542)","2024-02-05T03:27:52.000","2024-02-05T10:56:25.000","36"
"160990346","E06","16039182","Medical Incident","2016-04-08T00:00:00.000","2016-04-07T00:00:00.000","2016-04-08T04:09:12.000","2016-04-08T04:11:49.000","2016-04-08T04:12:00.000","2016-04-08T04:14:10.000","2016-04-08T04:18:22.000",,,"Code 2 Transport","2016-04-08T04:31:25.000","WALLER ST/PIERCE ST","San Francisco","94117","B05","06","3635","2","2","2","true","Potentially Life-Threatening","1","ENGINE","1","5","5","Haight Ashbury","160990346-E06","POINT (-122.43355 37.770756)","2024-02-05T03:27:52.000","2024-02-05T10:56:25.000","3"
"160942602","62","16037344","Medical Incident","2016-04-03T00:00:00.000","2016-04-03T00:00:00.000","2016-04-03T16:55:17.000","2016-04-03T16:55:17.000","2016-04-03T16:56:26.000","2016-04-03T16:56:32.000","2016-04-03T16:58:44.000","2016-04-03T17:07:09.000","2016-04-03T17:19:33.000","Code 2 Transport","2016-04-03T17:51:59.000","NAPOLEON ST/JERROLD AVE","San Francisco","94124","B10","09","6412","3","3","3","true","Potentially Life-Threatening","1","MEDIC","2","10","10","Bayview Hunters Point","160942602-62","POINT (-122.40202 37.745953)","2024-02-05T03:27:52.000","2024-02-05T10:56:25.000","1"
"161023987","E05","16040727","Medical Incident","2016-04-11T00:00:00.000","2016-04-11T00:00:00.000","2016-04-11T22:35:44.000","2016-04-11T22:35:44.000","2016-04-11T22:36:09.000","2016-04-11T22:37:03.000","2016-04-11T22:38:32.000",,,"Code 2 Transport","2016-04-11T22:54:47.000","FILLMORE ST/TURK ST","San Francisco","94115","B05","05","3535","3","3","3","true","Potentially Life-Threatening","1","ENGINE","1","5","5","Western Addition","161023987-E05","POINT (-122.432144 37.780495)","2024-02-05T03:27:52.000","2024-02-05T10:56:25.000","39"
"160961587","52","16037988","Medical Incident","2016-04-05T00:00:00.000","2016-04-05T00:00:00.000","2016-04-05T12:03:32.000","2016-04-05T12:03:32.000","2016-04-05T12:04:24.000","2016-04-05T12:04:33.000",,,,"SFPD","2016-04-05T12:13:55.000","ELLIS ST/MASON ST","San Francisco","94102","B03","01","1366","3","3","3","true","Potentially Life-Threatening","1","MEDIC","2","3","3","Tenderloin","160961587-52","POINT (-122.4095 37.785282)","2024-02-05T03:27:52.000","2024-02-05T10:56:25.000","36"
"160942958","AM16","16037376","Medical Incident","2016-04-03T00:00:00.000","2016-04-03T00:00:00.000","2016-04-03T18:38:08.000","2016-04-03T18:39:29.000","2016-04-03T18:39:41.000","2016-04-03T18:40:22.000","2016-04-03T18:44:08.000",,,"Unable to Locate","2016-04-03T18:52:25.000","POLK ST/SACRAMENTO ST","San Francisco","94109","B04","41","3123","3","3","3","false","Potentially Life-Threatening","1","PRIVATE","2","4","3","Nob Hill","160942958-AM16","POINT (-122.420876 37.791496)","2024-02-05T03:27:52.000","2024-02-05T10:56:25.000","21"
"160970390","64","16038275","Medical Incident","2016-04-06T00:00:00.000","2016-04-05T00:00:00.000","2016-04-06T04:59:05.000","2016-04-06T05:02:21.000","2016-04-06T05:04:36.000","2016-04-06T05:04:36.000","2016-04-06T05:11:57.000",,,"Unable to Locate","2016-04-06T05:23:29.000","11TH ST/MINNA ST","San Francisco","94103","B02","36","5117","2","2","2","true","Non Life-threatening","1","MEDIC","1","2","6","South of Market","160970390-64","POINT (-122.41657 37.773907)","2024-02-05T03:27:52.000","2024-02-05T10:56:25.000","34"
"032440379","E43","03069929","Medical Incident","2003-09-01T00:00:00.000","2003-09-01T00:00:00.000","2003-09-01T21:56:14.000","2003-09-01T21:56:53.000","2003-09-01T21:57:08.000","2003-09-01T21:58:39.000",,,,"Other","2003-09-01T22:22:52.000","SANTA ROSA AVE/CAYUGA AVE","SF","94112","B09","15","8265","3","3","3","true",,"1","ENGINE","2","9","11","Outer Mission","032440379-E43","POINT (-122.436806 37.72717)","2024-02-05T03:27:52.000","2024-02-05T10:56:25.000","28"
"161031932","E01","16040921","Medical Incident","2016-04-12T00:00:00.000","2016-04-12T00:00:00.000","2016-04-12T13:25:30.000","2016-04-12T13:25:52.000","2016-04-12T13:26:12.000","2016-04-12T13:26:27.000","2016-04-12T13:30:51.000",,,"Code 2 Transport","2016-04-12T13:31:19.000","EDDY ST/JONES ST","San Francisco","94102","B02","03","1540","3","3","3","true","Potentially Life-Threatening","1","ENGINE","2","2","6","Tenderloin","161031932-E01","POINT (-122.4126 37.78393)","2024-02-05T03:27:52.000","2024-02-05T10:56:25.000","36"
"161010034","E11","16040001","Medical Incident","2016-04-10T00:00:00.000","2016-04-09T00:00:00.000","2016-04-10T00:08:32.000","2016-04-10T00:10:52.000","2016-04-10T00:11:03.000","2016-04-10T00:12:30.000","2016-04-10T00:14:30.000",,,"Other","2016-04-10T00:18:48.000","POWERS AVE/MISSION ST","San Francisco","94110","B06","11","5624","3","3","3","true","Potentially Life-Threatening","1","ENGINE","1","6","9","Bernal Heights","161010034-E11","POINT (-122.4195 37.74618)","2024-02-05T03:27:52.000","2024-02-05T10:56:25.000","2"
"160951577","E21","16037608","Structure Fire / Smoke in Building","2016-04-04T00:00:00.000","2016-04-04T00:00:00.000","2016-04-04T11:54:28.000","2016-04-04T12:02:17.000","2016-04-04T12:03:07.000","2016-04-04T12:03:35.000","2016-04-04T12:05:19.000",,,"Fire","2016-04-04T12:15:48.000","OAK ST/DIVISADERO ST","San Francisco","94117","B05","21","4145","3","3","3","false","Alarm","1","ENGINE","1","5","5","Hayes Valley","160951577-E21","POINT (-122.43742 37.773132)","2024-02-05T03:27:52.000","2024-02-05T10:56:25.000","3"
"161020157","AM18","16040382","Medical Incident","2016-04-11T00:00:00.000","2016-04-10T00:00:00.000","2016-04-11T01:32:43.000","2016-04-11T01:33:28.000","2016-04-11T01:33:58.000","2016-04-11T01:34:38.000","2016-04-11T01:38:22.000",,,"No Merit","2016-04-11T01:51:59.000","25TH AVE/BALBOA ST","San Francisco","94121","B07","14","7212","2","2","2","false","Potentially Life-Threatening","1","PRIVATE","2","7","1","Outer Richmond","161020157-AM18","POINT (-122.48446 37.776302)","2024-02-05T03:27:52.000","2024-02-05T10:56:25.000","29"
"160993402","E17","16039454","Gas Leak (Natural and LP Gases)","2016-04-08T00:00:00.000","2016-04-08T00:00:00.000","2016-04-08T20:08:01.000","2016-04-08T20:11:02.000","2016-04-08T20:11:11.000","2016-04-08T20:12:26.000","2016-04-08T20:16:06.000",,,"Fire","2016-04-08T20:31:27.000","KIRKWOOD AVE/DORMITORY RD/KISKA RD","San Francisco","94124","B10","17","6625","3","3","3","true","Alarm","1","ENGINE","1","10","10","Bayview Hunters Point","160993402-E17","POINT (-122.37493 37.72966)","2024-02-05T03:27:52.000","2024-02-05T10:56:25.000","1"
"160962559","E36","16038076","Traffic Collision","2016-04-05T00:00:00.000","2016-04-05T00:00:00.000","2016-04-05T15:54:23.000","2016-04-05T15:54:23.000","2016-04-05T15:54:41.000","2016-04-05T15:56:10.000","2016-04-05T16:00:47.000",,,"No Merit","2016-04-05T16:03:13.000","MISSION ST/07TH ST","San Francisco","94103","B02","01","2315","2","2","2","false","Non Life-threatening","1","ENGINE","1","2","6","South of Market","160962559-E36","POINT (-122.410934 37.779213)","2024-02-05T03:27:52.000","2024-02-05T10:56:25.000","34"
"160941833","B04","16037262","Vehicle Fire","2016-04-03T00:00:00.000","2016-04-03T00:00:00.000","2016-04-03T13:05:39.000","2016-04-03T13:08:27.000","2016-04-03T13:09:40.000","2016-04-03T13:10:20.000","2016-04-03T13:15:46.000",,,"Fire","2016-04-03T13:17:56.000","BEACH ST/JONES ST","San Francisco","94133","B01","28","1521","3","3","3","false","Fire","1","CHIEF","5","1","3","North Beach","160941833-B04","POINT (-122.41726 37.80707)","2024-02-05T03:27:52.000","2024-02-05T10:56:25.000","23"
"160933642","E02","16037061","Medical Incident","2016-04-02T00:00:00.000","2016-04-02T00:00:00.000","2016-04-02T22:05:28.000","2016-04-02T22:06:44.000","2016-04-02T22:06:57.000","2016-04-02T22:08:02.000",,,,"Code 2 Transport","2016-04-02T22:15:08.000","MASON ST/DERBY ST","San Francisco","94102","B01","03","1411","2","2","2","true","Potentially Life-Threatening","1","ENGINE","3","1","3","Tenderloin","160933642-E02","POINT (-122.40993 37.78743)","2024-02-05T03:27:52.000","2024-02-05T10:56:25.000","36"
"160960772","77","16037920","Medical Incident","2016-04-05T00:00:00.000","2016-04-05T00:00:00.000","2016-04-05T08:38:25.000","2016-04-05T08:38:25.000","2016-04-05T08:39:46.000","2016-04-05T08:39:56.000","2016-04-05T08:45:59.000","2016-04-05T08:59:17.000","2016-04-05T09:28:39.000","Code 2 Transport","2016-04-05T10:12:25.000","REVERE AVE/BRIDGEVIEW DR/NEWHALL ST","San Francisco","94124","B10","42","6453","2","2","2","true","Non Life-threatening","1","MEDIC","1","10","10","Bayview Hunters Point","160960772-77","POINT (-122.393906 37.733788)","2024-02-05T03:27:52.000","2024-02-05T10:56:25.000","1"
"161002745","E37","16039890","Medical Incident","2016-04-09T00:00:00.000","2016-04-09T00:00:00.000","2016-04-09T19:00:47.000","2016-04-09T19:00:47.000","2016-04-09T19:01:20.000","2016-04-09T19:02:11.000","2016-04-09T19:04:25.000",,,"Code 2 Transport","2016-04-09T19:11:31.000","DAKOTA ST/23RD ST","San Francisco","94107","B10","37","2615","3","3","3","false","Potentially Life-Threatening","1","ENGINE","1","10","10","Potrero Hill","161002745-E37","POINT (-122.396675 37.754707)","2024-02-05T03:27:52.000","2024-02-05T10:56:25.000","26"
"160981874","AM02","16038917","Medical Incident","2016-04-07T00:00:00.000","2016-04-07T00:00:00.000","2016-04-07T12:44:59.000","2016-04-07T12:44:59.000","2016-04-07T12:47:27.000","2016-04-07T12:47:49.000",,,,"SFPD","2016-04-07T13:01:16.000","TERRY A FRANCOIS BLVD/MISSION ROCK ST","San Francisco","94158","B03","04","2231","2","2","2","false","Non Life-threatening","1","PRIVATE","1","3","6","Mission Bay","160981874-AM02","POINT (-122.38729 37.77307)","2024-02-05T03:27:52.000","2024-02-05T10:56:25.000","4"
"160972740","81","16038497","Medical Incident","2016-04-06T00:00:00.000","2016-04-06T00:00:00.000","2016-04-06T15:36:14.000","2016-04-06T15:37:56.000","2016-04-06T15:40:00.000","2016-04-06T15:40:06.000","2016-04-06T15:44:05.000","2016-04-06T15:48:03.000","2016-04-06T16:30:00.000","Code 2 Transport","2016-04-06T16:36:52.000","HUGO ST/07TH AVE","San Francisco","94122","B08","22","7332","2","2","2","true","Non Life-threatening","1","MEDIC","1","7","5","Inner Sunset","160972740-81","POINT (-122.46424 37.765068)","2024-02-05T03:27:52.000","2024-02-05T10:56:25.000","14"
"160931136","E48","16036787","Medical Incident","2016-04-02T00:00:00.000","2016-04-02T00:00:00.000","2016-04-02T10:06:06.000","2016-04-02T10:07:32.000","2016-04-02T10:07:52.000","2016-04-02T10:09:04.000","2016-04-02T10:11:48.000",,,"Code 2 Transport","2016-04-02T10:55:19.000","AVENUE B/HALIBUT CT","Treasure Isla","94130","B03","48","2931","3","3","3","true","Potentially Life-Threatening","1","ENGINE","1","None","6","Treasure Island","160931136-E48","POINT (-122.375595 37.824524)","2024-02-05T03:27:52.000","2024-02-05T10:56:25.000","37"
"160931801","B01","16036866","Alarms","2016-04-02T00:00:00.000","2016-04-02T00:00:00.000","2016-04-02T13:21:51.000","2016-04-02T13:22:56.000","2016-04-02T13:23:50.000",,,,,"Fire","2016-04-02T13:30:25.000","THE EMBARCADERO/BEACH ST/GRANT AVE","San Francisco","94133","B01","28","0939","3","3","3","false","Alarm","1","CHIEF","4","1","3","North Beach","160931801-B01","POINT (-122.40905 37.80811)","2024-02-05T03:27:52.000","2024-02-05T10:56:25.000","23"
"161000406","E40","16039608","Traffic Collision","2016-04-09T00:00:00.000","2016-04-08T00:00:00.000","2016-04-09T03:05:46.000","2016-04-09T03:07:04.000","2016-04-09T03:08:25.000","2016-04-09T03:10:13.000","2016-04-09T03:12:08.000",,,"Code 2 Transport","2016-04-09T03:31:38.000","ULLOA ST/14TH AVE","San Francisco","94127","B08","40","7355","2","3","3","false","Potentially Life-Threatening","1","ENGINE","1","8","7","West of Twin Peaks","161000406-E40","POINT (-122.47011 37.741425)","2024-02-05T03:27:52.000","2024-02-05T10:56:25.000","41"
"160962872","E01","16038103","Medical Incident","2016-04-05T00:00:00.000","2016-04-05T00:00:00.000","2016-04-05T17:05:21.000","2016-04-05T17:06:16.000","2016-04-05T17:06:40.000","2016-04-05T17:06:49.000","2016-04-05T17:06:49.000",,,"Code 2 Transport","2016-04-05T17:20:22.000","08TH ST/MISSION ST","San Francisco","94103","B02","36","2318","2","2","2","true","Non Life-threatening","1","ENGINE","1","2","6","South of Market","160962872-E01","POINT (-122.413155 37.77746)","2024-02-05T03:27:52.000","2024-02-05T10:56:25.000","34"
"161000826","85","16039667","Medical Incident","2016-04-09T00:00:00.000","2016-04-09T00:00:00.000","2016-04-09T08:24:37.000","2016-04-09T08:24:37.000","2016-04-09T08:25:42.000","2016-04-09T08:26:19.000",,,,"Unable to Locate","2016-04-09T08:34:13.000","WALLER ST/LAGUNA ST","San Francisco","94102","B02","36","3416","3","3","3","true","Potentially Life-Threatening","1","MEDIC","2","2","8","Hayes Valley","161000826-85","POINT (-122.42532 37.771797)","2024-02-05T03:27:52.000","2024-02-05T10:56:25.000","9"
"161020948","71","16040467","Medical Incident","2016-04-11T00:00:00.000","2016-04-11T00:00:00.000","2016-04-11T09:06:39.000","2016-04-11T09:08:52.000","2016-04-11T09:08:59.000","2016-04-11T09:09:07.000","2016-04-11T09:19:41.000","2016-04-11T09:35:11.000","2016-04-11T09:57:25.000","Code 2 Transport","2016-04-11T10:32:22.000","ATHENS ST/NAPLES ST","San Francisco","94112","B09","43","6223","2","2","2","true","Non Life-threatening","1","MEDIC","1","9","11","Excelsior","161020948-71","POINT (-122.437485 37.71237)","2024-02-05T03:27:52.000","2024-02-05T10:56:25.000","7"
"160972529","E03","16038474","Medical Incident","2016-04-06T00:00:00.000","2016-04-06T00:00:00.000","2016-04-06T14:51:26.000","2016-04-06T14:53:57.000","2016-04-06T14:54:46.000","2016-04-06T14:57:17.000",,,,"Code 2 Transport","2016-04-06T15:00:18.000","GOLDEN GATE AVE/LEAVENWORTH ST","San Francisco","94102","B02","01","1546","3","3","3","true","Potentially Life-Threatening","1","ENGINE","2","2","6","Tenderloin","160972529-E03","POINT (-122.413864 37.781864)","2024-02-05T03:27:52.000","2024-02-05T10:56:25.000","36"
"160981157","70","16038839","Medical Incident","2016-04-07T00:00:00.000","2016-04-07T00:00:00.000","2016-04-07T09:37:08.000","2016-04-07T09:37:08.000","2016-04-07T09:37:30.000","2016-04-07T09:38:03.000","2016-04-07T09:52:54.000","2016-04-07T10:08:07.000","2016-04-07T10:35:11.000","Code 2 Transport","2016-04-07T12:07:16.000","VINTON CT/GRANT AVE","San Francisco","94108","B01","13","1314","3","3","3","true","Potentially Life-Threatening","1","MEDIC","3","1","3","Financial District/South Beach","160981157-70","POINT (-122.4058 37.79178)","2024-02-05T03:27:52.000","2024-02-05T10:56:25.000","8"
"160963374","E35","16038144","Medical Incident","2016-04-05T00:00:00.000","2016-04-05T00:00:00.000","2016-04-05T18:54:00.000","2016-04-05T18:54:00.000","2016-04-05T18:54:33.000","2016-04-05T18:55:48.000","2016-04-05T19:00:58.000",,,"No Merit","2016-04-05T19:06:08.000","STEUART ST/MARKET ST","San Francisco","94105","B03","35","0902","2","2","2","false","Non Life-threatening","1","ENGINE","1","1","3","Financial District/South Beach","160963374-E35","POINT (-122.394745 37.79448)","2024-02-05T03:27:52.000","2024-02-05T10:56:25.000","8"
"161032852","E19","16040983","Medical Incident","2016-04-12T00:00:00.000","2016-04-12T00:00:00.000","2016-04-12T16:43:41.000","2016-04-12T16:44:16.000","2016-04-12T16:44:35.000","2016-04-12T16:45:42.000","2016-04-12T16:48:33.000",,,"Code 2 Transport","2016-04-12T16:57:10.000","SLOAT BLVD/ARDENWOOD WAY","San Francisco","94132","B08","19","7413","3","E","3","true","Potentially Life-Threatening","1","ENGINE","2","8","7","West of Twin Peaks","161032852-E19","POINT (-122.47263 37.7348)","2024-02-05T03:27:52.000","2024-02-05T10:56:25.000","41"
"161002089","T16","16039814","Water Rescue","2016-04-09T00:00:00.000","2016-04-09T00:00:00.000","2016-04-09T15:39:48.000","2016-04-09T15:40:46.000","2016-04-09T15:41:09.000","2016-04-09T15:43:15.000","2016-04-09T15:45:48.000",,,"Medical Examiner","2016-04-09T17:32:39.000","MARINE DR/END","San Francisco","94129","B99","51","4632","3","3","3","false","Fire","1","TRUCK","1","7","2","Presidio","161002089-T16","POINT (-122.4766 37.81068)","2024-02-05T03:27:52.000","2024-02-05T10:56:25.000","27"
"160941009","E25","16037202","Gas Leak (Natural and LP Gases)","2016-04-03T00:00:00.000","2016-04-03T00:00:00.000","2016-04-03T08:53:26.000","2016-04-03T08:55:18.000","2016-04-03T08:56:02.000","2016-04-03T08:59:05.000","2016-04-03T09:00:11.000",,,"Fire","2016-04-03T09:09:41.000","REBECCA LN/KEITH ST","San Francisco","94124","B10","25","6565","3","3","3","false","Alarm","1","ENGINE","1","10","10","Bayview Hunters Point","160941009-E25","POINT (-122.38177 37.737465)","2024-02-05T03:27:52.000","2024-02-05T10:56:25.000","1"
"160952272","82","16037661","Medical Incident","2016-04-04T00:00:00.000","2016-04-04T00:00:00.000","2016-04-04T14:44:26.000","2016-04-04T14:45:05.000","2016-04-04T14:45:33.000","2016-04-04T14:45:46.000","2016-04-04T14:48:16.000","2016-04-04T15:07:38.000","2016-04-04T15:20:40.000","Code 2 Transport","2016-04-04T15:53:04.000","FULTON ST/FILLMORE ST","San Francisco","94117","B05","05","3534","3","3","3","true","Potentially Life-Threatening","1","MEDIC","2","5","5","Hayes Valley","160952272-82","POINT (-122.43157 37.7777)","2024-02-05T03:27:52.000","2024-02-05T10:56:25.000","9"
"161001150","KM06","16039703","Medical Incident","2016-04-09T00:00:00.000","2016-04-09T00:00:00.000","2016-04-09T10:24:10.000","2016-04-09T10:25:46.000","2016-04-09T10:40:57.000","2016-04-09T10:40:57.000","2016-04-09T10:43:42.000","2016-04-09T10:51:44.000","2016-04-09T11:08:00.000","Code 2 Transport","2016-04-09T11:48:59.000","GOLDEN GATE AVE/LEAVENWORTH ST","San Francisco","94102","B02","01","1546","2","2","2","false","Non Life-threatening","1","PRIVATE","2","2","6","Tenderloin","161001150-KM06","POINT (-122.413864 37.781864)","2024-02-05T03:27:52.000","2024-02-05T10:56:25.000","36"
"161002302","E03","16039841","Medical Incident","2016-04-09T00:00:00.000","2016-04-09T00:00:00.000","2016-04-09T16:47:02.000","2016-04-09T16:47:14.000","2016-04-09T16:48:30.000","2016-04-09T16:50:27.000","2016-04-09T16:51:14.000",,,"Code 2 Transport","2016-04-09T17:02:03.000","CEDAR ST/LARKIN ST","San Francisco","94109","B04","03","1641","2","2","2","true","Potentially Life-Threatening","1","ENGINE","1","4","6","Tenderloin","161002302-E03","POINT (-122.41818 37.786568)","2024-02-05T03:27:52.000","2024-02-05T10:56:25.000","36"
"161042288","RC1","16041320","Medical Incident","2016-04-13T00:00:00.000","2016-04-13T00:00:00.000","2016-04-13T14:42:35.000","2016-04-13T14:43:11.000","2016-04-13T14:43:58.000","2016-04-13T14:43:58.000","2016-04-13T14:48:51.000",,,"Code 2 Transport","2016-04-13T15:02:27.000","ELLIS ST/MASON ST","San Francisco","94102","B03","01","1366","3","3","3","true","Potentially Life-Threatening","1","RESCUE CAPTAIN","2","3","3","Tenderloin","161042288-RC1","POINT (-122.4095 37.785282)","2024-02-05T03:27:52.000","2024-02-05T10:56:25.000","36"
"160953884","E32","16037809","Outside Fire","2016-04-04T00:00:00.000","2016-04-04T00:00:00.000","2016-04-04T22:00:48.000","2016-04-04T22:02:58.000","2016-04-04T22:09:27.000","2016-04-04T22:10:48.000","2016-04-04T22:20:07.000",,,"Fire","2016-04-04T22:52:48.000","PERALTA AVE/MOJAVE ST","San Francisco","94110","B10","09","2626","3","3","3","false","Fire","1","ENGINE","2","10","9","Bernal Heights","160953884-E32","POINT (-122.40896 37.73885)","2024-02-05T03:27:52.000","2024-02-05T10:56:25.000","2"
"161012096","E01","16040220","Medical Incident","2016-04-10T00:00:00.000","2016-04-10T00:00:00.000","2016-04-10T14:59:13.000","2016-04-10T14:59:47.000","2016-04-10T15:00:15.000","2016-04-10T15:00:58.000","2016-04-10T15:04:37.000",,,"Code 2 Transport","2016-04-10T15:10:40.000","08TH ST/MISSION ST","San Francisco","94103","B02","36","2318","2","2","2","true","Potentially Life-Threatening","1","ENGINE","2","2","6","South of Market","161012096-E01","POINT (-122.413155 37.77746)","2024-02-05T03:27:52.000","2024-02-05T10:56:25.000","34"
"160931902","54","16036881","Medical Incident","2016-04-02T00:00:00.000","2016-04-02T00:00:00.000","2016-04-02T13:51:03.000","2016-04-02T13:52:22.000","2016-04-02T13:54:24.000","2016-04-02T13:57:36.000","2016-04-02T14:09:50.000","2016-04-02T14:09:58.000","2016-04-02T14:37:39.000","Code 2 Transport","2016-04-02T15:13:59.000","BAY ST/COLUMBUS AVE","San Francisco","94133","B01","28","1425","3","3","3","true","Potentially Life-Threatening","1","MEDIC","2","1","2","Russian Hill","160931902-54","POINT (-122.41723 37.80517)","2024-02-05T03:27:52.000","2024-02-05T10:56:25.000","32"
"161010175","76","16040016","Medical Incident","2016-04-10T00:00:00.000","2016-04-09T00:00:00.000","2016-04-10T00:51:00.000","2016-04-10T00:53:30.000","2016-04-10T00:53:59.000","2016-04-10T00:54:18.000","2016-04-10T00:57:03.000","2016-04-10T01:32:01.000","2016-04-10T01:09:27.000","Code 2 Transport","2016-04-10T02:24:05.000","MALDEN ALY/HOWARD ST","San Francisco","94105","B03","35","2141","3","3","3","true","Potentially Life-Threatening","1","MEDIC","1","3","6","Financial District/South Beach","161010175-76","POINT (-122.397934 37.787037)","2024-02-05T03:27:52.000","2024-02-05T10:56:25.000","8"
"160961818","82","16038016","Medical Incident","2016-04-05T00:00:00.000","2016-04-05T00:00:00.000","2016-04-05T13:00:30.000","2016-04-05T13:00:30.000","2016-04-05T13:00:30.000","2016-04-05T13:00:30.000","2016-04-05T13:00:30.000",,,"No Merit","2016-04-05T13:05:00.000","HYDE ST/OFARRELL ST","San Francisco","94109","B99","03","1642","2","2","2","true","Non Life-threatening","1","MEDIC","1","2","6","Tenderloin","160961818-82","POINT (-122.41626 37.785378)","2024-02-05T03:27:52.000","2024-02-05T10:56:25.000","36"
"161040108","AM20","16041124","Medical Incident","2016-04-13T00:00:00.000","2016-04-12T00:00:00.000","2016-04-13T00:55:51.000","2016-04-13T00:55:51.000","2016-04-13T00:56:19.000","2016-04-13T00:57:13.000","2016-04-13T01:03:28.000",,,"Gone on Arrival","2016-04-13T01:04:22.000","15TH ST/MISSION ST","San Francisco","94103","B02","36","5279","2","2","2","false","Non Life-threatening","1","PRIVATE","1","2","9","Mission","161040108-AM20","POINT (-122.41982 37.766674)","2024-02-05T03:27:52.000","2024-02-05T10:56:25.000","20"
"161023345","E42","16040677","Medical Incident","2016-04-11T00:00:00.000","2016-04-11T00:00:00.000","2016-04-11T18:54:34.000","2016-04-11T18:56:37.000","2016-04-11T18:58:19.000","2016-04-11T18:59:51.000","2016-04-11T19:04:13.000",,,"Code 2 Transport","2016-04-11T19:26:06.000","TOMPKINS AVE/BRONTE ST","San Francisco","94110","B10","42","6373","2","2","2","true","Non Life-threatening","1","ENGINE","1","10","9","Bernal Heights","161023345-E42","POINT (-122.41038 37.736893)","2024-02-05T03:27:52.000","2024-02-05T10:56:25.000","2"
"160991008","71","16039238","Medical Incident","2016-04-08T00:00:00.000","2016-04-08T00:00:00.000","2016-04-08T09:47:31.000","2016-04-08T09:48:53.000","2016-04-08T09:49:21.000","2016-04-08T09:49:32.000","2016-04-08T10:03:00.000",,,"No Merit","2016-04-08T10:03:31.000","MARY ST/MISSION ST","San Francisco","94103","B03","01","2246","2","2","2","true","Potentially Life-Threatening","1","MEDIC","2","3","6","South of Market","160991008-71","POINT (-122.40726 37.78212)","2024-02-05T03:27:52.000","2024-02-05T10:56:25.000","34"
"160993781","E03","16039502","Medical Incident","2016-04-08T00:00:00.000","2016-04-08T00:00:00.000","2016-04-08T22:03:09.000","2016-04-08T22:04:30.000","2016-04-08T22:05:37.000","2016-04-08T22:06:22.000","2016-04-08T22:09:35.000",,,"Code 2 Transport","2016-04-08T22:20:27.000","TAYLOR ST/PINE ST","San Francisco","94108","B01","41","1446","2","2","2","true","Potentially Life-Threatening","1","ENGINE","2","1","3","Nob Hill","160993781-E03","POINT (-122.41227 37.790672)","2024-02-05T03:27:52.000","2024-02-05T10:56:25.000","21"
"161041148","E13","16041217","Medical Incident","2016-04-13T00:00:00.000","2016-04-13T00:00:00.000","2016-04-13T09:57:17.000","2016-04-13T09:57:17.000","2016-04-13T09:58:05.000","2016-04-13T09:58:39.000","2016-04-13T10:00:14.000",,,"Code 2 Transport","2016-04-13T10:14:09.000","VALLEJO ST/TURK MURPHY LN","San Francisco","94133","B01","02","1333","3","3","3","true","Potentially Life-Threatening","1","ENGINE","1","1","3","Chinatown","161041148-E13","POINT (-122.40988 37.798443)","2024-02-05T03:27:52.000","2024-02-05T10:56:25.000","6"
"160982012","E15","16038929","Medical Incident","2016-04-07T00:00:00.000","2016-04-07T00:00:00.000","2016-04-07T13:22:13.000","2016-04-07T13:23:36.000","2016-04-07T13:23:51.000","2016-04-07T13:24:45.000","2016-04-07T13:27:19.000",,,"Patient Declined Transport","2016-04-07T13:35:49.000","STAPLES AVE/FOERSTER ST","San Francisco","94112","B09","15","8232","3","3","3","true","Non Life-threatening","1","ENGINE","1","9","7","West of Twin Peaks","160982012-E15","POINT (-122.44885 37.729073)","2024-02-05T03:27:52.000","2024-02-05T10:56:25.000","41"
"160992701","E36","16039397","Medical Incident","2016-04-08T00:00:00.000","2016-04-08T00:00:00.000","2016-04-08T17:13:17.000","2016-04-08T17:13:17.000","2016-04-08T17:13:31.000",,,,,"Code 2 Transport","2016-04-08T17:14:50.000","VAN NESS AVE/REDWOOD ST","San Francisco","94102","B02","36","3164","3","3","3","true","Potentially Life-Threatening","1","ENGINE","3","2","6","Tenderloin","160992701-E36","POINT (-122.42026 37.780575)","2024-02-05T03:27:52.000","2024-02-05T10:56:25.000","36"
"160932408","E01","16036936","Medical Incident","2016-04-02T00:00:00.000","2016-04-02T00:00:00.000","2016-04-02T16:20:08.000","2016-04-02T16:21:18.000","2016-04-02T16:21:39.000",,,,,"Code 2 Transport","2016-04-02T16:24:02.000","EDDY ST/JONES ST","San Francisco","94102","B03","03","1461","2","3","3","true","Potentially Life-Threatening","1","ENGINE","3","2","6","Tenderloin","160932408-E01","POINT (-122.4126 37.78393)","2024-02-05T03:27:52.000","2024-02-05T10:56:25.000","36"
"160990503","AM04","16039199","Medical Incident","2016-04-08T00:00:00.000","2016-04-07T00:00:00.000","2016-04-08T06:44:36.000","2016-04-08T06:46:01.000","2016-04-08T06:46:18.000","2016-04-08T06:47:12.000","2016-04-08T06:54:10.000","2016-04-08T07:17:11.000","2016-04-08T07:46:13.000","Code 2 Transport","2016-04-08T08:12:32.000","ARGUELLO BLVD/JACKSON ST","San Francisco","94118","B07","10","4443","3","3","3","false","Potentially Life-Threatening","1","PRIVATE","2","7","2","Presidio Heights","160990503-AM04","POINT (-122.45945 37.789303)","2024-02-05T03:27:52.000","2024-02-05T10:56:25.000","31"
"160993915","AM20","16039517","Medical Incident","2016-04-08T00:00:00.000","2016-04-08T00:00:00.000","2016-04-08T22:51:50.000","2016-04-08T22:52:10.000","2016-04-08T23:15:55.000","2016-04-08T23:16:23.000",,,,"Code 2 Transport","2016-04-08T23:17:02.000","SYCAMORE ST/VALENCIA ST","San Francisco","94110","B02","07","5247","2","2","2","false","Non Life-threatening","1","PRIVATE","4","2","8","Mission","160993915-AM20","POINT (-122.42166 37.762577)","2024-02-05T03:27:52.000","2024-02-05T10:56:25.000","20"
"161022155","50","16040584","Medical Incident","2016-04-11T00:00:00.000","2016-04-11T00:00:00.000","2016-04-11T14:09:13.000","2016-04-11T14:09:40.000","2016-04-11T14:10:07.000","2016-04-11T14:10:18.000","2016-04-11T14:13:32.000","2016-04-11T14:32:52.000","2016-04-11T15:02:58.000","Code 2 Transport","2016-04-11T15:37:03.000","VAN NESS AVE/OAK ST","San Francisco","94102","B02","36","3211","3","3","3","true","Potentially Life-Threatening","1","MEDIC","1","2","6","Tenderloin","161022155-50","POINT (-122.419395 37.77542)","2024-02-05T03:27:52.000","2024-02-05T10:56:25.000","36"
"160942717","61","16037357","Medical Incident","2016-04-03T00:00:00.000","2016-04-03T00:00:00.000","2016-04-03T17:23:27.000","2016-04-03T17:25:27.000","2016-04-03T17:27:52.000","2016-04-03T17:27:52.000","2016-04-03T17:35:36.000","2016-04-03T18:20:10.000","2016-04-03T18:03:18.000","Code 2 Transport","2016-04-03T18:32:04.000","BEACH ST/JONES ST","San Francisco","94133","B01","28","1521","2","2","2","true","Non Life-threatening","1","MEDIC","2","1","3","North Beach","160942717-61","POINT (-122.41726 37.80707)","2024-02-05T03:27:52.000","2024-02-05T10:56:25.000","23"
"161011242","53","16040152","Medical Incident","2016-04-10T00:00:00.000","2016-04-10T00:00:00.000","2016-04-10T10:43:12.000","2016-04-10T10:46:06.000","2016-04-10T10:47:15.000","2016-04-10T10:47:25.000","2016-04-10T10:52:12.000","2016-04-10T11:24:50.000","2016-04-10T12:00:51.000","Code 2 Transport","2016-04-10T12:39:00.000","33RD AVE/CABRILLO ST","San Francisco","94121","B07","14","7243","3","3","3","true","Potentially Life-Threatening","1","MEDIC","2","7","1","Outer Richmond","161011242-53","POINT (-122.492905 37.774044)","2024-02-05T03:27:52.000","2024-02-05T10:56:25.000","29"
"160990122","55","16039161","Medical Incident","2016-04-08T00:00:00.000","2016-04-07T00:00:00.000","2016-04-08T01:05:35.000","2016-04-08T01:06:15.000","2016-04-08T01:06:24.000","2016-04-08T01:07:43.000","2016-04-08T01:11:14.000","2016-04-08T01:36:30.000","2016-04-08T01:56:58.000","Code 2 Transport","2016-04-08T02:42:23.000","VALLEY ST/SAN JOSE AVE","San Francisco","94110","B06","11","5577","3","3","3","true","Potentially Life-Threatening","1","MEDIC","3","6","8","Bernal Heights","160990122-55","POINT (-122.42244 37.74476)","2024-02-05T03:27:52.000","2024-02-05T10:56:25.000","22"
"160953591","E41","16037786","Medical Incident","2016-04-04T00:00:00.000","2016-04-04T00:00:00.000","2016-04-04T20:31:59.000","2016-04-04T20:31:59.000","2016-04-04T20:33:04.000","2016-04-04T20:34:01.000","2016-04-04T20:35:51.000",,,"Code 2 Transport","2016-04-04T20:42:42.000","CALIFORNIA ST/POLK ST","San Francisco","94109","B04","41","1635","3","3","3","false","Potentially Life-Threatening","1","ENGINE","2","4","3","Nob Hill","160953591-E41","POINT (-122.420685 37.790577)","2024-02-05T03:27:52.000","2024-02-05T10:56:25.000","21"
"160923218","88","16036580","Medical Incident","2016-04-01T00:00:00.000","2016-04-01T00:00:00.000","2016-04-01T19:30:49.000","2016-04-01T19:32:02.000","2016-04-01T19:32:27.000","2016-04-01T19:32:38.000","2016-04-01T19:40:41.000","2016-04-01T20:01:48.000","2016-04-01T20:26:45.000","Code 2 Transport","2016-04-01T21:03:49.000","CAPITOL AVE/MONTANA ST","San Francisco","94112","B09","33","8373","2","2","2","true","Potentially Life-Threatening","1","MEDIC","1","9","11","Oceanview/Merced/Ingleside","160923218-88","POINT (-122.45906 37.716602)","2024-02-05T03:27:52.000","2024-02-05T10:56:25.000","24"
"161023601","KM03","16040700","Medical Incident","2016-04-11T00:00:00.000","2016-04-11T00:00:00.000","2016-04-11T20:22:45.000","2016-04-11T20:23:10.000","2016-04-11T20:23:22.000","2016-04-11T20:23:51.000","2016-04-11T20:26:54.000","2016-04-11T20:38:36.000","2016-04-11T20:47:04.000","Code 2 Transport","2016-04-11T21:29:11.000","LYON ST/GREENWICH ST","San Francisco","94123","B04","16","4331","3","3","3","false","Potentially Life-Threatening","1","PRIVATE","2","4","2","Presidio","161023601-KM03","POINT (-122.44716 37.797516)","2024-02-05T03:27:52.000","2024-02-05T10:56:25.000","27"
"161001332","61","16039727","Medical Incident","2016-04-09T00:00:00.000","2016-04-09T00:00:00.000","2016-04-09T11:26:40.000","2016-04-09T11:27:09.000","2016-04-09T11:27:54.000","2016-04-09T11:28:02.000","2016-04-09T11:42:32.000","2016-04-09T11:50:40.000","2016-04-09T12:04:13.000","Code 2 Transport","2016-04-09T12:29:32.000","STEVENSON ST/MCCOPPIN ST","San Francisco","94103","B02","36","5115","2","2","2","true","Non Life-threatening","1","MEDIC","2","2","6","Mission","161001332-61","POINT (-122.421745 37.77164)","2024-02-05T03:27:52.000","2024-02-05T10:56:25.000","20"
"161012816","KM04","16040285","Medical Incident","2016-04-10T00:00:00.000","2016-04-10T00:00:00.000","2016-04-10T18:30:25.000","2016-04-10T18:31:42.000","2016-04-10T18:32:26.000","2016-04-10T18:33:01.000","2016-04-10T18:49:10.000","2016-04-10T18:56:06.000","2016-04-10T19:14:27.000","Code 2 Transport","2016-04-10T19:29:11.000","GENEVA AVE/LINDA VISTA STPS","San Francisco","94112","B09","43","6172","2","2","2","false","Potentially Life-Threatening","1","PRIVATE","2","9","11","Excelsior","161012816-KM04","POINT (-122.429695 37.712265)","2024-02-05T03:27:52.000","2024-02-05T10:56:25.000","7"
"160973230","CR1","16038555","Medical Incident","2016-04-06T00:00:00.000","2016-04-06T00:00:00.000","2016-04-06T17:17:34.000","2016-04-06T17:18:16.000","2016-04-06T17:19:51.000","2016-04-06T17:22:12.000",,,,"Code 2 Transport","2016-04-06T17:57:10.000","EL CAMINO DEL MAR/SEAL ROCK DR","San Francisco","94121","B07","34","7313","3","3","3","false","Potentially Life-Threatening","1","SUPPORT","4","7","1","Outer Richmond","160973230-CR1","POINT (-122.50988 37.78063)","2024-02-05T03:27:52.000","2024-02-05T10:56:25.000","17"
"160963466","T12","16038151","Alarms","2016-04-05T00:00:00.000","2016-04-05T00:00:00.000","2016-04-05T19:19:58.000","2016-04-05T19:20:54.000","2016-04-05T19:21:04.000","2016-04-05T19:22:53.000",,,,"Fire","2016-04-05T19:25:51.000","FUNSTON AVE/MORAGA ST","San Francisco","94122","B08","22","7343","3","3","3","false","Alarm","1","TRUCK","3","8","7","Inner Sunset","160963466-T12","POINT (-122.47007 37.75639)","2024-02-05T03:27:52.000","2024-02-05T10:56:25.000","14"
"161001643","E19","16039770","Medical Incident","2016-04-09T00:00:00.000","2016-04-09T00:00:00.000","2016-04-09T13:16:39.000","2016-04-09T13:18:15.000","2016-04-09T13:19:11.000","2016-04-09T13:20:21.000","2016-04-09T13:26:48.000",,,"Code 2 Transport","2016-04-09T13:56:04.000",,"San Francisco","94132","B08","19","8716","2","2","2","true","Non Life-threatening","1","ENGINE","1","8","7","Lakeshore","161001643-E19","POINT (-122.501724059 37.728324364)","2024-02-05T03:27:52.000","2024-02-05T10:56:25.000","16"
"160943153","E28","16037398","Medical Incident","2016-04-03T00:00:00.000","2016-04-03T00:00:00.000","2016-04-03T19:44:54.000","2016-04-03T19:47:08.000","2016-04-03T19:47:26.000","2016-04-03T19:48:42.000","2016-04-03T19:50:10.000",,,"No Merit","2016-04-03T19:55:40.000","BAY ST/TAYLOR ST","San Francisco","94133","B01","28","1434","3","3","3","false","Potentially Life-Threatening","1","ENGINE","1","1","3","North Beach","160943153-E28","POINT (-122.415245 37.805416)","2024-02-05T03:27:52.000","2024-02-05T10:56:25.000","23"
"161020096","72","16040377","Medical Incident","2016-04-11T00:00:00.000","2016-04-10T00:00:00.000","2016-04-11T00:47:32.000","2016-04-11T00:47:32.000","2016-04-11T00:48:55.000","2016-04-11T00:49:21.000","2016-04-11T01:00:19.000",,,"Patient Declined Transport","2016-04-11T02:04:41.000","ROLPH ST/CORDOVA ST","San Francisco","94112","B09","43","6224","2","2","2","true","Non Life-threatening","1","MEDIC","1","9","11","Excelsior","161020096-72","POINT (-122.43633 37.713413)","2024-02-05T03:27:52.000","2024-02-05T10:56:25.000","7"
"161031512","E03","16040887","Medical Incident","2016-04-12T00:00:00.000","2016-04-12T00:00:00.000","2016-04-12T11:30:59.000","2016-04-12T11:33:47.000","2016-04-12T11:34:01.000","2016-04-12T11:35:02.000","2016-04-12T11:38:09.000",,,"Code 2 Transport","2016-04-12T11:49:39.000","OPHIR ALY/COSMO PL","San Francisco","94109","B01","03","1451","2","2","2","true","Non Life-threatening","1","ENGINE","1","1","3","Nob Hill","161031512-E03","POINT (-122.412796 37.788036)","2024-02-05T03:27:52.000","2024-02-05T10:56:25.000","21"
"161032384","85","16040957","Medical Incident","2016-04-12T00:00:00.000","2016-04-12T00:00:00.000","2016-04-12T15:07:31.000","2016-04-12T15:09:11.000","2016-04-12T15:09:21.000","2016-04-12T15:09:30.000","2016-04-12T15:26:37.000",,,"No Merit","2016-04-12T15:30:08.000","ORTEGA ST/10TH AVE","San Francisco","94116","B08","22","7342","2","2","2","true","Non Life-threatening","1","MEDIC","1","8","7","Inner Sunset","161032384-85","POINT (-122.4666 37.752804)","2024-02-05T03:27:52.000","2024-02-05T10:56:25.000","14"
"160930259","T09","16036692","Structure Fire / Smoke in Building","2016-04-02T00:00:00.000","2016-04-01T00:00:00.000","2016-04-02T01:45:59.000","2016-04-02T01:45:59.000","2016-04-02T01:46:25.000","2016-04-02T01:48:41.000","2016-04-02T01:50:27.000",,,"Fire","2016-04-02T01:51:12.000","RHODE ISLAND ST/26TH ST","San Francisco","94107","B10","09","2631","3","3","3","false","Alarm","1","TRUCK","1","10","10","Bayview Hunters Point","160930259-T09","POINT (-122.40123 37.750633)","2024-02-05T03:27:52.000","2024-02-05T10:56:25.000","26"
"160933776","AM20","16037067","Medical Incident","2016-04-02T00:00:00.000","2016-04-02T00:00:00.000","2016-04-02T22:41:22.000","2016-04-02T22:44:30.000","2016-04-02T22:44:54.000","2016-04-02T22:45:45.000","2016-04-02T22:56:41.000","2016-04-02T23:10:19.000","2016-04-02T23:23:23.000","Code 2 Transport","2016-04-03T00:00:25.000","QUESADA AVE/HAWES ST","San Francisco","94124","B10","17","6634","2","2","2","false","Potentially Life-Threatening","1","PRIVATE","2","10","10","Bayview Hunters Point","160933776-AM20","POINT (-122.382126 37.72805)","2024-02-05T03:27:52.000","2024-02-05T10:56:25.000","1"
"160922187","67","16036485","Medical Incident","2016-04-01T00:00:00.000","2016-04-01T00:00:00.000","2016-04-01T15:12:42.000","2016-04-01T15:13:33.000","2016-04-01T15:15:17.000","2016-04-01T15:15:25.000","2016-04-01T15:23:04.000","2016-04-01T15:42:47.000","2016-04-01T15:53:09.000","Code 2 Transport","2016-04-01T16:38:19.000","GEARY BLVD/WOOD ST","San Francisco","94118","B05","10","4455","3","3","3","true","Potentially Life-Threatening","1","MEDIC","2","5","2","Presidio Heights","160922187-67","POINT (-122.44908 37.782314)","2024-02-05T03:27:52.000","2024-02-05T10:56:25.000","31"
"161031345","E36","16040873","Alarms","2016-04-12T00:00:00.000","2016-04-12T00:00:00.000","2016-04-12T10:56:31.000","2016-04-12T10:57:31.000","2016-04-12T10:57:44.000","2016-04-12T10:59:08.000","2016-04-12T11:00:37.000",,,"Fire","2016-04-12T11:08:40.000","MCALLISTER ST/CHARLES J BRENHAM PL","San Francisco","94102","B03","01","1455","3","3","3","true","Alarm","1","ENGINE","1","2","6","Tenderloin","161031345-E36","POINT (-122.41315 37.780994)","2024-02-05T03:27:52.000","2024-02-05T10:56:25.000","36"
"161012542","RC3","16040264","Medical Incident","2016-04-10T00:00:00.000","2016-04-10T00:00:00.000","2016-04-10T17:21:14.000","2016-04-10T17:22:13.000","2016-04-10T17:22:49.000","2016-04-10T17:24:51.000",,,,"Medical Examiner","2016-04-10T17:26:40.000","LAWTON ST/16TH AVE","San Francisco","94122","B08","22","7372","E","E","3","true","Potentially Life-Threatening","1","RESCUE CAPTAIN","6","8","7","Inner Sunset","161012542-RC3","POINT (-122.473495 37.75933)","2024-02-05T03:27:52.000","2024-02-05T10:56:25.000","14"
"160943590","E03","16037451","Structure Fire / Smoke in Building","2016-04-03T00:00:00.000","2016-04-03T00:00:00.000","2016-04-03T22:30:45.000","2016-04-03T22:30:45.000","2016-04-03T22:30:57.000","2016-04-03T22:31:17.000",,,,"Fire","2016-04-03T22:33:16.000","EDDY ST/LARKIN ST","San Francisco","94109","B02","03","1643","3","3","3","true","Alarm","1","ENGINE","1","2","6","Tenderloin","160943590-E03","POINT (-122.41753 37.78331)","2024-02-05T03:27:52.000","2024-02-05T10:56:25.000","36"
"160981022","E01","16038826","Medical Incident","2016-04-07T00:00:00.000","2016-04-07T00:00:00.000","2016-04-07T08:57:24.000","2016-04-07T08:57:54.000","2016-04-07T08:58:14.000","2016-04-07T09:01:02.000","2016-04-07T09:05:20.000",,,"Unable to Locate","2016-04-07T09:12:22.000","MARKET ST/POWELL ST","San Francisco","94103","B03","01","2209","3","3","3","true","Potentially Life-Threatening","1","ENGINE","2","3","3","Financial District/South Beach","160981022-E01","POINT (-122.40733 37.78456)","2024-02-05T03:27:52.000","2024-02-05T10:56:25.000","34"
"161001615","AM08","16039764","Medical Incident","2016-04-09T00:00:00.000","2016-04-09T00:00:00.000","2016-04-09T13:05:33.000","2016-04-09T13:06:29.000","2016-04-09T13:08:00.000",,,,,"Cancelled","2016-04-09T13:10:11.000","STANYAN ST/GOLDEN GATE AVE","San Francisco","94118","B07","21","4557","3","E","3","false","Potentially Life-Threatening","1","PRIVATE","3","5","1","Lone Mountain/USF","161001615-AM08","POINT (-122.455124 37.777027)","2024-02-05T03:27:52.000","2024-02-05T10:56:25.000","18"
"161011308","E16","16040162","Medical Incident","2016-04-10T00:00:00.000","2016-04-10T00:00:00.000","2016-04-10T11:09:36.000","2016-04-10T11:10:31.000","2016-04-10T11:11:01.000",,,,,"Code 2 Transport","2016-04-10T11:12:22.000","WEBSTER ST/PACIFIC AVE","San Francisco","94115","B04","38","3441","3","3","3","true","Potentially Life-Threatening","1","ENGINE","4","4","2","Pacific Heights","161011308-E16","POINT (-122.43309 37.793556)","2024-02-05T03:27:52.000","2024-02-05T10:56:25.000","30"
"160940513","63","16037144","Medical Incident","2016-04-03T00:00:00.000","2016-04-02T00:00:00.000","2016-04-03T03:24:14.000","2016-04-03T03:24:14.000","2016-04-03T03:24:33.000",,,,,"Code 2 Transport","2016-04-03T03:25:20.000","03RD ST/FOLSOM ST","San Francisco","94107","B03","01","2176","3","3","3","true","Potentially Life-Threatening","1","MEDIC","3","3","6","South of Market","160940513-63","POINT (-122.39893 37.783787)","2024-02-05T03:27:52.000","2024-02-05T10:56:25.000","8"
"160933122","RC3","16037009","Medical Incident","2016-04-02T00:00:00.000","2016-04-02T00:00:00.000","2016-04-02T19:31:46.000","2016-04-02T19:31:46.000","2016-04-02T19:32:09.000","2016-04-02T19:33:41.000",,,,"Cancelled","2016-04-02T19:37:06.000","TURK ST/JONES ST","San Francisco","94102","B03","01","1456","A","E","3","true","Potentially Life-Threatening","1","RESCUE CAPTAIN","3","2","6","Tenderloin","160933122-RC3","POINT (-122.412415 37.783005)","2024-02-05T03:27:52.000","2024-02-05T10:56:25.000","36"
"160931859","56","16036874","Medical Incident","2016-04-02T00:00:00.000","2016-04-02T00:00:00.000","2016-04-02T13:38:05.000","2016-04-02T13:39:34.000","2016-04-02T13:46:42.000","2016-04-02T13:47:12.000","2016-04-02T14:00:31.000","2016-04-02T14:14:50.000","2016-04-02T14:45:42.000","Code 2 Transport","2016-04-02T15:23:34.000","11TH ST/MINNA ST","San Francisco","94103","B02","36","5114","2","2","2","false","Potentially Life-Threatening","1","MEDIC","2","2","6","South of Market","160931859-56","POINT (-122.41657 37.773907)","2024-02-05T03:27:52.000","2024-02-05T10:56:25.000","34"
"160970783","B01","16038310","Alarms","2016-04-06T00:00:00.000","2016-04-06T00:00:00.000","2016-04-06T08:15:00.000","2016-04-06T08:17:24.000","2016-04-06T08:18:08.000","2016-04-06T08:18:43.000",,,,"Fire","2016-04-06T08:26:17.000","VALLEJO ST/BAKER ST","San Francisco","94123","B04","16","4311","3","3","3","false","Alarm","1","CHIEF","3","4","2","Pacific Heights","160970783-B01","POINT (-122.44504 37.793964)","2024-02-05T03:27:52.000","2024-02-05T10:56:25.000","30"
"160964155","E28","16038221","Medical Incident","2016-04-05T00:00:00.000","2016-04-05T00:00:00.000","2016-04-05T23:15:36.000","2016-04-05T23:16:24.000","2016-04-05T23:18:09.000","2016-04-05T23:19:17.000","2016-04-05T23:20:58.000",,,"Code 2 Transport","2016-04-05T23:21:21.000","JANSEN ST/LOMBARD ST","San Francisco","94133","B01","28","1435","3","3","3","false","Potentially Life-Threatening","1","ENGINE","2","1","3","Russian Hill","160964155-E28","POINT (-122.413864 37.802727)","2024-02-05T03:27:52.000","2024-02-05T10:56:25.000","32"
"160982029","T07","16038930","Structure Fire / Smoke in Building","2016-04-07T00:00:00.000","2016-04-07T00:00:00.000","2016-04-07T13:27:19.000","2016-04-07T13:27:43.000","2016-04-07T13:28:06.000","2016-04-07T13:29:24.000","2016-04-07T13:33:14.000",,,"Code 2 Transport","2016-04-07T15:58:01.000","SPARROW ST/CALEDONIA ST","San Francisco","94103","B02","06","5226","3","3","3","false","Fire","1","TRUCK","7","2","9","Mission","160982029-T07","POINT (-122.421455 37.76575)","2024-02-05T03:27:52.000","2024-02-05T10:56:25.000","20"
"160951122","T18","16037566","Electrical Hazard","2016-04-04T00:00:00.000","2016-04-04T00:00:00.000","2016-04-04T10:02:36.000","2016-04-04T10:04:53.000","2016-04-04T10:10:20.000","2016-04-04T10:10:29.000","2016-04-04T10:12:39.000",,,"Fire","2016-04-04T10:40:17.000","48TH AVE/NORIEGA ST","San Francisco","94122","B08","23","7725","3","3","3","false","Alarm","1","TRUCK","2","8","4","Sunset/Parkside","160951122-T18","POINT (-122.507545 37.75287)","2024-02-05T03:27:52.000","2024-02-05T10:56:25.000","35"
"161000716","E34","16039650","Medical Incident","2016-04-09T00:00:00.000","2016-04-08T00:00:00.000","2016-04-09T07:25:38.000","2016-04-09T07:25:59.000","2016-04-09T07:26:14.000","2016-04-09T07:27:47.000","2016-04-09T07:31:49.000",,,"Code 2 Transport","2016-04-09T07:42:31.000","48TH AVE/CABRILLO ST","San Francisco","94121","B07","34","7311","3","3","3","false","Potentially Life-Threatening","1","ENGINE","1","7","1","Outer Richmond","161000716-E34","POINT (-122.50896 37.773308)","2024-02-05T03:27:52.000","2024-02-05T10:56:25.000","29"
"032400019","M29","03068612","Medical Incident","2003-08-28T00:00:00.000","2003-08-27T00:00:00.000","2003-08-28T01:28:05.000","2003-08-28T01:30:03.000","2003-08-28T01:30:17.000","2003-08-28T01:35:49.000","2003-08-28T01:36:00.000","2003-08-28T02:00:35.000","2003-08-28T02:10:01.000","Other","2003-08-28T02:15:45.000","SYCAMORE ST/VALENCIA ST","SF","94110","B02","07","5247","2","2","2","true",,"1","MEDIC","1","2","8","Mission","032400019-M29","POINT (-122.42166 37.762577)","2024-02-05T03:27:52.000","2024-02-05T10:56:25.000","20"
"160940179","76","16037113","Medical Incident","2016-04-03T00:00:00.000","2016-04-02T00:00:00.000","2016-04-03T00:59:47.000","2016-04-03T01:01:40.000","2016-04-03T01:03:03.000","2016-04-03T01:03:10.000","2016-04-03T01:07:22.000","2016-04-03T01:15:15.000","2016-04-03T01:17:45.000","Code 2 Transport","2016-04-03T01:31:07.000","ROSELYN TER/GOLDEN GATE AVE","San Francisco","94117","B05","21","4521","3","3","3","true","Potentially Life-Threatening","1","MEDIC","2","5","1","Lone Mountain/USF","160940179-76","POINT (-122.44957 37.777317)","2024-02-05T03:27:52.000","2024-02-05T10:56:25.000","18"
"161043053","E10","16041396","Medical Incident","2016-04-13T00:00:00.000","2016-04-13T00:00:00.000","2016-04-13T17:41:59.000","2016-04-13T17:42:51.000","2016-04-13T17:43:24.000","2016-04-13T17:44:02.000","2016-04-13T17:47:09.000",,,"Code 2 Transport","2016-04-13T18:02:38.000","GEARY BLVD/DIVISADERO ST","San Francisco","94115","B05","10","4154","3","3","3","true","Potentially Life-Threatening","1","ENGINE","1","5","5","Japantown","161043053-E10","POINT (-122.43948 37.78331)","2024-02-05T03:27:52.000","2024-02-05T10:56:25.000","15"
"161022696","E43","16040632","Structure Fire / Smoke in Building","2016-04-11T00:00:00.000","2016-04-11T00:00:00.000","2016-04-11T16:26:40.000","2016-04-11T16:27:17.000","2016-04-11T16:30:08.000","2016-04-11T16:30:08.000","2016-04-11T16:40:52.000",,,"Fire","2016-04-11T17:15:05.000","UNIVERSITY ST/OLMSTEAD ST","San Francisco","94134","B09","44","6322","3","3","3","true","Alarm","1","ENGINE","7","9","9","Portola","161022696-E43","POINT (-122.411476 37.720253)","2024-02-05T03:27:52.000","2024-02-05T10:56:25.000","25"
"161033003","E41","16040995","Traffic Collision","2016-04-12T00:00:00.000","2016-04-12T00:00:00.000","2016-04-12T17:15:29.000","2016-04-12T17:15:29.000","2016-04-12T17:16:08.000","2016-04-12T17:16:35.000",,,,"Patient Declined Transport","2016-04-12T17:34:11.000","HOWARD ST/06TH ST","San Francisco","94103","B03","01","2252","2","2","2","false","Non Life-threatening","1","ENGINE","2","3","6","South of Market","161033003-E41","POINT (-122.40716 37.77974)","2024-02-05T03:27:52.000","2024-02-05T10:56:25.000","34"
"161002875","EMS6","16039906","Medical Incident","2016-04-09T00:00:00.000","2016-04-09T00:00:00.000","2016-04-09T19:45:50.000","2016-04-09T19:46:48.000","2016-04-09T20:07:40.000","2016-04-09T20:07:40.000","2016-04-09T20:16:41.000",,,"Code 2 Transport","2016-04-09T21:50:58.000","FRONT ST/PINE ST","San Francisco","94111","B01","13","1136","3","3","3","false","Potentially Life-Threatening","1","CHIEF","3","1","3","Financial District/South Beach","161002875-EMS6","POINT (-122.39859 37.792408)","2024-02-05T03:27:52.000","2024-02-05T10:56:25.000","8"
"161032673","68","16040974","Medical Incident","2016-04-12T00:00:00.000","2016-04-12T00:00:00.000","2016-04-12T16:10:12.000","2016-04-12T16:11:18.000","2016-04-12T16:11:49.000","2016-04-12T16:12:19.000","2016-04-12T16:21:45.000",,,"Other","2016-04-12T16:45:44.000","19TH ST/HARRISON ST","San Francisco","94110","B06","07","5432","2","2","2","true","Non Life-threatening","1","MEDIC","1","6","9","Mission","161032673-68","POINT (-122.41264 37.760323)","2024-02-05T03:27:52.000","2024-02-05T10:56:25.000","20"
"160983054","73","16039050","Medical Incident","2016-04-07T00:00:00.000","2016-04-07T00:00:00.000","2016-04-07T18:02:59.000","2016-04-07T18:02:59.000","2016-04-07T18:57:19.000","2016-04-07T18:57:25.000","2016-04-07T19:03:47.000",,,"No Merit","2016-04-07T19:05:10.000","JUDAH ST/07TH AVE","San Francisco","94122","B99","22","7331","2","2","2","true","Non Life-threatening","1","MEDIC","2","8","5","Inner Sunset","160983054-73","POINT (-122.46404 37.762268)","2024-02-05T03:27:52.000","2024-02-05T10:56:25.000","14"
"161034314","68","16041111","Medical Incident","2016-04-12T00:00:00.000","2016-04-12T00:00:00.000","2016-04-12T23:51:04.000","2016-04-12T23:52:30.000","2016-04-12T23:53:09.000","2016-04-12T23:53:22.000","2016-04-12T23:59:57.000","2016-04-13T00:13:37.000","2016-04-13T00:30:34.000","Code 2 Transport","2016-04-13T01:44:03.000","19TH AVE/NORIEGA ST","San Francisco","94122","B08","40","7421","3","3","3","true","Potentially Life-Threatening","1","MEDIC","3","8","7","Inner Sunset","161034314-68","POINT (-122.476425 37.754242)","2024-02-05T03:27:52.000","2024-02-05T10:56:25.000","35"
"160930794","E41","16036750","Medical Incident","2016-04-02T00:00:00.000","2016-04-02T00:00:00.000","2016-04-02T08:15:58.000","2016-04-02T08:15:58.000","2016-04-02T08:16:08.000",,,,,"No Merit","2016-04-02T08:18:25.000","VAN NESS AVE/SACRAMENTO ST","San Francisco","94109","B04","41","3123","3","3","3","false","Potentially Life-Threatening","1","ENGINE","3","4","3","Nob Hill","160930794-E41","POINT (-122.422516 37.79129)","2024-02-05T03:27:52.000","2024-02-05T10:56:25.000","21"
"160992347","KM09","16039365","Medical Incident","2016-04-08T00:00:00.000","2016-04-08T00:00:00.000","2016-04-08T15:47:06.000","2016-04-08T15:48:52.000","2016-04-08T15:59:28.000","2016-04-08T15:59:28.000","2016-04-08T15:59:28.000","2016-04-08T16:30:28.000","2016-04-08T16:49:37.000","Code 2 Transport","2016-04-08T17:15:59.000","ERIE ST/MISSION ST","San Francisco","94103","B02","36","5123","2","2","2","false","Non Life-threatening","1","PRIVATE","1","2","9","Mission","160992347-KM09","POINT (-122.42003 37.769047)","2024-02-05T03:27:52.000","2024-02-05T10:56:25.000","20"
"160961648","E42","16037996","Structure Fire / Smoke in Building","2016-04-05T00:00:00.000","2016-04-05T00:00:00.000","2016-04-05T12:15:36.000","2016-04-05T12:16:55.000","2016-04-05T12:18:26.000","2016-04-05T12:19:35.000","2016-04-05T12:23:11.000",,,"Fire","2016-04-05T12:24:04.000","SUNNYDALE AVE/GARRISON AVE","San Francisco","94134","B09","43","6241","3","3","3","true","Alarm","1","ENGINE","3","9","10","Visitacion Valley","160961648-E42","POINT (-122.41289 37.711037)","2024-02-05T03:27:52.000","2024-02-05T10:56:25.000","40"
"161033656","EMS6","16041056","Medical Incident","2016-04-12T00:00:00.000","2016-04-12T00:00:00.000","2016-04-12T19:56:44.000","2016-04-12T19:58:37.000","2016-04-12T21:46:25.000","2016-04-12T21:46:25.000","2016-04-12T21:46:25.000",,,"Code 2 Transport","2016-04-12T22:25:50.000","GEARY BLVD/40TH AVE","San Francisco","94121","B07","34","7264","2","2","2","false","Potentially Life-Threatening","1","CHIEF","2","7","1","Outer Richmond","161033656-EMS6","POINT (-122.5008 37.77935)","2024-02-05T03:27:52.000","2024-02-05T10:56:25.000","29"
"160952151","E03","16037658","Alarms","2016-04-04T00:00:00.000","2016-04-04T00:00:00.000","2016-04-04T14:18:14.000","2016-04-04T14:19:26.000","2016-04-04T14:19:52.000","2016-04-04T14:21:26.000","2016-04-04T14:24:08.000",,,"Fire","2016-04-04T14:28:33.000","VAN NESS AVE/AUSTIN ST","San Francisco","94109","B04","03","3156","3","3","3","true","Alarm","1","ENGINE","1","4","2","Western Addition","160952151-E03","POINT (-122.42214 37.788944)","2024-02-05T03:27:52.000","2024-02-05T10:56:25.000","21"
"161020509","B06","16040428","Alarms","2016-04-11T00:00:00.000","2016-04-10T00:00:00.000","2016-04-11T06:47:42.000","2016-04-11T06:50:11.000","2016-04-11T06:50:16.000","2016-04-11T06:52:37.000","2016-04-11T06:54:22.000",,,"Fire","2016-04-11T06:56:41.000","21ST ST/TREAT AVE","San Francisco","94110","B06","07","5447","3","3","3","false","Alarm","1","CHIEF","2","6","9","Mission","161020509-B06","POINT (-122.413445 37.757362)","2024-02-05T03:27:52.000","2024-02-05T10:56:25.000","20"
"161003618","T19","16039991","Structure Fire / Smoke in Building","2016-04-09T00:00:00.000","2016-04-09T00:00:00.000","2016-04-09T23:15:24.000","2016-04-09T23:17:47.000","2016-04-09T23:18:52.000","2016-04-09T23:20:59.000","2016-04-09T23:22:24.000",,,"Fire","2016-04-09T23:25:03.000","19TH ST/OAKWOOD ST","San Francisco","94110","B06","07","5435","3","3","3","false","Alarm","1","TRUCK","2","6","8","Mission","161003618-T19","POINT (-122.424866 37.759895)","2024-02-05T03:27:52.000","2024-02-05T10:56:25.000","20"
"160980754","73","16038806","Medical Incident","2016-04-07T00:00:00.000","2016-04-06T00:00:00.000","2016-04-07T07:37:47.000","2016-04-07T07:40:32.000","2016-04-07T07:41:30.000","2016-04-07T07:43:11.000",,,,"No Merit","2016-04-07T07:47:37.000","CESAR CHAVEZ ST/PRECITA AVE/YORK ST","San Francisco","94110","B06","09","5621","3","3","3","true","Non Life-threatening","1","MEDIC","2","6","9","Mission","160980754-73","POINT (-122.40788 37.748405)","2024-02-05T03:27:52.000","2024-02-05T10:56:25.000","2"
"160931421","61","16036826","Medical Incident","2016-04-02T00:00:00.000","2016-04-02T00:00:00.000","2016-04-02T11:36:10.000","2016-04-02T11:37:55.000","2016-04-02T11:53:11.000","2016-04-02T11:53:39.000","2016-04-02T12:24:27.000","2016-04-02T12:47:09.000","2016-04-02T12:52:43.000","Code 2 Transport","2016-04-02T13:39:02.000","JACKSON ST/GRANT AVE","San Francisco","94133","B01","01","1316","2","3","3","true","Potentially Life-Threatening","1","MEDIC","1","1","3","Chinatown","160931421-61","POINT (-122.406654 37.796024)","2024-02-05T03:27:52.000","2024-02-05T10:56:25.000","6"
"161010718","E25","16040093","Structure Fire / Smoke in Building","2016-04-10T00:00:00.000","2016-04-09T00:00:00.000","2016-04-10T06:21:44.000","2016-04-10T06:21:44.000","2016-04-10T06:23:34.000","2016-04-10T06:25:50.000","2016-04-10T06:27:17.000",,,"Fire","2016-04-10T06:27:41.000","QUINT ST/DAVIDSON AVE","San Francisco","94124","B10","25","6442","3","3","3","false","Alarm","1","ENGINE","1","10","10","Bayview Hunters Point","161010718-E25","POINT (-122.38976 37.74467)","2024-02-05T03:27:52.000","2024-02-05T10:56:25.000","1"
"161043147","E31","16041402","Medical Incident","2016-04-13T00:00:00.000","2016-04-13T00:00:00.000","2016-04-13T18:05:27.000","2016-04-13T18:06:46.000","2016-04-13T18:07:15.000","2016-04-13T18:08:57.000","2016-04-13T18:11:45.000",,,"Code 2 Transport","2016-04-13T18:24:20.000","CORNWALL ST/07TH AVE/CALIFORNIA ST","San Francisco","94118","B07","31","7127","2","2","2","false","Non Life-threatening","1","ENGINE","1","7","1","Inner Richmond","161043147-E31","POINT (-122.46563 37.78485)","2024-02-05T03:27:52.000","2024-02-05T10:56:25.000","11"
"032290172","E28","03065715","Medical Incident","2003-08-17T00:00:00.000","2003-08-17T00:00:00.000","2003-08-17T12:28:59.000","2003-08-17T12:31:17.000","2003-08-17T12:31:37.000","2003-08-17T12:32:30.000","2003-08-17T12:33:34.000",,,"Other","2003-08-17T12:41:17.000","UNION ST/POWELL ST","SF","94133","B01","28","1334","3","3","3","true",,"1","ENGINE","2","1","3","Chinatown","032290172-E28","POINT (-122.410835 37.80024)","2024-02-05T03:27:52.000","2024-02-05T10:56:25.000","6"
"160962226","KM11","16038048","Medical Incident","2016-04-05T00:00:00.000","2016-04-05T00:00:00.000","2016-04-05T14:30:40.000","2016-04-05T14:34:11.000","2016-04-05T14:35:07.000","2016-04-05T14:35:53.000","2016-04-05T14:44:12.000","2016-04-05T15:13:25.000","2016-04-05T15:23:13.000","Code 2 Transport","2016-04-05T16:02:02.000","AVALON AVE/PARIS ST","San Francisco","94112","B09","43","6131","2","2","2","false","Potentially Life-Threatening","1","PRIVATE","1","9","11","Excelsior","160962226-KM11","POINT (-122.43096 37.726925)","2024-02-05T03:27:52.000","2024-02-05T10:56:25.000","7"
"161033323","E03","16041033","Alarms","2016-04-12T00:00:00.000","2016-04-12T00:00:00.000","2016-04-12T18:26:44.000","2016-04-12T18:27:44.000","2016-04-12T18:28:13.000","2016-04-12T18:28:35.000",,,,"Fire","2016-04-12T18:33:53.000","EDDY ST/HYDE ST","San Francisco","94102","B02","03","1545","3","3","3","true","Alarm","1","ENGINE","1","2","6","Tenderloin","161033323-E03","POINT (-122.415886 37.783516)","2024-02-05T03:27:52.000","2024-02-05T10:56:25.000","36"
"161012030","53","16040214","Medical Incident","2016-04-10T00:00:00.000","2016-04-10T00:00:00.000","2016-04-10T14:37:55.000","2016-04-10T14:37:55.000","2016-04-10T14:38:44.000","2016-04-10T14:39:17.000",,,,"Cancelled","2016-04-10T14:59:45.000","04TH ST/ELLIS ST/MARKET ST/STOCKTON ST","San Francisco","94103","B03","01","2212","2","2","2","true","Non Life-threatening","1","MEDIC","1","1","6","South of Market","161012030-53","POINT (-122.40583 37.785744)","2024-02-05T03:27:52.000","2024-02-05T10:56:25.000","8"
"161032465","RC1","16040963","Medical Incident","2016-04-12T00:00:00.000","2016-04-12T00:00:00.000","2016-04-12T15:28:37.000","2016-04-12T15:29:49.000","2016-04-12T15:32:08.000","2016-04-12T15:32:08.000","2016-04-12T15:35:45.000",,,"Code 2 Transport","2016-04-12T15:41:32.000","11TH ST/KISSLING ST","San Francisco","94103","B02","36","5114","2","3","3","true","Potentially Life-Threatening","1","RESCUE CAPTAIN","2","2","6","South of Market","161032465-RC1","POINT (-122.415 37.772648)","2024-02-05T03:27:52.000","2024-02-05T10:56:25.000","34"
"160922262","81","16036496","Medical Incident","2016-04-01T00:00:00.000","2016-04-01T00:00:00.000","2016-04-01T15:34:58.000","2016-04-01T15:34:58.000","2016-04-01T15:36:04.000","2016-04-01T15:36:22.000",,,,"Other","2016-04-01T15:38:45.000","TAYLOR ST/EDDY ST","San Francisco","94102","B03","01","1453","3","3","3","true","Potentially Life-Threatening","1","MEDIC","1","3","6","Tenderloin","160922262-81","POINT (-122.41095 37.78414)","2024-02-05T03:27:52.000","2024-02-05T10:56:25.000","36"
"160932547","56","16036952","Medical Incident","2016-04-02T00:00:00.000","2016-04-02T00:00:00.000","2016-04-02T16:58:10.000","2016-04-02T16:58:16.000","2016-04-02T16:58:34.000","2016-04-02T16:59:02.000","2016-04-02T17:05:01.000","2016-04-02T17:11:36.000","2016-04-02T17:39:32.000","Code 2 Transport","2016-04-02T17:50:07.000","MASON ST/BEACH ST","San Francisco","94133","B01","28","1344","3","3","3","false","Potentially Life-Threatening","1","MEDIC","2","1","3","North Beach","160932547-56","POINT (-122.41398 37.807484)","2024-02-05T03:27:52.000","2024-02-05T10:56:25.000","23"
"160923560","70","16036616","Medical Incident","2016-04-01T00:00:00.000","2016-04-01T00:00:00.000","2016-04-01T21:29:03.000","2016-04-01T21:32:53.000","2016-04-01T21:33:06.000","2016-04-01T21:33:15.000","2016-04-01T21:37:34.000","2016-04-01T21:49:27.000","2016-04-01T21:54:21.000","Code 2 Transport","2016-04-01T22:08:22.000","MCALLISTER ST/BREEN PL","San Francisco","94102","B02","03","1553","2","2","2","true","Non Life-threatening","1","MEDIC","1","2","6","Tenderloin","160923560-70","POINT (-122.41614 37.780617)","2024-02-05T03:27:52.000","2024-02-05T10:56:25.000","36"
"161002192","68","16039827","Medical Incident","2016-04-09T00:00:00.000","2016-04-09T00:00:00.000","2016-04-09T16:11:42.000","2016-04-09T16:12:42.000","2016-04-09T16:13:01.000","2016-04-09T16:13:23.000","2016-04-09T16:19:45.000","2016-04-09T16:29:01.000","2016-04-09T16:37:50.000","Code 2 Transport","2016-04-09T17:09:51.000","EDDY ST/MASON ST","San Francisco","94102","B03","01","1365","3","3","3","true","Potentially Life-Threatening","1","MEDIC","2","3","6","Tenderloin","161002192-68","POINT (-122.40931 37.784348)","2024-02-05T03:27:52.000","2024-02-05T10:56:25.000","36"
"160961952","88","16038030","Medical Incident","2016-04-05T00:00:00.000","2016-04-05T00:00:00.000","2016-04-05T13:29:32.000","2016-04-05T13:29:32.000","2016-04-05T13:31:36.000","2016-04-05T13:31:47.000","2016-04-05T13:44:59.000","2016-04-05T14:01:21.000","2016-04-05T14:13:25.000","Code 2 Transport","2016-04-05T15:00:14.000","WAWONA ST/15TH AVE","San Francisco","94127","B08","39","7356","2","2","2","true","Non Life-threatening","1","MEDIC","1","8","7","West of Twin Peaks","160961952-88","POINT (-122.47096 37.737648)","2024-02-05T03:27:52.000","2024-02-05T10:56:25.000","41"
"161023767","E42","16040712","Structure Fire / Smoke in Building","2016-04-11T00:00:00.000","2016-04-11T00:00:00.000","2016-04-11T21:21:10.000","2016-04-11T21:22:18.000","2016-04-11T21:22:41.000","2016-04-11T21:23:57.000",,,,"Fire","2016-04-11T21:26:23.000","BLYTHDALE AVE/BROOKDALE AVE","San Francisco","94134","B09","43","6241","3","A","2","true","Alarm","1","ENGINE","12","9","10","Visitacion Valley","161023767-E42","POINT (-122.42224 37.711315)","2024-02-05T03:27:52.000","2024-02-05T10:56:25.000","40"
"161032325","E25","16040953","Outside Fire","2016-04-12T00:00:00.000","2016-04-12T00:00:00.000","2016-04-12T14:54:19.000","2016-04-12T14:54:19.000","2016-04-12T14:54:33.000",,,,,"Fire","2016-04-12T14:55:34.000","QUESADA AVE/HAWES ST","San Francisco","94124","B10","17","6634","3","3","3","false","Fire","1","ENGINE","7","10","10","Bayview Hunters Point","161032325-E25","POINT (-122.382126 37.72805)","2024-02-05T03:27:52.000","2024-02-05T10:56:25.000","1"
"160933051","E32","16036998","Alarms","2016-04-02T00:00:00.000","2016-04-02T00:00:00.000","2016-04-02T19:07:40.000","2016-04-02T19:10:28.000","2016-04-02T19:10:49.000","2016-04-02T19:12:08.000","2016-04-02T19:14:52.000",,,"Fire","2016-04-02T19:18:50.000","FAIRMOUNT ST/MIGUEL ST","San Francisco","94131","B06","26","8133","3","3","3","false","Alarm","1","ENGINE","1","6","8","Glen Park","160933051-E32","POINT (-122.42873 37.738503)","2024-02-05T03:27:52.000","2024-02-05T10:56:25.000","10"
